manufacturer,name,gpuName,architecture,generation,releaseDate,baseClock,boostClock,memoryClock,memorySize,memoryType,memoryBus,memoryBandwidth,shaders,tensorCores,rtCores,fp32,fp16,fp64,tdp,cuda,processSize,transistors,dieSize,foundry,busInterface,sms,l2Cache,url
ATI,Color Emulation Card,CW16800-A,Wonder,MDA/CGA,1986-08-04,10.0,10.0,5.0,3.2e-05,DRAM,32,0.02,,,,,,,,,800,,90.0,,ISA 8-bit,,,https://www.techpowerup.com/gpu-specs/color-emulation-card.c3760
ATI,Graphics Solution,CW16800-A,Wonder,MDA/CGA,1986-09-22,10.0,10.0,5.0,6.4e-05,DRAM,32,0.02,,,,,,,,,800,,90.0,,ISA 8-bit,,,https://www.techpowerup.com/gpu-specs/graphics-solution.c3176
ATI,EGA Wonder 800+,18800-1,Wonder,EGA,1988-01-01,25.0,25.0,8.0,0.00025,DRAM,32,0.032,,,,,,,,,800,,90.0,NEC,ISA 8-bit,,,https://www.techpowerup.com/gpu-specs/ega-wonder-800.c3182
ATI,Graphics Solution Plus,CW16800-B,Wonder,MDA/CGA,1987-03-23,10.0,10.0,5.0,6.4e-05,DRAM,32,0.02,,,,,,,,,800,,90.0,,ISA 8-bit,,,https://www.techpowerup.com/gpu-specs/graphics-solution-plus.c3175
ATI,VGA Improved Performance,CHIPS P82C441,Wonder,VGA,1987-09-28,10.0,10.0,10.0,0.00025,DRAM,32,0.04,,,,,,,,,800,,,,ISA 8-bit,,,https://www.techpowerup.com/gpu-specs/vga-improved-performance.c3181
ATI,EGA Wonder 480,CHIPS P82C435,Wonder,EGA,1988-12-26,10.0,10.0,8.0,0.00025,DRAM,32,0.032,,,,,,,,,800,,,,ISA 8-bit,,,https://www.techpowerup.com/gpu-specs/ega-wonder-480.c3179
ATI,VGA Wonder,18800-1,Wonder,VGA,1990-02-05,10.0,10.0,10.0,0.00025,DRAM,32,0.04,,,,,,,,,800,,90.0,NEC,ISA 8-bit,,,https://www.techpowerup.com/gpu-specs/vga-wonder.c3163
ATI,8514-Ultra,Mach8,Mach,Mach 8,1992-01-01,10.0,10.0,10.0,0.001,VRAM,32,0.04,,,,,,,,,800,,90.0,NEC,ISA 16-bit,,,https://www.techpowerup.com/gpu-specs/8514-ultra.c3161
ATI,Graphics Ultra,Mach8,Mach,Mach 8,1992-01-01,10.0,10.0,10.0,0.001,VRAM,32,0.04,,,,,,,,,800,,90.0,NEC,ISA 16-bit,,,https://www.techpowerup.com/gpu-specs/graphics-ultra.c2031
ATI,Graphics Ultra Pro ISA,Mach32,Mach,Mach 32,1992-01-01,10.0,10.0,10.0,0.002,DRAM,64,0.08,,,,,,,,,700,,90.0,,ISA 16-bit,,,https://www.techpowerup.com/gpu-specs/graphics-ultra-pro-isa.c2032
ATI,Graphics Vantage,Mach8,Mach,Mach 8,1992-01-01,10.0,10.0,10.0,0.001,DRAM,32,0.04,,,,,,,,,800,,90.0,NEC,ISA 16-bit,,,https://www.techpowerup.com/gpu-specs/graphics-vantage.c1680
ATI,Graphics Wonder PCI,Mach32,Mach,Mach 32,1992-01-01,10.0,10.0,10.0,0.001,DRAM,64,0.08,,,,,,,,,700,,90.0,,PCI,,,https://www.techpowerup.com/gpu-specs/graphics-wonder-pci.c3169
ATI,Graphics Wonder VLB,Mach32,Mach,Mach 32,1992-01-01,10.0,10.0,10.0,0.001,DRAM,64,0.08,,,,,,,,,700,,90.0,,VLB,,,https://www.techpowerup.com/gpu-specs/graphics-wonder-vlb.c3162
ATI,VGA Wonder XL24,28800-6,Wonder,VGA,1992-03-16,10.0,10.0,10.0,0.001,DRAM,32,0.04,,,,,,,,,800,,90.0,NEC,ISA 16-bit,,,https://www.techpowerup.com/gpu-specs/vga-wonder-xl24.c2039
ATI,Graphics Ultra Pro PCI,Mach32,Mach,Mach 32,1993-01-01,66.0,66.0,83.0,0.001,DRAM,64,0.664,,,,,,,,,700,,90.0,,PCI,,,https://www.techpowerup.com/gpu-specs/graphics-ultra-pro-pci.c2440
ATI,Graphics Ultra Pro VLB,Mach32,Mach,Mach 32,1993-01-01,10.0,10.0,10.0,0.001,VRAM,64,0.08,,,,,,,,,700,,90.0,,VLB,,,https://www.techpowerup.com/gpu-specs/graphics-ultra-pro-vlb.c2033
ATI,Graphics Ultra XLR VLB,Mach32,Mach,Mach 32,1993-01-01,10.0,10.0,10.0,0.001,VRAM,64,0.08,,,,,,,,,700,,90.0,,VLB,,,https://www.techpowerup.com/gpu-specs/graphics-ultra-xlr-vlb.c3171
Sony,Playstation GPU 600nm,GTE,,Console GPU(Sony),1994-12-03,53.0,53.0,33.0,0.001,VRAM,32,0.132,,,,,,,11,,600,,128.0,Sony,,,,https://www.techpowerup.com/gpu-specs/playstation-gpu-600nm.c3707
NVIDIA,NV1,NV1,,NV1,1995-09-30,75.0,75.0,60.0,0.002,EDO,64,0.48,,,,,,,2,,500,,135.0,ST,PCI,,,https://www.techpowerup.com/gpu-specs/nv1.c2015
NVIDIA,STG-2000,NV1,,NV1,1995-09-30,75.0,75.0,50.0,0.001,FPM,64,0.4,,,,,,,2,,500,,135.0,ST,PCI,,,https://www.techpowerup.com/gpu-specs/stg-2000.c1312
ATI,Graphics Pro Turbo,Mach64,Mach,Mach 64,1995-01-01,40.0,40.0,40.0,0.002,VRAM,64,0.32,,,,,,,,,600,,90.0,,PCI,,,https://www.techpowerup.com/gpu-specs/graphics-pro-turbo.c3173
ATI,Graphics Xpression,Mach64,Mach,Mach 64,1995-11-01,40.0,40.0,40.0,0.002,EDO,64,0.32,,,,,,,,,600,,90.0,,PCI,,,https://www.techpowerup.com/gpu-specs/graphics-xpression.c883
ATI,Graphics Xpression ISA,Mach64,Mach,Mach 64,1995-01-01,40.0,40.0,40.0,0.002,DRAM,64,0.32,,,,,,,,,600,,90.0,,PCI,,,https://www.techpowerup.com/gpu-specs/graphics-xpression-isa.c3174
ATI,Video Xpression,Mach64,Mach,Mach 64,1996-05-21,62.0,62.0,62.0,0.001,EDO,64,0.496,,,,,,,,,600,,90.0,,PCI,,,https://www.techpowerup.com/gpu-specs/video-xpression.c3164
ATI,WinBoost,Mach64,Mach,Mach 64,1995-11-01,40.0,40.0,40.0,0.002,EDO,64,0.32,,,,,,,,,600,,90.0,,PCI,,,https://www.techpowerup.com/gpu-specs/winboost.c3172
ATI,WinCharger,Mach64,Mach,Mach 64,1995-11-01,40.0,40.0,40.0,0.002,EDO,64,0.32,,,,,,,,,600,,90.0,,PCI,,,https://www.techpowerup.com/gpu-specs/wincharger.c3168
ATI,WinTurbo,Mach64,Mach,Mach 64,1995-01-01,40.0,40.0,40.0,0.002,VRAM,64,0.32,,,,,,,,,600,,90.0,,PCI,,,https://www.techpowerup.com/gpu-specs/winturbo.c2030
ATI,3D Rage,Mach64 GT,Mach,Rage,1996-04-01,44.0,44.0,66.0,0.002,EDO,64,0.528,,,,,,,,,500,0.01,90.0,,PCI,,,https://www.techpowerup.com/gpu-specs/3d-rage.c3166
ATI,3D Rage II,Mach64 GT-B,Mach,Rage 2,1996-09-05,60.0,60.0,83.0,0.004,SDR,64,0.664,,,,,,,,,500,0.01,86.0,SGS Microelettronica,PCI,,,https://www.techpowerup.com/gpu-specs/3d-rage-ii.c873
ATI,3D Rage II+ DVD,Mach64 GT-B,Mach,Rage 2,1996-09-01,60.0,60.0,83.0,0.004,SDR,64,0.664,,,,,,,,,500,0.01,86.0,UMC,PCI,,,https://www.techpowerup.com/gpu-specs/3d-rage-ii-dvd.c871
ATI,All-In-Wonder 3D Rage II+ DVD,Mach64 GT-B,Mach,All-In-Wonder(3D Rage),1996-09-01,60.0,60.0,83.0,0.004,SDR,64,0.664,,,,,,,,,500,0.01,86.0,UMC,PCI,,,https://www.techpowerup.com/gpu-specs/all-in-wonder-3d-rage-ii-dvd.c4078
3dfx,Voodoo Graphics 4 MB,SST1,,Voodoo1,1996-10-07,50.0,50.0,50.0,0.004,EDO,128,0.8,,,,,,,15,,500,,135.0,TSMC,PCI,,,https://www.techpowerup.com/gpu-specs/voodoo-graphics-4-mb.c3570
NVIDIA,Riva 128,NV3,,Riva,1997-04-01,100.0,100.0,100.0,0.004,SDR,128,1.6,,,,,,,4,,350,,71.0,ST,AGP 2x,,,https://www.techpowerup.com/gpu-specs/riva-128.c1306
NVIDIA,Riva 128 PCI,NV3,,Riva,1997-04-01,100.0,100.0,100.0,0.004,SDR,128,1.6,,,,,,,4,,350,,71.0,ST,PCI,,,https://www.techpowerup.com/gpu-specs/riva-128-pci.c1307
ATI,3D Rage IIC AGP,Rage IIC,Rage 2,Rage 2,1997-04-01,60.0,60.0,83.0,0.004,SDR,64,0.664,,,,,,,,,500,0.01,39.0,UMC,AGP 2x,,,https://www.techpowerup.com/gpu-specs/3d-rage-iic-agp.c1719
ATI,3D Rage IIC PCI,Rage IIC,Rage 2,Rage 2,1997-04-01,60.0,60.0,83.0,0.002,SDR,64,0.664,,,,,,,,,500,0.01,39.0,UMC,PCI,,,https://www.techpowerup.com/gpu-specs/3d-rage-iic-pci.c874
ATI,3D Rage PRO AGP,Rage PRO,Rage 3,Rage 3,1997-03-01,75.0,75.0,75.0,0.002,SDR,64,0.6,,,,,,,,,350,0.01,47.0,UMC,AGP 1x,,,https://www.techpowerup.com/gpu-specs/3d-rage-pro-agp.c4359
ATI,3D Rage PRO AGP 2X,Rage PRO,Rage 3,Rage 3,1997-03-01,75.0,75.0,75.0,0.002,SDR,64,0.6,,,,,,,,,350,0.01,47.0,UMC,AGP 2x,,,https://www.techpowerup.com/gpu-specs/3d-rage-pro-agp-2x.c4360
ATI,3D Rage PRO PCI,Rage PRO,Rage 3,Rage 3,1997-03-01,75.0,75.0,75.0,0.008,SDR,64,0.6,,,,,,,,,350,0.01,47.0,UMC,PCI,,,https://www.techpowerup.com/gpu-specs/3d-rage-pro-pci.c1717
ATI,Rage LT PRO AGP,Mach64 LT,Mach,Rage Mobility,1997-11-01,75.0,75.0,100.0,0.008,SDR,64,0.8,,,,,,,,,500,,90.0,UMC,AGP 2x,,,https://www.techpowerup.com/gpu-specs/rage-lt-pro-agp.c1594
ATI,Rage PRO Turbo AGP,Rage PRO Turbo,Rage 3,Rage 3,1997-03-01,75.0,75.0,75.0,0.004,SDR,64,0.6,,,,,,,,,350,0.01,67.0,UMC,AGP 1x,,,https://www.techpowerup.com/gpu-specs/rage-pro-turbo-agp.c876
ATI,Rage PRO Turbo PCI,Rage PRO Turbo,Rage 3,Rage 3,1997-03-01,75.0,75.0,75.0,0.008,SDR,64,0.6,,,,,,,,,350,0.01,67.0,UMC,PCI,,,https://www.techpowerup.com/gpu-specs/rage-pro-turbo-pci.c1715
ATI,XPert XL AGP 2X,Rage PRO,Rage 3,Rage 3,1997-03-01,75.0,75.0,100.0,0.002,SDR,64,0.8,,,,,,,,,350,0.01,47.0,UMC,AGP 2x,,,https://www.techpowerup.com/gpu-specs/xpert-xl-agp-2x.c875
Sony,Playstation GPU 350nm,GTE-2,,Console GPU(Sony),1997-11-13,53.0,53.0,33.0,0.001,SGRAM,32,0.132,,,,,,,10,,350,,128.0,Sony,,,,https://www.techpowerup.com/gpu-specs/playstation-gpu-350nm.c3708
NVIDIA,Riva 128ZX,NV3,,Riva,1998-02-23,100.0,100.0,100.0,0.008,SDR,128,1.6,,,,,,,,,350,,71.0,ST,AGP 2x,,,https://www.techpowerup.com/gpu-specs/riva-128zx.c1311
NVIDIA,Riva TNT,NV4,Fahrenheit,Riva,1998-03-23,90.0,90.0,110.0,0.016,SDR,128,1.76,,,,,,,,,350,0.01,128.0,TSMC,AGP 2x,,,https://www.techpowerup.com/gpu-specs/riva-tnt.c1308
Intel,i740,Auburn,i740,Graphics,1998-02-12,66.0,66.0,100.0,0.004,SDR,64,0.8,,,,,,,,,150,,,Intel,AGP 2x,,,https://www.techpowerup.com/gpu-specs/i740.c1288
Intel,i740 8 MB,Auburn,i740,Graphics,1998-02-12,66.0,66.0,100.0,0.008,SDR,64,0.8,,,,,,,,,150,,,Intel,AGP 2x,,,https://www.techpowerup.com/gpu-specs/i740-8-mb.c1551
Intel,i740 Graphics,Auburn,i740,Graphics(IGP),1998-01-01,66.0,66.0,,,System Shared,,,,,,,,,,,150,,,Intel,AGP 2x,,,https://www.techpowerup.com/gpu-specs/i740-graphics.c1550
Intel,i752 Graphics,Portola,Generation 1.0,Graphics(IGP),1998-01-01,100.0,100.0,,,System Shared,,,,,,,,,,,150,,,Intel,AGP 2x,,,https://www.techpowerup.com/gpu-specs/i752-graphics.c1289
ATI,Rage 128 GL,Rage 128,Rage 4,Rage GL,1998-08-27,80.0,80.0,60.0,0.032,SDR,128,0.96,,,,,,,,,250,0.01,89.0,TSMC,AGP 2x,,,https://www.techpowerup.com/gpu-specs/rage-128-gl.c877
ATI,Rage 128 GL PCI,Rage 128,Rage 4,Rage GL,1998-08-27,103.0,103.0,103.0,0.032,SDR,128,1.648,,,,,,,,,250,0.01,89.0,TSMC,PCI,,,https://www.techpowerup.com/gpu-specs/rage-128-gl-pci.c1718
ATI,Rage 128 PRO Ultra GL,Rage 128,Rage 4,Rage GL,1998-08-01,130.0,130.0,130.0,0.016,DDR,64,2.08,,,,,,,,,250,0.01,89.0,TSMC,AGP 4x,,,https://www.techpowerup.com/gpu-specs/rage-128-pro-ultra-gl.c2184
ATI,Rage 128 VR AGP,Rage 128,Rage 4,Rage 4,1998-08-01,80.0,80.0,125.0,0.032,DDR,64,2.0,,,,,,,,,250,0.01,89.0,TSMC,AGP 2x,,,https://www.techpowerup.com/gpu-specs/rage-128-vr-agp.c879
ATI,Rage 128 VR PCI,Rage 128,Rage 4,Rage 4,1998-08-01,80.0,80.0,125.0,0.032,DDR,64,2.0,,,,,,,,,250,0.01,89.0,TSMC,PCI,,,https://www.techpowerup.com/gpu-specs/rage-128-vr-pci.c3693
ATI,Rage XL PCI,Rage XL,Rage 3,Rage 3,1999-01-11,83.0,83.0,83.0,0.008,SDR,32,0.332,,,,,,,,,350,0.01,47.0,TSMC,PCI,,,https://www.techpowerup.com/gpu-specs/rage-xl-pci.c3167
3dfx,Voodoo Banshee AGP 16 MB,Banshee,,Voodoo Banshee,1998-06-22,100.0,100.0,100.0,0.016,SDR,128,1.6,,,,,,,15,,350,,137.0,TSMC,AGP 1x,,,https://www.techpowerup.com/gpu-specs/voodoo-banshee-agp-16-mb.c3561
3dfx,Voodoo Banshee PCI 16 MB,Banshee,,Voodoo Banshee,1998-06-22,100.0,100.0,100.0,0.016,SDR,128,1.6,,,,,,,15,,350,,137.0,TSMC,PCI,,,https://www.techpowerup.com/gpu-specs/voodoo-banshee-pci-16-mb.c3562
3dfx,Voodoo2 12 MB,SST2,,Voodoo2,1998-02-02,90.0,90.0,90.0,0.012,EDO,192,2.16,,,,,,,15,,350,,119.0,TSMC,PCI,,,https://www.techpowerup.com/gpu-specs/voodoo2-12-mb.c3560
3dfx,Voodoo2 8 MB,SST2,,Voodoo2,1998-02-02,90.0,90.0,90.0,0.008,EDO,192,2.16,,,,,,,15,,350,,119.0,TSMC,PCI,,,https://www.techpowerup.com/gpu-specs/voodoo2-8-mb.c3569
Matrox,Marvel G200,Eclipse,G200,G Series(G2xx),1998-01-01,84.0,84.0,112.0,0.008,SDR,64,0.896,,,,,,,,,350,0.01,,UMC,AGP 2x,,,https://www.techpowerup.com/gpu-specs/marvel-g200.c3724
Matrox,Millennium G200,Eclipse,G200,G Series(G2xx),1998-01-01,84.0,84.0,143.0,0.008,SGR,64,1.144,,,,,,,,,350,0.01,,UMC,PCI,,,https://www.techpowerup.com/gpu-specs/millennium-g200.c3729
Matrox,Millennium G200 SD,Eclipse,G200,G Series(G2xx),1998-01-01,84.0,84.0,112.0,0.008,SDR,64,0.896,,,,,,,,,350,0.01,,UMC,PCI,,,https://www.techpowerup.com/gpu-specs/millennium-g200-sd.c3722
Matrox,Mystique G200,Eclipse,G200,G Series(G2xx),1998-01-01,84.0,84.0,112.0,0.008,SDR,64,0.896,,,,,,,,,350,0.01,,UMC,AGP 2x,,,https://www.techpowerup.com/gpu-specs/mystique-g200.c3723
Matrox,Productiva G100,Twister,G100,G Series(G1xx),1998-01-01,41.0,41.0,62.0,0.002,SGR,64,0.496,,,,,,,,,350,,,UMC,AGP 2x,,,https://www.techpowerup.com/gpu-specs/productiva-g100.c3727
NVIDIA,GeForce 256 DDR,NV10,Celsius,GeForce 256,1999-12-23,120.0,120.0,150.0,0.032,DDR,128,4.8,,,,,,,,,220,0.02,139.0,TSMC,AGP 4x,,,https://www.techpowerup.com/gpu-specs/geforce-256-ddr.c734
NVIDIA,GeForce 256 SDR,NV10,Celsius,GeForce 256,1999-10-11,120.0,120.0,143.0,0.032,SDR,64,1.144,,,,,,,,,220,0.02,139.0,TSMC,AGP 4x,,,https://www.techpowerup.com/gpu-specs/geforce-256-sdr.c731
NVIDIA,Quadro,NV10,Celsius,Quadro Celsius,1999-01-01,135.0,135.0,166.0,0.032,SDR,128,2.656,,,,,,,,,220,0.02,139.0,TSMC,AGP 4x,,,https://www.techpowerup.com/gpu-specs/quadro.c1374
NVIDIA,Riva TNT2,NV5,Fahrenheit,TNT2,1999-10-12,125.0,125.0,150.0,0.016,SDR,128,2.4,,,,,,,,,250,0.01,63.0,TSMC,AGP 4x,,,https://www.techpowerup.com/gpu-specs/riva-tnt2.c4130
NVIDIA,Riva TNT2 M64,NV5,Fahrenheit,TNT2,1999-10-12,125.0,125.0,143.0,0.016,SDR,64,1.144,,,,,,,,,250,0.01,63.0,TSMC,AGP 4x,,,https://www.techpowerup.com/gpu-specs/riva-tnt2-m64.c1304
NVIDIA,Riva TNT2 M64 Vanta,NV5,Fahrenheit,TNT2,1999-03-22,100.0,100.0,133.0,0.016,SDR,64,1.064,,,,,,,,,250,0.01,63.0,TSMC,AGP 4x,,,https://www.techpowerup.com/gpu-specs/riva-tnt2-m64-vanta.c1310
NVIDIA,Riva TNT2 M64 Vanta-16,NV5,Fahrenheit,TNT2,1999-03-22,100.0,100.0,133.0,0.016,SDR,64,1.064,,,,,,,,,250,0.01,63.0,TSMC,AGP 4x,,,https://www.techpowerup.com/gpu-specs/riva-tnt2-m64-vanta-16.c1305
NVIDIA,Riva TNT2 PRO,NV5,Fahrenheit,TNT2,1999-10-12,143.0,143.0,167.0,0.032,SDR,128,2.672,,,,,,,,,250,0.01,63.0,TSMC,AGP 4x,,,https://www.techpowerup.com/gpu-specs/riva-tnt2-pro.c1303
NVIDIA,Riva TNT2 Ultra,NV5,Fahrenheit,TNT2,1999-03-15,150.0,150.0,183.0,0.032,SDR,128,2.928,,,,,,,,,250,0.01,63.0,TSMC,AGP 4x,,,https://www.techpowerup.com/gpu-specs/riva-tnt2-ultra.c1302
Intel,i752,Portola,Generation 1.0,Graphics,1999-04-27,100.0,100.0,133.0,0.016,SDR,64,1.064,,,,,,,,,150,,,Intel,AGP 2x,,,https://www.techpowerup.com/gpu-specs/i752.c3671
Intel,i810 Graphics,Whitney,Generation 1.0,Graphics(IGP),1999-01-01,133.0,133.0,,,System Shared,,,,,,,,,,,150,,,Intel,FSB,,,https://www.techpowerup.com/gpu-specs/i810-graphics.c1290
ATI,All-In-Wonder 128,Rage 128,Rage 4,All-In-Wonder(128),1999-06-16,90.0,90.0,90.0,0.032,SDR,128,1.44,,,,,,,,,250,0.01,89.0,TSMC,AGP 4x,,,https://www.techpowerup.com/gpu-specs/all-in-wonder-128.c3653
ATI,All-In-Wonder 128 PCI,Rage 128,Rage 4,All-In-Wonder(128),1999-06-16,90.0,90.0,90.0,0.016,SDR,128,1.44,,,,,,,,,250,0.01,89.0,TSMC,PCI,,,https://www.techpowerup.com/gpu-specs/all-in-wonder-128-pci.c1761
ATI,All-In-Wonder 128 PRO,Rage 128 PRO,Rage 4,All-In-Wonder(128),1999-06-16,120.0,120.0,120.0,0.032,SDR,128,1.92,,,,,,,,,250,0.01,98.0,UMC,AGP 4x,,,https://www.techpowerup.com/gpu-specs/all-in-wonder-128-pro.c1762
ATI,All-In-Wonder 128 PRO Ultra,Rage 128,Rage 4,All-In-Wonder(128),1999-06-16,134.0,134.0,134.0,0.032,SDR,128,2.144,,,,,,,,,250,0.01,89.0,TSMC,AGP 4x,,,https://www.techpowerup.com/gpu-specs/all-in-wonder-128-pro-ultra.c3652
ATI,Fire GL1,IBM,IBM,Fire GL,1999-03-01,45.0,45.0,100.0,0.032,SDR,256,3.2,,,,,,,,,250,,,IBM,AGP 2x,,,https://www.techpowerup.com/gpu-specs/fire-gl1.c3661
ATI,Rage 128 PRO,Rage 128 PRO,Rage 4,Rage 4,1999-08-01,118.0,118.0,143.0,0.032,SDR,128,2.288,,,,,,,,,250,0.01,98.0,UMC,AGP 4x,,,https://www.techpowerup.com/gpu-specs/rage-128-pro.c1716
ATI,Rage 128 PRO Ultra,Rage 128 PRO,Rage 4,Rage 4,1999-08-01,130.0,130.0,130.0,0.032,SDR,64,1.04,,,,,,,,,250,0.01,98.0,UMC,AGP 4x,,,https://www.techpowerup.com/gpu-specs/rage-128-pro-ultra.c2034
ATI,Rage 128 Ultra,Rage 128 PRO,Rage 4,Rage 4,1999-08-01,130.0,130.0,130.0,0.016,DDR,64,2.08,,,,,,,,,250,0.01,98.0,UMC,AGP 4x,,,https://www.techpowerup.com/gpu-specs/rage-128-ultra.c1721
ATI,Rage Fury,Rage 128 PRO,Rage 4,Rage 4,1999-08-01,80.0,80.0,120.0,0.032,SDR,128,1.92,,,,,,,,,250,0.01,98.0,UMC,AGP 2x,,,https://www.techpowerup.com/gpu-specs/rage-fury.c878
ATI,Rage Fury MAXX,Rage 128 PRO,Rage 4,Rage 4,1999-10-01,125.0,125.0,143.0,0.032,SDR,128,2.288,,,,,,,,,250,0.01,98.0,UMC,AGP 4x,,,https://www.techpowerup.com/gpu-specs/rage-fury-maxx.c644
ATI,Rage Mobility 128 AGP 2X,M3,Rage 4,Rage Mobility(128),1999-10-01,105.0,105.0,105.0,0.016,SDR,64,0.84,,,,,,,,,250,0.01,70.0,TSMC,AGP 2x,,,https://www.techpowerup.com/gpu-specs/rage-mobility-128-agp-2x.c1217
ATI,Rage Mobility 128 AGP 4X,M4,Rage 4,Rage Mobility(128),1999-10-01,105.0,105.0,105.0,0.016,DDR,64,1.68,,,,,,,,,250,0.01,70.0,TSMC,AGP 4x,,,https://www.techpowerup.com/gpu-specs/rage-mobility-128-agp-4x.c1787
ATI,Rage Mobility-CL,Rage Mobility,Rage 4,Rage Mobility,1999-02-01,75.0,75.0,70.0,0.008,SDR,64,0.56,,,,,,,,,350,,70.0,TSMC,AGP 2x,,,https://www.techpowerup.com/gpu-specs/rage-mobility-cl.c2177
ATI,Rage Mobility-M,Rage Mobility,Rage 4,Rage Mobility(Mx),1999-02-01,75.0,75.0,70.0,0.004,SDR,64,0.56,,,,,,,,,350,,70.0,TSMC,AGP 2x,,,https://www.techpowerup.com/gpu-specs/rage-mobility-m.c2176
ATI,Rage Mobility-M1,M1,Rage 4,Rage Mobility(Mx),1999-02-01,83.0,83.0,125.0,0.008,SDR,64,1.0,,,,,,,,,250,0.01,70.0,TSMC,AGP 2x,,,https://www.techpowerup.com/gpu-specs/rage-mobility-m1.c1593
ATI,Rage Mobility-M3,M3,Rage 4,Rage Mobility(Mx),1999-10-01,105.0,105.0,105.0,0.008,SDR,64,0.84,,,,,,,,,250,0.01,70.0,TSMC,AGP 2x,,,https://www.techpowerup.com/gpu-specs/rage-mobility-m3.c2178
ATI,Rage Mobility-M4,M4,Rage 4,Rage Mobility(Mx),1999-10-01,105.0,105.0,105.0,0.016,SDR,64,0.84,,,,,,,,,250,0.01,70.0,TSMC,AGP 4x,,,https://www.techpowerup.com/gpu-specs/rage-mobility-m4.c2179
ATI,Rage Mobility-P,Rage Mobility,Rage 4,Rage Mobility,1999-02-01,75.0,75.0,70.0,0.008,SDR,64,0.56,,,,,,,,,350,,70.0,TSMC,AGP 2x,,,https://www.techpowerup.com/gpu-specs/rage-mobility-p.c2175
3dfx,Velocity 100,Avenger,,Voodoo3,1999-07-26,143.0,143.0,143.0,0.008,SDR,128,2.288,,,,,,,15,,250,,74.0,TSMC,AGP 2x,,,https://www.techpowerup.com/gpu-specs/velocity-100.c3552
3dfx,Voodoo3 1000 AGP,Avenger,,Voodoo3,1999-03-01,143.0,143.0,143.0,0.016,SDR,128,2.288,,,,,,,15,,250,,74.0,TSMC,AGP 2x,,,https://www.techpowerup.com/gpu-specs/voodoo3-1000-agp.c3554
3dfx,Voodoo3 2000 AGP,Avenger,,Voodoo3,1999-04-03,143.0,143.0,143.0,0.016,SDR,128,2.288,,,,,,,15,,250,,74.0,TSMC,AGP 2x,,,https://www.techpowerup.com/gpu-specs/voodoo3-2000-agp.c3568
3dfx,Voodoo3 2000 PCI,Avenger,,Voodoo3,1999-04-03,143.0,143.0,143.0,0.016,SDR,128,2.288,,,,,,,15,,250,,74.0,TSMC,PCI,,,https://www.techpowerup.com/gpu-specs/voodoo3-2000-pci.c3556
3dfx,Voodoo3 3000 AGP,Avenger,,Voodoo3,1999-04-03,166.0,166.0,166.0,0.016,SDR,128,2.656,,,,,,,15,,250,,74.0,TSMC,AGP 2x,,,https://www.techpowerup.com/gpu-specs/voodoo3-3000-agp.c3555
3dfx,Voodoo3 3000 PCI,Avenger,,Voodoo3,1999-04-03,166.0,166.0,166.0,0.016,SDR,128,2.656,,,,,,,15,,250,,74.0,TSMC,PCI,,,https://www.techpowerup.com/gpu-specs/voodoo3-3000-pci.c3553
3dfx,Voodoo3 3500 TV AGP,Avenger,,Voodoo3,1999-06-01,183.0,183.0,183.0,0.016,SDR,128,2.928,,,,,,,15,,250,,74.0,TSMC,AGP 2x,,,https://www.techpowerup.com/gpu-specs/voodoo3-3500-tv-agp.c3557
Matrox,Marvel G400-TV,Toucan,G400,G Series(G4xx),1999-05-20,125.0,125.0,166.0,0.016,SDR,128,2.656,,,,,,,,,250,0.01,,UMC,PCI,,,https://www.techpowerup.com/gpu-specs/marvel-g400-tv.c3721
Matrox,Millennium G200A,Calao,G200,G Series(G2xx),1999-01-01,84.0,84.0,112.0,0.008,SDR,64,0.896,,,,,,,,,250,0.01,,UMC,PCI,,,https://www.techpowerup.com/gpu-specs/millennium-g200a.c3725
Matrox,Millennium G250,Calao,G200,G Series(G2xx),1999-01-01,96.0,96.0,128.0,0.008,SDR,64,1.024,,,,,,,,,250,0.01,,UMC,PCI,,,https://www.techpowerup.com/gpu-specs/millennium-g250.c3726
Matrox,Millennium G400,Toucan,G400,G Series(G4xx),1999-05-20,125.0,125.0,166.0,0.032,SDR,128,2.656,,,,,,,,,250,0.01,,UMC,PCI,,,https://www.techpowerup.com/gpu-specs/millennium-g400.c3720
Matrox,Millennium G400 MAX,Toucan,G400,G Series(G4xx),1999-05-20,150.0,150.0,200.0,0.032,SDR,128,3.2,,,,,,,,,250,0.01,,UMC,PCI,,,https://www.techpowerup.com/gpu-specs/millennium-g400-max.c3719
NVIDIA,GeForce2 Go,NV11B,Celsius,GeForce2 Go,2000-11-11,143.0,143.0,166.0,0.064,DDR,64,2.656,,,,,,,2,,180,0.02,64.0,TSMC,AGP 4x,,,https://www.techpowerup.com/gpu-specs/geforce2-go.c1554
NVIDIA,GeForce2 GTS,NV15,Celsius,GeForce 2,2000-04-26,200.0,200.0,166.0,0.032,DDR,128,5.312,,,,,,,,,180,0.03,88.0,TSMC,AGP 4x,,,https://www.techpowerup.com/gpu-specs/geforce2-gts.c797
NVIDIA,GeForce2 GTS PRO,NV15,Celsius,GeForce 2,2000-04-26,200.0,200.0,200.0,0.032,DDR,128,6.4,,,,,,,,,180,0.03,88.0,TSMC,AGP 4x,,,https://www.techpowerup.com/gpu-specs/geforce2-gts-pro.c1722
NVIDIA,GeForce2 MX,NV11,Celsius,GeForce 2 MX,2000-06-28,175.0,175.0,166.0,0.032,SDR,128,2.656,,,,,,,,,180,0.02,64.0,TSMC,AGP 4x,,,https://www.techpowerup.com/gpu-specs/geforce2-mx.c792
NVIDIA,GeForce2 MX DH Pro TV,NV11,Celsius,GeForce 2 MX,2000-06-28,175.0,175.0,166.0,0.032,SDR,128,2.656,,,,,,,,,180,0.02,64.0,TSMC,AGP 4x,,,https://www.techpowerup.com/gpu-specs/geforce2-mx-dh-pro-tv.c929
NVIDIA,GeForce2 MX DH Pro TV PCI,NV11,Celsius,GeForce 2 MX PCI,2000-06-28,175.0,175.0,166.0,0.032,SDR,128,2.656,,,,,,,,,180,0.02,64.0,TSMC,PCI,,,https://www.techpowerup.com/gpu-specs/geforce2-mx-dh-pro-tv-pci.c928
NVIDIA,GeForce2 MX PCI,NV11,Celsius,GeForce 2 MX PCI,2000-06-28,175.0,175.0,166.0,0.032,SDR,64,1.328,,,,,,,,,180,0.02,64.0,TSMC,PCI,,,https://www.techpowerup.com/gpu-specs/geforce2-mx-pci.c791
NVIDIA,GeForce2 PRO,NV15,Celsius,GeForce 2,2000-12-05,200.0,200.0,200.0,0.064,DDR,128,6.4,,,,,,,,,180,0.03,88.0,TSMC,AGP 4x,,,https://www.techpowerup.com/gpu-specs/geforce2-pro.c795
NVIDIA,GeForce2 Ultra,NV15,Celsius,GeForce 2,2000-08-14,250.0,250.0,230.0,0.064,DDR,128,7.36,,,,,,,,,180,0.03,88.0,TSMC,AGP 4x,,,https://www.techpowerup.com/gpu-specs/geforce2-ultra.c736
NVIDIA,Quadro2 MXR,NV11B,Celsius,Quadro2 Celcius,2000-07-25,200.0,200.0,183.0,0.032,SDR,128,2.928,,,,,,,,,180,0.02,64.0,TSMC,AGP 4x,,,https://www.techpowerup.com/gpu-specs/quadro2-mxr.c1360
NVIDIA,Quadro2 MXR Low Profile,NV11B,Celsius,Quadro2 Celcius,2000-07-25,200.0,200.0,183.0,0.032,SDR,128,2.928,,,,,,,,,180,0.02,64.0,TSMC,AGP 4x,,,https://www.techpowerup.com/gpu-specs/quadro2-mxr-low-profile.c1361
NVIDIA,Vanta LT,NV5,Fahrenheit,TNT2,2000-03-01,105.0,105.0,100.0,0.008,SDR,64,0.8,,,,,,,,,250,0.01,63.0,TSMC,AGP 2x,,,https://www.techpowerup.com/gpu-specs/vanta-lt.c1309
Intel,i815 Graphics,Solano,Generation 1.0,Graphics(IGP),2000-01-01,133.0,133.0,,,System Shared,,,,,,,,,,,150,,,Intel,FSB,,,https://www.techpowerup.com/gpu-specs/i815-graphics.c1291
ATI,All-In-Wonder Radeon 7200,R100,Rage 6,All-In-Wonder(7000),2000-07-31,166.0,166.0,166.0,0.032,DDR,128,5.312,,,,,,,,,180,0.03,111.0,TSMC,PCI,,,https://www.techpowerup.com/gpu-specs/all-in-wonder-radeon-7200.c1720
ATI,Fire GL2,GT1000,IBM,Fire GL,2000-06-01,120.0,120.0,120.0,0.064,DDR,256,7.68,,,,,,,,,180,,100.0,IBM,AGP 4x,,,https://www.techpowerup.com/gpu-specs/fire-gl2.c3658
ATI,Fire GL3,GT1000,IBM,Fire GL,2000-06-01,120.0,120.0,125.0,0.128,DDR,256,8.0,,,,,,,,,180,,100.0,IBM,AGP 4x,,,https://www.techpowerup.com/gpu-specs/fire-gl3.c3659
ATI,GameCube GPU,Flipper,Rage 5,Console GPU(Nintendo),2000-08-24,162.0,162.0,162.0,0.016,SDR,64,1.296,,,,,,,45,,180,0.05,120.0,NEC,,,,https://www.techpowerup.com/gpu-specs/gamecube-gpu.c1918
ATI,Radeon 7200,R100,Rage 6,Radeon R100(7200),2000-06-01,143.0,143.0,143.0,0.032,SDR,128,2.288,,,,,,,23,,180,0.03,111.0,TSMC,AGP 4x,,,https://www.techpowerup.com/gpu-specs/radeon-7200.c700
ATI,Radeon 7200 64 MB,R100,Rage 6,Radeon R100(7200),2000-04-01,166.0,166.0,166.0,0.064,DDR,128,5.312,,,,,,,23,,180,0.03,111.0,TSMC,AGP 4x,,,https://www.techpowerup.com/gpu-specs/radeon-7200-64-mb.c699
ATI,Radeon DDR,Rage 6,Rage 6,Rage 6,2000-04-01,166.0,166.0,166.0,0.032,DDR,128,5.312,,,,,,,23,,180,0.03,115.0,TSMC,AGP 4x,,,https://www.techpowerup.com/gpu-specs/radeon-ddr.c1155
ATI,Radeon DDR MAXX,Rage 6,Rage 6,Rage 6,2000-06-01,148.0,148.0,148.0,0.032,DDR,128,4.736,,,,,,,,,180,0.03,115.0,TSMC,AGP 2x,,,https://www.techpowerup.com/gpu-specs/radeon-ddr-maxx.c2326
ATI,Radeon SDR,Rage 6,Rage 6,Rage 6,2000-06-01,166.0,166.0,166.0,0.032,SDR,128,2.656,,,,,,,23,,180,0.03,115.0,TSMC,AGP 4x,,,https://www.techpowerup.com/gpu-specs/radeon-sdr.c1152
ATI,Radeon SDR PCI,Rage 6,Rage 6,Rage 6,2000-06-01,166.0,166.0,166.0,0.032,SDR,128,2.656,,,,,,,23,,180,0.03,115.0,TSMC,PCI,,,https://www.techpowerup.com/gpu-specs/radeon-sdr-pci.c3024
3dfx,Voodoo4 4500 AGP,VSA-100,Voodoo Scalable,Voodoo4,2000-10-13,166.0,166.0,166.0,0.032,SDR,128,2.656,,,,,,,15,,250,0.01,112.0,TSMC,AGP 4x,,,https://www.techpowerup.com/gpu-specs/voodoo4-4500-agp.c3548
3dfx,Voodoo4 4500 PCI,VSA-100,Voodoo Scalable,Voodoo4,2000-10-13,166.0,166.0,166.0,0.032,SDR,128,2.656,,,,,,,15,,250,0.01,112.0,TSMC,PCI,,,https://www.techpowerup.com/gpu-specs/voodoo4-4500-pci.c3547
3dfx,Voodoo5 5500 AGP,VSA-100,Voodoo Scalable,Voodoo5,2000-06-22,166.0,166.0,166.0,0.032,SDR,128,2.656,,,,,,,30,,250,0.01,112.0,TSMC,AGP 2x,,,https://www.techpowerup.com/gpu-specs/voodoo5-5500-agp.c3531
3dfx,Voodoo5 5500 PCI,VSA-100,Voodoo Scalable,Voodoo5,2000-06-22,166.0,166.0,166.0,0.032,SDR,128,2.656,,,,,,,30,,250,0.01,112.0,TSMC,PCI,,,https://www.techpowerup.com/gpu-specs/voodoo5-5500-pci.c3532
Matrox,Millennium G450,Condor,G400,G Series(G4xx),2000-04-01,125.0,125.0,166.0,0.032,DDR,64,2.656,,,,,,,,,180,0.01,,UMC,PCI,,,https://www.techpowerup.com/gpu-specs/millennium-g450.c1922
Matrox,Millennium G450 LP,Condor,G400,G Series(G4xx),2000-04-01,125.0,125.0,166.0,0.032,DDR,64,2.656,,,,,,,,,180,0.01,,UMC,AGP 4x,,,https://www.techpowerup.com/gpu-specs/millennium-g450-lp.c3529
Sony,Playstation 2 GPU 250nm,GS-250nm,,Console GPU(Sony),2000-03-04,147.0,147.0,150.0,0.004,eDRAM,2560,48.0,,,,,,,79,,250,0.05,279.0,Sony,,,,https://www.techpowerup.com/gpu-specs/playstation-2-gpu-250nm.c3702
NVIDIA,GeForce2 Go 100,NV11B,Celsius,GeForce2 Go,2001-02-06,125.0,125.0,166.0,0.016,DDR,32,1.328,,,,,,,2,,180,0.02,64.0,TSMC,AGP 4x,,,https://www.techpowerup.com/gpu-specs/geforce2-go-100.c1559
NVIDIA,GeForce2 Go 200,NV11B,Celsius,GeForce2 Go,2001-02-06,143.0,143.0,166.0,0.032,DDR,64,2.656,,,,,,,2,,180,0.02,64.0,TSMC,AGP 4x,,,https://www.techpowerup.com/gpu-specs/geforce2-go-200.c1560
NVIDIA,GeForce2 MX + nForce 220,Crush11,Celsius,GeForce 2 MX IGP,2001-06-04,175.0,175.0,,,System Shared,,,,,,,,,,,180,0.02,65.0,,AGP 4x,,,https://www.techpowerup.com/gpu-specs/geforce2-mx-nforce-220.c2013
NVIDIA,GeForce2 MX + nForce 420,Crush11,Celsius,GeForce 2 MX IGP,2001-06-04,175.0,175.0,,,System Shared,,,,,,,,,,,180,0.02,65.0,,AGP 4x,,,https://www.techpowerup.com/gpu-specs/geforce2-mx-nforce-420.c3259
NVIDIA,GeForce2 MX 200,NV11B,Celsius,GeForce 2 MX,2001-03-03,175.0,175.0,166.0,0.032,SDR,64,1.328,,,,,,,,,180,0.02,64.0,TSMC,AGP 4x,,,https://www.techpowerup.com/gpu-specs/geforce2-mx-200.c788
NVIDIA,GeForce2 MX 200 LP,NV11B,Celsius,GeForce 2 MX,2001-03-03,175.0,175.0,166.0,0.032,SDR,64,1.328,,,,,,,,,180,0.02,64.0,TSMC,AGP 4x,,,https://www.techpowerup.com/gpu-specs/geforce2-mx-200-lp.c2131
NVIDIA,GeForce2 MX 200 PCI,NV11B,Celsius,GeForce 2 MX PCI,2001-03-03,175.0,175.0,166.0,0.064,SDR,64,1.328,,,,,,,,,180,0.02,64.0,TSMC,PCI,,,https://www.techpowerup.com/gpu-specs/geforce2-mx-200-pci.c787
NVIDIA,GeForce2 MX 400,NV11B,Celsius,GeForce 2 MX,2001-03-03,200.0,200.0,166.0,0.032,SDR,128,2.656,,,,,,,,,180,0.02,64.0,TSMC,AGP 4x,,,https://www.techpowerup.com/gpu-specs/geforce2-mx-400.c790
NVIDIA,GeForce2 MX 400 PCI,NV11B,Celsius,GeForce 2 MX PCI,2001-03-03,200.0,200.0,166.0,0.032,DDR,64,2.656,,,,,,,,,180,0.02,64.0,TSMC,PCI,,,https://www.techpowerup.com/gpu-specs/geforce2-mx-400-pci.c927
NVIDIA,GeForce2 Ti,NV15,Celsius,GeForce 2,2001-10-01,250.0,250.0,200.0,0.064,DDR,128,6.4,,,,,,,,,180,0.03,88.0,TSMC,AGP 4x,,,https://www.techpowerup.com/gpu-specs/geforce2-ti.c794
NVIDIA,GeForce3,NV20,Kelvin,GeForce 3,2001-02-27,200.0,200.0,230.0,0.064,DDR,128,7.36,,,,,,,,,150,0.06,128.0,TSMC,AGP 4x,,,https://www.techpowerup.com/gpu-specs/geforce3.c738
NVIDIA,GeForce3 Ti200,NV20,Kelvin,GeForce 3,2001-10-01,175.0,175.0,200.0,0.064,DDR,128,6.4,,,,,,,,,150,0.06,128.0,TSMC,AGP 4x,,,https://www.techpowerup.com/gpu-specs/geforce3-ti200.c742
NVIDIA,GeForce3 Ti500,NV20,Kelvin,GeForce 3,2001-10-01,240.0,240.0,250.0,0.064,DDR,128,8.0,,,,,,,,,150,0.06,128.0,TSMC,AGP 4x,,,https://www.techpowerup.com/gpu-specs/geforce3-ti500.c741
NVIDIA,Quadro DCC,NV20,Kelvin,Quadro2 Celcius,2001-05-14,200.0,200.0,230.0,0.064,SDR,128,3.68,,,,,,,,,150,0.06,128.0,TSMC,AGP 4x,,,https://www.techpowerup.com/gpu-specs/quadro-dcc.c2371
NVIDIA,Quadro2 Go,NV11B,Celsius,Quadro2 Go,2001-08-14,143.0,143.0,181.0,0.032,DDR,64,2.896,,,,,,,,,180,0.02,64.0,TSMC,AGP 4x,,,https://www.techpowerup.com/gpu-specs/quadro2-go.c3385
NVIDIA,Quadro2 Pro,NV15,Celsius,Quadro2 Celcius,2001-03-22,200.0,200.0,250.0,0.064,DDR,128,8.0,,,,,,,,,180,0.03,88.0,TSMC,AGP 4x,,,https://www.techpowerup.com/gpu-specs/quadro2-pro.c2372
NVIDIA,Xbox GPU,NV2A,Kelvin,Console GPU(Microsoft),2001-11-15,233.0,233.0,200.0,0.064,DDR,128,6.4,,,,,,,,,150,0.06,142.0,TSMC,,,,https://www.techpowerup.com/gpu-specs/xbox-gpu.c1866
Intel,i830M Graphics,Almador,Generation 1.0,Graphics-M(IGP),2001-01-01,166.0,200.0,,,System Shared,,,,,,,,,,,150,,,Intel,FSB,,,https://www.techpowerup.com/gpu-specs/i830m-graphics.c1910
ATI,All-In-Wonder Radeon 8500,R200,Rage 7,All-In-Wonder(8500),2001-11-14,275.0,275.0,275.0,0.128,DDR,128,8.8,,,,,,,,,150,0.06,120.0,TSMC,AGP 8x,,,https://www.techpowerup.com/gpu-specs/all-in-wonder-radeon-8500.c865
ATI,All-In-Wonder Radeon 8500DV,R200,Rage 7,All-In-Wonder(8500),2001-08-30,230.0,230.0,190.0,0.064,DDR,128,6.08,,,,,,,,,150,0.06,120.0,TSMC,AGP 8x,,,https://www.techpowerup.com/gpu-specs/all-in-wonder-radeon-8500dv.c864
ATI,Fire GL4,GT1000,IBM,Fire GL,2001-03-14,150.0,150.0,150.0,0.128,DDR,256,9.6,,,,,,,,,180,,100.0,IBM,AGP Pro 8x,,,https://www.techpowerup.com/gpu-specs/fire-gl4.c3660
ATI,FireGL 8700,R200,Rage 7,FireGL(8000),2001-08-14,250.0,250.0,270.0,0.064,DDR,128,8.64,,,,,,,,,150,0.06,120.0,TSMC,AGP 4x,,,https://www.techpowerup.com/gpu-specs/firegl-8700.c1382
ATI,FireGL 8800,R200,Rage 7,FireGL(8000),2001-08-14,300.0,300.0,290.0,0.128,DDR,128,9.28,,,,,,,,,150,0.06,120.0,TSMC,AGP 4x,,,https://www.techpowerup.com/gpu-specs/firegl-8800.c1381
ATI,Mobility FireGL 7800,M7,Rage 7,Mobility FireGL,2001-09-29,280.0,280.0,200.0,0.064,DDR,128,6.4,,,,,,,27,,150,0.06,68.0,TSMC,AGP 4x,,,https://www.techpowerup.com/gpu-specs/mobility-firegl-7800.c1589
ATI,Mobility Radeon 7500,M7,Rage 7,M7(Mobility 7500),2001-12-01,230.0,230.0,183.0,0.032,DDR,64,2.928,,,,,,,27,,150,0.06,68.0,TSMC,AGP 4x,,,https://www.techpowerup.com/gpu-specs/mobility-radeon-7500.c1214
ATI,Mobility Radeon 7500C,M7,Rage 7,M7(Mobility 7500),2001-12-01,230.0,230.0,183.0,0.016,DDR,64,2.928,,,,,,,27,,150,0.06,68.0,TSMC,AGP 4x,,,https://www.techpowerup.com/gpu-specs/mobility-radeon-7500c.c1590
ATI,Radeon 7000,RV100,Rage 6,Radeon R100(7000),2001-02-19,183.0,183.0,183.0,0.032,DDR,64,2.928,,,,,,,23,,180,0.03,80.0,TSMC,AGP 4x,,,https://www.techpowerup.com/gpu-specs/radeon-7000.c648
ATI,Radeon 7000 PCI,RV100,Rage 6,Radeon R100(7000),2001-02-19,133.0,133.0,133.0,0.032,DDR,64,2.128,,,,,,,23,,180,0.03,80.0,TSMC,PCI,,,https://www.techpowerup.com/gpu-specs/radeon-7000-pci.c649
ATI,Radeon 7500,RV200,Rage 7,Radeon R200(7500),2001-08-14,290.0,290.0,230.0,0.064,DDR,128,7.36,,,,,,,23,,150,0.06,83.0,TSMC,AGP 4x,,,https://www.techpowerup.com/gpu-specs/radeon-7500.c645
ATI,Radeon 7500 LE,RV200,Rage 7,Radeon R200(7500),2001-08-14,250.0,250.0,175.0,0.064,DDR,128,5.6,,,,,,,23,,150,0.06,83.0,TSMC,AGP 4x,,,https://www.techpowerup.com/gpu-specs/radeon-7500-le.c647
ATI,Radeon 8500,R200,Rage 7,Radeon R200(8500),2001-08-14,275.0,275.0,275.0,0.064,DDR,128,8.8,,,,,,,23,,150,0.06,120.0,TSMC,AGP 4x,,,https://www.techpowerup.com/gpu-specs/radeon-8500.c93
ATI,Radeon DDR VIVO,Rage 6,Rage 6,Rage 6,2001-08-14,183.0,183.0,183.0,0.064,DDR,128,5.856,,,,,,,,,180,0.03,115.0,TSMC,AGP 4x,,,https://www.techpowerup.com/gpu-specs/radeon-ddr-vivo.c1153
ATI,Radeon DDR VIVO OEM,Rage 6,Rage 6,Rage 6,2001-08-14,166.0,166.0,166.0,0.064,DDR,128,5.312,,,,,,,,,180,0.03,115.0,TSMC,AGP 4x,,,https://www.techpowerup.com/gpu-specs/radeon-ddr-vivo-oem.c841
ATI,Radeon DDR VIVO SE,Rage 6,Rage 6,Rage 6,2001-08-14,183.0,183.0,183.0,0.064,DDR,128,5.856,,,,,,,,,180,0.03,115.0,TSMC,AGP 4x,,,https://www.techpowerup.com/gpu-specs/radeon-ddr-vivo-se.c843
ATI,Radeon LE,Rage 6,Rage 6,Rage 6,2001-05-01,148.0,148.0,148.0,0.032,DDR,128,4.736,,,,,,,,,180,0.03,115.0,TSMC,AGP 4x,,,https://www.techpowerup.com/gpu-specs/radeon-le.c650
ATI,Radeon VE AGP,Rage 6,Rage 6,Rage 6,2001-02-19,183.0,183.0,183.0,0.032,DDR,64,2.928,,,,,,,23,,180,0.03,115.0,TSMC,AGP 4x,,,https://www.techpowerup.com/gpu-specs/radeon-ve-agp.c1158
ATI,Radeon VE PCI,Rage 6,Rage 6,Rage 6,2001-02-19,183.0,183.0,183.0,0.032,DDR,64,2.928,,,,,,,23,,180,0.03,115.0,TSMC,PCI,,,https://www.techpowerup.com/gpu-specs/radeon-ve-pci.c1157
Matrox,Millennium G550,Condor,G500,G Series(G5xx),2001-11-26,125.0,125.0,166.0,0.032,DDR,64,2.656,,,,,,,,,180,0.01,,UMC,AGP 4x,,,https://www.techpowerup.com/gpu-specs/millennium-g550.c1920
Matrox,Millennium G550 PCIe,Condor,G500,G Series(G5xx),2001-11-26,125.0,125.0,166.0,0.032,DDR,64,2.656,,,,,,,,,180,0.01,,UMC,PCIe 1.0 x1,,,https://www.techpowerup.com/gpu-specs/millennium-g550-pcie.c1921
Sony,Playstation 2 GPU 180nm,GS-180nm,,Console GPU(Sony),2001-04-18,147.0,147.0,150.0,0.004,eDRAM,2560,48.0,,,,,,,79,,180,0.05,188.0,Sony,,,,https://www.techpowerup.com/gpu-specs/playstation-2-gpu-180nm.c3705
NVIDIA,GeForce4 410 Go,NV17,Celsius,GeForce4 Go,2002-02-06,200.0,200.0,200.0,0.016,DDR,64,3.2,,,,,,,,,150,0.03,65.0,TSMC,AGP 4x,,,https://www.techpowerup.com/gpu-specs/geforce4-410-go.c1825
NVIDIA,GeForce4 420 Go,NV17,Celsius,GeForce4 Go,2002-02-06,200.0,200.0,200.0,0.032,DDR,64,3.2,,,,,,,,,150,0.03,65.0,TSMC,AGP 4x,,,https://www.techpowerup.com/gpu-specs/geforce4-420-go.c1553
NVIDIA,GeForce4 440 Go,NV17,Celsius,GeForce4 Go,2002-02-06,220.0,220.0,220.0,0.064,DDR,128,7.04,,,,,,,,,150,0.03,65.0,TSMC,AGP 4x,,,https://www.techpowerup.com/gpu-specs/geforce4-440-go.c1555
NVIDIA,GeForce4 448 Go,NV18,Celsius,GeForce4 Go,2002-03-01,200.0,200.0,200.0,0.064,DDR,128,6.4,,,,,,,,,150,0.03,65.0,TSMC,AGP 8x,,,https://www.techpowerup.com/gpu-specs/geforce4-448-go.c1826
NVIDIA,GeForce4 460 Go,NV17,Celsius,GeForce4 Go,2002-10-14,250.0,250.0,250.0,0.064,DDR,128,8.0,,,,,,,,,150,0.03,65.0,TSMC,AGP 4x,,,https://www.techpowerup.com/gpu-specs/geforce4-460-go.c1556
NVIDIA,GeForce4 488 Go,NV18,Celsius,GeForce4 Go,2002-03-01,300.0,300.0,275.0,0.064,DDR,128,8.8,,,,,,,,,150,0.03,65.0,TSMC,AGP 8x,,,https://www.techpowerup.com/gpu-specs/geforce4-488-go.c1557
NVIDIA,GeForce4 Go 4200,NV28,Kelvin,GeForce4 Go,2002-11-14,200.0,200.0,200.0,0.064,DDR,64,3.2,,,,,,,,,150,0.06,142.0,TSMC,AGP 8x,,,https://www.techpowerup.com/gpu-specs/geforce4-go-4200.c1558
NVIDIA,GeForce4 MX + nForce2,Crush17,Celsius,GeForce 4 MX IGP,2002-10-01,200.0,200.0,,,System Shared,,,,,,,,,,,150,0.03,65.0,,AGP 4x,,,https://www.techpowerup.com/gpu-specs/geforce4-mx-nforce2.c2014
NVIDIA,GeForce4 MX 420,NV17,Celsius,GeForce 4 MX,2002-02-06,250.0,250.0,166.0,0.064,SDR,128,2.656,,,,,,,,,150,0.03,65.0,TSMC,AGP 4x,,,https://www.techpowerup.com/gpu-specs/geforce4-mx-420.c777
NVIDIA,GeForce4 MX 420 PCI,NV17,Celsius,GeForce 4 MX,2002-02-06,250.0,250.0,166.0,0.064,SDR,64,1.328,,,,,,,,,150,0.03,65.0,TSMC,PCI,,,https://www.techpowerup.com/gpu-specs/geforce4-mx-420-pci.c778
NVIDIA,GeForce4 MX 440,NV17,Celsius,GeForce 4 MX,2002-02-06,275.0,275.0,200.0,0.064,DDR,128,6.4,,,,,,,,,150,0.03,65.0,TSMC,AGP 4x,,,https://www.techpowerup.com/gpu-specs/geforce4-mx-440.c781
NVIDIA,GeForce4 MX 440 Mac Edition,NV17,Celsius,GeForce 4 MX,2002-02-06,275.0,275.0,200.0,0.064,DDR,128,6.4,,,,,,,,,150,0.03,65.0,TSMC,AGP 4x,,,https://www.techpowerup.com/gpu-specs/geforce4-mx-440-mac-edition.c3374
NVIDIA,GeForce4 MX 440-8x,NV18,Celsius,GeForce 4 MX,2002-09-25,275.0,275.0,250.0,0.064,DDR,128,8.0,,,,,,,,,150,0.03,65.0,TSMC,AGP 8x,,,https://www.techpowerup.com/gpu-specs/geforce4-mx-440-8x.c783
NVIDIA,GeForce4 MX 440-SE,NV17,Celsius,GeForce 4 MX,2002-02-06,250.0,250.0,166.0,0.064,DDR,128,5.312,,,,,,,,,150,0.03,65.0,TSMC,AGP 4x,,,https://www.techpowerup.com/gpu-specs/geforce4-mx-440-se.c780
NVIDIA,GeForce4 MX 460,NV17,Celsius,GeForce 4 MX,2002-02-06,300.0,300.0,225.0,0.064,DDR,128,7.2,,,,,,,,,150,0.03,65.0,TSMC,AGP 4x,,,https://www.techpowerup.com/gpu-specs/geforce4-mx-460.c786
NVIDIA,GeForce4 Ti 4200,NV25,Kelvin,GeForce 4 Ti,2002-02-06,250.0,250.0,250.0,0.064,DDR,64,4.0,,,,,,,,,150,0.06,142.0,TSMC,AGP 4x,,,https://www.techpowerup.com/gpu-specs/geforce4-ti-4200.c2134
NVIDIA,GeForce4 Ti 4200-8X,NV28,Kelvin,GeForce 4 Ti,2002-02-06,250.0,250.0,250.0,0.064,SDR,128,4.0,,,,,,,,,150,0.06,142.0,TSMC,AGP 8x,,,https://www.techpowerup.com/gpu-specs/geforce4-ti-4200-8x.c2356
NVIDIA,GeForce4 Ti 4400,NV25,Kelvin,GeForce 4 Ti,2002-02-06,275.0,275.0,275.0,0.128,DDR,128,8.8,,,,,,,,,150,0.06,142.0,TSMC,AGP 4x,,,https://www.techpowerup.com/gpu-specs/geforce4-ti-4400.c180
NVIDIA,GeForce4 Ti 4600,NV25,Kelvin,GeForce 4 Ti,2002-02-06,300.0,300.0,324.0,0.128,DDR,128,10.37,,,,,,,,,150,0.06,142.0,TSMC,AGP 4x,,,https://www.techpowerup.com/gpu-specs/geforce4-ti-4600.c178
NVIDIA,Quadro4 380 XGL,NV18,Celsius,Quadro4 Celcius(x80),2002-11-12,275.0,275.0,256.0,0.128,DDR,128,8.192,,,,,,,,,150,0.03,65.0,TSMC,AGP 8x,,,https://www.techpowerup.com/gpu-specs/quadro4-380-xgl.c1358
NVIDIA,Quadro4 500 Go GL,NV17,Celsius,Quadro4 Go,2002-04-23,220.0,220.0,220.0,0.064,SDR,128,3.52,,,,,,,,,150,0.03,65.0,TSMC,AGP 4x,,,https://www.techpowerup.com/gpu-specs/quadro4-500-go-gl.c1827
NVIDIA,Quadro4 500 XGL,NV17,Celsius,Quadro4 Celcius(x00),2002-02-19,250.0,250.0,166.0,0.128,SDR,128,2.656,,,,,,,,,150,0.03,65.0,TSMC,AGP 4x,,,https://www.techpowerup.com/gpu-specs/quadro4-500-xgl.c1373
NVIDIA,Quadro4 550 XGL,NV17,Celsius,Quadro4 Celcius(x50),2002-02-19,270.0,270.0,200.0,0.064,DDR,128,6.4,,,,,,,,,150,0.03,65.0,TSMC,AGP 4x,,,https://www.techpowerup.com/gpu-specs/quadro4-550-xgl.c1370
NVIDIA,Quadro4 580 XGL,NV18,Celsius,Quadro4 Celcius(x80),2002-11-12,300.0,300.0,200.0,0.064,DDR,128,6.4,,,,,,,,,150,0.03,65.0,TSMC,AGP 8x,,,https://www.techpowerup.com/gpu-specs/quadro4-580-xgl.c1359
NVIDIA,Quadro4 700 XGL,NV25,Kelvin,Quadro4 Celcius(x00),2002-02-19,275.0,275.0,225.0,0.064,DDR,128,7.2,,,,,,,,,150,0.06,142.0,TSMC,AGP 4x,,,https://www.techpowerup.com/gpu-specs/quadro4-700-xgl.c1371
NVIDIA,Quadro4 750 XGL,NV25,Kelvin,Quadro4 Celcius(x50),2002-02-19,275.0,275.0,225.0,0.128,DDR,128,7.2,,,,,,,,,150,0.06,142.0,TSMC,AGP 4x,,,https://www.techpowerup.com/gpu-specs/quadro4-750-xgl.c1372
NVIDIA,Quadro4 900 XGL,NV25,Kelvin,Quadro4 Celcius(x00),2002-02-19,300.0,300.0,325.0,0.128,DDR,128,10.4,,,,,,,,,150,0.06,142.0,TSMC,AGP 4x,,,https://www.techpowerup.com/gpu-specs/quadro4-900-xgl.c1369
NVIDIA,Quadro4 980 XGL,NV28,Kelvin,Quadro4 Celcius(x80),2002-11-12,300.0,300.0,325.0,0.128,DDR,128,10.4,,,,,,,,,150,0.06,142.0,TSMC,AGP 8x,,,https://www.techpowerup.com/gpu-specs/quadro4-980-xgl.c1357
Intel,Extreme Graphics,Brookdale,Generation 2.0,Extreme Graphics(IGP),2002-01-01,200.0,200.0,,,System Shared,,,,,,,,,,,150,,,Intel,FSB,,,https://www.techpowerup.com/gpu-specs/extreme-graphics.c1283
Intel,i830MG Graphics,Almador,Generation 1.0,Graphics-M(IGP),2002-01-01,100.0,166.0,,,System Shared,,,,,,,,,,,150,,,Intel,FSB,,,https://www.techpowerup.com/gpu-specs/i830mg-graphics.c1284
ATI,All-In-Wonder 9500,R300,R300,All-In-Wonder(9000),2002-07-01,277.0,277.0,270.0,0.128,DDR,128,8.64,,,,,,,,,150,0.11,215.0,TSMC,AGP 8x,,,https://www.techpowerup.com/gpu-specs/all-in-wonder-9500.c1858
ATI,All-In-Wonder Radeon 7500,RV200,Rage 7,All-In-Wonder(7000),2002-04-16,260.0,260.0,180.0,0.064,DDR,128,5.76,,,,,,,,,150,0.06,83.0,TSMC,AGP 8x,,,https://www.techpowerup.com/gpu-specs/all-in-wonder-radeon-7500.c863
ATI,All-In-Wonder Radeon 7500 VE,RV200,Rage 7,All-In-Wonder(7000),2002-04-16,260.0,260.0,250.0,0.064,DDR,128,8.0,,,,,,,,,150,0.06,83.0,TSMC,PCI,,,https://www.techpowerup.com/gpu-specs/all-in-wonder-radeon-7500-ve.c3651
ATI,FireGL 9500 Z1-128,R300,R300,FireGL(9000),2002-10-01,325.0,325.0,310.0,0.128,DDR,256,19.84,,,,,,,,,150,0.11,215.0,TSMC,AGP 8x,,,https://www.techpowerup.com/gpu-specs/firegl-9500-z1-128.c1383
ATI,FireGL 9700 X1-128,R300,R300,FireGL(9000),2002-07-23,325.0,325.0,310.0,0.128,DDR,256,19.84,,,,,,,,,150,0.11,215.0,TSMC,AGP 8x,,,https://www.techpowerup.com/gpu-specs/firegl-9700-x1-128.c1379
ATI,FireGL 9700 X1-256,R300,R300,FireGL(9000),2002-07-23,325.0,325.0,310.0,0.25,DDR,256,19.84,,,,,,,37,,150,0.11,215.0,TSMC,AGP 8x,,,https://www.techpowerup.com/gpu-specs/firegl-9700-x1-256.c1378
ATI,FireGL 9700 X1-256p,R300,R300,FireGL(9000),2002-07-23,324.0,324.0,276.0,0.25,DDR,256,17.66,,,,,,,37,,150,0.11,215.0,TSMC,AGP Pro 8x,,,https://www.techpowerup.com/gpu-specs/firegl-9700-x1-256p.c3650
ATI,Mobility FireGL 9000,M9,Rage 7,Mobility FireGL,2002-01-01,250.0,250.0,200.0,0.064,DDR,128,6.4,,,,,,,,,150,0.04,81.0,TSMC,AGP 4x,,,https://www.techpowerup.com/gpu-specs/mobility-firegl-9000.c1659
ATI,Mobility Radeon 9000,M9,Rage 7,M9(Mobility 9000),2002-09-01,240.0,240.0,200.0,0.064,DDR,64,3.2,,,,,,,,,150,0.04,81.0,TSMC,AGP 4x,,,https://www.techpowerup.com/gpu-specs/mobility-radeon-9000.c2182
ATI,Mobility Radeon-P,M6,Rage 6,M6(Mobility),2002-01-01,166.0,166.0,166.0,0.032,DDR,64,2.656,,,,,,,,,180,0.03,115.0,TSMC,AGP 4x,,,https://www.techpowerup.com/gpu-specs/mobility-radeon-p.c1213
ATI,Radeon 7500 Mac Edition,RV200,Rage 7,Radeon R200(7500),2002-04-16,260.0,260.0,180.0,0.032,DDR,128,5.76,,,,,,,23,,150,0.06,83.0,TSMC,AGP 4x,,,https://www.techpowerup.com/gpu-specs/radeon-7500-mac-edition.c646
ATI,Radeon 8500 LE,R200,Rage 7,Radeon R200(8500),2002-02-04,250.0,250.0,250.0,0.064,DDR,128,8.0,,,,,,,23,,150,0.06,120.0,TSMC,AGP 4x,,,https://www.techpowerup.com/gpu-specs/radeon-8500-le.c94
ATI,Radeon 9000,RV250,Rage 7,Radeon R200(9000),2002-07-01,250.0,250.0,200.0,0.064,DDR,128,6.4,,,,,,,28,,150,0.04,97.0,TSMC,AGP 4x,,,https://www.techpowerup.com/gpu-specs/radeon-9000.c72
ATI,Radeon 9000 LE,RV250,Rage 7,Radeon R200(9000),2002-07-01,250.0,250.0,200.0,0.064,DDR,128,6.4,,,,,,,28,,150,0.04,97.0,TSMC,AGP 4x,,,https://www.techpowerup.com/gpu-specs/radeon-9000-le.c932
ATI,Radeon 9000 PRO,RV250,Rage 7,Radeon R200(9000),2002-07-18,275.0,275.0,275.0,0.128,DDR,128,8.8,,,,,,,28,,150,0.04,97.0,TSMC,AGP 4x,,,https://www.techpowerup.com/gpu-specs/radeon-9000-pro.c80
ATI,Radeon 9500 PRO,R300,R300,Radeon R300(9500),2002-10-01,275.0,275.0,270.0,0.128,DDR,128,8.64,,,,,,,,,150,0.11,215.0,TSMC,AGP 8x,,,https://www.techpowerup.com/gpu-specs/radeon-9500-pro.c52
ATI,Radeon 9700,R300,R300,Radeon R300(9700),2002-08-19,275.0,275.0,270.0,0.128,DDR,256,17.28,,,,,,,37,,150,0.11,215.0,TSMC,AGP 8x,,,https://www.techpowerup.com/gpu-specs/radeon-9700.c49
ATI,Radeon 9700 PRO,R300,R300,Radeon R300(9700),2002-08-19,325.0,325.0,310.0,0.128,DDR,256,19.84,,,,,,,,,150,0.11,215.0,TSMC,AGP 8x,,,https://www.techpowerup.com/gpu-specs/radeon-9700-pro.c50
ATI,Radeon 9700 PRO X4,R300,R300,Radeon R300(9700),2002-08-19,325.0,325.0,310.0,0.128,DDR,256,19.84,,,,,,,,,150,0.11,215.0,TSMC,PCI,,,https://www.techpowerup.com/gpu-specs/radeon-9700-pro-x4.c1946
ATI,Radeon IGP 320,RS100,Rage 6,Radeon IGP(300),2002-10-05,160.0,160.0,,,System Shared,,,,,,,,,,,180,0.03,73.0,,AGP 4x,,,https://www.techpowerup.com/gpu-specs/radeon-igp-320.c3362
ATI,Radeon IGP 320M,RS100,Rage 6,Radeon IGP(300M),2002-10-05,160.0,160.0,,,System Shared,,,,,,,,,,,180,0.03,73.0,,AGP 4x,,,https://www.techpowerup.com/gpu-specs/radeon-igp-320m.c1212
ATI,Radeon IGP 330M,RS200,Rage 6,Radeon IGP(300M),2002-05-01,183.0,183.0,,,System Shared,,,,,,,,,,,180,0.03,73.0,,AGP 4x,,,https://www.techpowerup.com/gpu-specs/radeon-igp-330m.c673
ATI,Radeon IGP 340,RS200,Rage 6,Radeon IGP(300),2002-10-05,183.0,183.0,,,System Shared,,,,,,,,,,,180,0.03,73.0,,AGP 4x,,,https://www.techpowerup.com/gpu-specs/radeon-igp-340.c3361
ATI,Radeon IGP 340M,RS200,Rage 6,Radeon IGP(300M),2002-10-05,183.0,183.0,,,System Shared,,,,,,,,,,,180,0.03,73.0,,AGP 4x,,,https://www.techpowerup.com/gpu-specs/radeon-igp-340m.c674
ATI,Radeon IGP 345M,RS200,Rage 6,Radeon IGP(300M),2002-10-05,183.0,183.0,,,System Shared,,,,,,,,,,,180,0.03,73.0,,AGP 4x,,,https://www.techpowerup.com/gpu-specs/radeon-igp-345m.c1591
ATI,Radeon IGP 350M,RS200,Rage 6,Radeon IGP(300M),2002-10-05,183.0,183.0,,,System Shared,,,,,,,,,,,180,0.03,73.0,,AGP 4x,,,https://www.techpowerup.com/gpu-specs/radeon-igp-350m.c1592
Matrox,Millennium G450 x2 MMS,Condor,G400,G Series(G4xx),2002-06-19,125.0,125.0,166.0,0.032,DDR,64,2.656,,,,,,,,,180,0.01,,UMC,PCI,,,https://www.techpowerup.com/gpu-specs/millennium-g450-x2-mms.c3528
Matrox,Millennium G450 x4 MMS,Condor,G400,G Series(G4xx),2002-06-19,125.0,125.0,166.0,0.032,DDR,64,2.656,,,,,,,,,180,0.01,,UMC,PCI,,,https://www.techpowerup.com/gpu-specs/millennium-g450-x4-mms.c1923
Matrox,Parhelia 128 MB,Parhelia-512,Parhelia,Parhelia,2004-03-30,250.0,250.0,300.0,0.128,DDR,256,19.2,,,,,,,,,150,0.08,174.0,UMC,AGP 8x,,,https://www.techpowerup.com/gpu-specs/parhelia-128-mb.c3518
Matrox,Parhelia 256 MB,Parhelia-512,Parhelia,Parhelia,2004-03-30,250.0,250.0,325.0,0.25,DDR,256,20.8,,,,,,,,,150,0.08,174.0,UMC,AGP 8x,,,https://www.techpowerup.com/gpu-specs/parhelia-256-mb.c3519
NVIDIA,GeForce 6200 AGP,NV44,Curie,GeForce 6 AGP(6200),2005-04-04,350.0,350.0,266.0,0.25,DDR2,64,4.256,,,,,,,,,110,0.07,110.0,TSMC,AGP 8x,,,https://www.techpowerup.com/gpu-specs/geforce-6200-agp.c2419
NVIDIA,GeForce FX 5100,NV34,Rankine,GeForce FX(5100),2003-03-06,200.0,200.0,166.0,0.064,DDR,64,2.656,,,,,,,,,150,0.04,124.0,TSMC,AGP 8x,,,https://www.techpowerup.com/gpu-specs/geforce-fx-5100.c1834
NVIDIA,GeForce FX 5200,NV18C,Celsius,GeForce FX(5200),2003-03-06,250.0,250.0,200.0,0.128,DDR,128,6.4,,,,,,,,,150,0.03,65.0,TSMC,AGP 8x,,,https://www.techpowerup.com/gpu-specs/geforce-fx-5200.c2351
NVIDIA,GeForce FX 5200 LE,NV34,Rankine,GeForce FX(5200),2003-03-17,250.0,250.0,166.0,0.128,DDR,64,2.656,,,,,,,,,150,0.04,124.0,TSMC,AGP 8x,,,https://www.techpowerup.com/gpu-specs/geforce-fx-5200-le.c59
NVIDIA,GeForce FX 5200 PCI,NV34B,Rankine,GeForce FX(5200),2003-03-06,250.0,250.0,200.0,0.25,DDR,128,6.4,,,,,,,,,150,0.04,91.0,TSMC,PCI,,,https://www.techpowerup.com/gpu-specs/geforce-fx-5200-pci.c1906
NVIDIA,GeForce FX 5200 Rev. 2,NV34B,Rankine,GeForce FX(5200),2003-03-06,250.0,250.0,200.0,0.128,DDR,64,3.2,,,,,,,,,150,0.04,91.0,TSMC,AGP 8x,,,https://www.techpowerup.com/gpu-specs/geforce-fx-5200-rev-2.c2352
NVIDIA,GeForce FX 5200 Ultra,NV34,Rankine,GeForce FX(5200),2003-03-06,325.0,325.0,325.0,0.128,DDR,128,10.4,,,,,,,,,150,0.04,124.0,TSMC,AGP 8x,,,https://www.techpowerup.com/gpu-specs/geforce-fx-5200-ultra.c61
NVIDIA,GeForce FX 5200 Ultra Mac Edition,NV34,Rankine,GeForce FX(5200),2003-03-06,325.0,325.0,325.0,0.128,DDR,128,10.4,,,,,,,,,150,0.04,124.0,TSMC,AGP Pro 8x,,,https://www.techpowerup.com/gpu-specs/geforce-fx-5200-ultra-mac-edition.c2275
NVIDIA,GeForce FX 5600,NV31,Rankine,GeForce FX(5600),2003-03-06,325.0,325.0,250.0,0.128,DDR,128,8.0,,,,,,,37,,130,0.08,121.0,TSMC,AGP 8x,,,https://www.techpowerup.com/gpu-specs/geforce-fx-5600.c64
NVIDIA,GeForce FX 5600 Ultra,NV31,Rankine,GeForce FX(5600),2003-03-17,400.0,400.0,400.0,0.128,DDR,128,12.8,,,,,,,,,130,0.08,121.0,TSMC,AGP 8x,,,https://www.techpowerup.com/gpu-specs/geforce-fx-5600-ultra.c65
NVIDIA,GeForce FX 5600 XT,NV31,Rankine,GeForce FX(5600),2003-03-17,235.0,235.0,200.0,0.128,DDR,128,6.4,,,,,,,,,130,0.08,121.0,TSMC,AGP 8x,,,https://www.techpowerup.com/gpu-specs/geforce-fx-5600-xt.c589
NVIDIA,GeForce FX 5600 XT PCI,NV31,Rankine,GeForce FX(5600),2003-03-17,235.0,235.0,200.0,0.064,DDR,128,6.4,,,,,,,,,130,0.08,121.0,TSMC,PCI,,,https://www.techpowerup.com/gpu-specs/geforce-fx-5600-xt-pci.c63
NVIDIA,GeForce FX 5700,NV36B,Rankine,GeForce FX(5700),2003-10-23,425.0,425.0,250.0,0.128,DDR,128,8.0,,,,,,,25,,130,0.08,133.0,TSMC,AGP 8x,,,https://www.techpowerup.com/gpu-specs/geforce-fx-5700.c69
NVIDIA,GeForce FX 5700 Engineering Sample,NV36S,Rankine,GeForce FX(5700),2003-08-18,425.0,425.0,250.0,0.128,DDR,128,8.0,,,,,,,25,,130,0.08,133.0,TSMC,AGP 8x,,,https://www.techpowerup.com/gpu-specs/geforce-fx-5700-engineering-sample.c4108
NVIDIA,GeForce FX 5700 Ultra,NV36B,Rankine,GeForce FX(5700),2003-10-23,475.0,475.0,453.0,0.128,GDDR2,128,14.5,,,,,,,46,,130,0.08,133.0,TSMC,AGP 8x,,,https://www.techpowerup.com/gpu-specs/geforce-fx-5700-ultra.c70
NVIDIA,GeForce FX 5800,NV30,Rankine,GeForce FX(5800),2003-03-06,400.0,400.0,400.0,0.128,GDDR2,128,12.8,,,,,,,44,,130,0.12,199.0,TSMC,AGP 8x,,,https://www.techpowerup.com/gpu-specs/geforce-fx-5800.c703
NVIDIA,GeForce FX 5800 Ultra,NV30,Rankine,GeForce FX(5800),2003-03-06,500.0,500.0,500.0,0.128,GDDR2,128,16.0,,,,,,,,,130,0.12,199.0,TSMC,AGP 8x,,,https://www.techpowerup.com/gpu-specs/geforce-fx-5800-ultra.c74
NVIDIA,GeForce FX 5900,NV35,Rankine,GeForce FX(5900),2003-05-12,400.0,400.0,425.0,0.128,DDR,256,27.2,,,,,,,,,130,0.14,207.0,TSMC,AGP 8x,,,https://www.techpowerup.com/gpu-specs/geforce-fx-5900.c77
NVIDIA,GeForce FX 5900 Ultra,NV35,Rankine,GeForce FX(5900),2003-10-23,450.0,450.0,425.0,0.25,DDR,256,27.2,,,,,,,59,,130,0.14,207.0,TSMC,AGP 8x,,,https://www.techpowerup.com/gpu-specs/geforce-fx-5900-ultra.c704
NVIDIA,GeForce FX 5900 XT,NV35,Rankine,GeForce FX(5900),2003-05-12,400.0,400.0,350.0,0.128,DDR,256,22.4,,,,,,,35,,130,0.14,207.0,TSMC,AGP 8x,,,https://www.techpowerup.com/gpu-specs/geforce-fx-5900-xt.c76
NVIDIA,GeForce FX 5900 ZT,NV35,Rankine,GeForce FX(5900),2003-05-12,325.0,325.0,350.0,0.128,DDR,256,22.4,,,,,,,,,130,0.14,207.0,TSMC,AGP 8x,,,https://www.techpowerup.com/gpu-specs/geforce-fx-5900-zt.c75
NVIDIA,GeForce FX 5950 Ultra,NV38,Rankine,GeForce FX(5900),2003-10-23,475.0,475.0,475.0,0.25,DDR,256,30.4,,,,,,,74,,130,0.14,207.0,TSMC,AGP 8x,,,https://www.techpowerup.com/gpu-specs/geforce-fx-5950-ultra.c79
NVIDIA,GeForce FX Go5100,NV34,Rankine,GeForce FX Go 5(Go 5000),2003-03-01,200.0,200.0,200.0,0.032,DDR,64,3.2,,,,,,,,,150,0.04,124.0,TSMC,AGP 8x,,,https://www.techpowerup.com/gpu-specs/geforce-fx-go5100.c1820
NVIDIA,GeForce FX Go5200,NV34,Rankine,GeForce FX Go 5(Go 5000),2003-03-01,200.0,200.0,200.0,0.032,DDR,128,6.4,,,,,,,,,150,0.04,124.0,TSMC,AGP 8x,,,https://www.techpowerup.com/gpu-specs/geforce-fx-go5200.c1563
NVIDIA,GeForce FX Go5200 32M,NV34,Rankine,GeForce FX Go 5(Go 5000),2003-03-01,200.0,200.0,200.0,0.032,DDR,64,3.2,,,,,,,,,150,0.04,124.0,TSMC,AGP 8x,,,https://www.techpowerup.com/gpu-specs/geforce-fx-go5200-32m.c2230
NVIDIA,GeForce FX Go5200 64M,NV34B,Rankine,GeForce FX Go 5(Go 5000),2003-03-01,250.0,250.0,250.0,0.064,DDR,128,8.0,,,,,,,,,150,0.04,91.0,TSMC,AGP 8x,,,https://www.techpowerup.com/gpu-specs/geforce-fx-go5200-64m.c1564
NVIDIA,GeForce FX Go5200 NPB 32M,NV34B,Rankine,GeForce FX Go 5(Go 5000),2003-03-01,200.0,200.0,200.0,0.032,DDR,64,3.2,,,,,,,,,150,0.04,91.0,TSMC,AGP 8x,,,https://www.techpowerup.com/gpu-specs/geforce-fx-go5200-npb-32m.c2228
NVIDIA,GeForce FX Go5200 NPB 64M,NV34B,Rankine,GeForce FX Go 5(Go 5000),2003-03-01,250.0,250.0,250.0,0.064,DDR,128,8.0,,,,,,,,,150,0.04,91.0,TSMC,AGP 8x,,,https://www.techpowerup.com/gpu-specs/geforce-fx-go5200-npb-64m.c2229
NVIDIA,GeForce FX Go5250,NV34,Rankine,GeForce FX Go 5(Go 5000),2003-03-01,250.0,250.0,250.0,0.064,DDR,128,8.0,,,,,,,,,150,0.04,124.0,TSMC,AGP 8x,,,https://www.techpowerup.com/gpu-specs/geforce-fx-go5250.c1823
NVIDIA,GeForce FX Go5300,NV34,Rankine,GeForce FX Go 5(Go 5000),2003-03-01,275.0,275.0,250.0,0.064,DDR,128,8.0,,,,,,,,,150,0.04,124.0,TSMC,AGP 8x,,,https://www.techpowerup.com/gpu-specs/geforce-fx-go5300.c1821
NVIDIA,GeForce FX Go5350,NV34,Rankine,GeForce FX Go 5(Go 5000),2003-03-01,275.0,275.0,275.0,0.064,DDR,128,8.8,,,,,,,,,150,0.04,124.0,TSMC,AGP 8x,,,https://www.techpowerup.com/gpu-specs/geforce-fx-go5350.c1822
NVIDIA,GeForce FX Go5600,NV31,Rankine,GeForce FX Go 5(Go 5000),2003-03-01,275.0,275.0,250.0,0.128,DDR,128,8.0,,,,,,,,,130,0.08,121.0,TSMC,AGP 8x,,,https://www.techpowerup.com/gpu-specs/geforce-fx-go5600.c1562
NVIDIA,GeForce FX Go5650,NV31,Rankine,GeForce FX Go 5(Go 5000),2003-03-01,325.0,325.0,295.0,0.128,DDR,128,9.44,,,,,,,,,130,0.08,121.0,TSMC,AGP 8x,,,https://www.techpowerup.com/gpu-specs/geforce-fx-go5650.c1824
NVIDIA,GeForce PCX 5900,NV35,Rankine,GeForce PCX,2003-03-17,350.0,350.0,275.0,0.128,DDR,256,17.6,,,,,,,,,130,0.14,207.0,TSMC,PCIe 1.0 x16,,,https://www.techpowerup.com/gpu-specs/geforce-pcx-5900.c56
NVIDIA,GeForce4 MX 4000,NV18,Celsius,GeForce 4 MX,2003-12-14,250.0,250.0,166.0,0.128,DDR,64,2.656,,,,,,,,,150,0.03,65.0,TSMC,AGP 8x,,,https://www.techpowerup.com/gpu-specs/geforce4-mx-4000.c776
NVIDIA,GeForce4 MX 4000 PCI,NV18C,Celsius,GeForce 4 MX,2003-12-14,250.0,250.0,166.0,0.128,DDR,64,2.656,,,,,,,,,150,0.03,65.0,TSMC,PCI,,,https://www.techpowerup.com/gpu-specs/geforce4-mx-4000-pci.c1189
NVIDIA,GeForce4 MX 4000 Rev. 2,NV18C,Celsius,GeForce 4 MX,2003-12-14,250.0,250.0,166.0,0.128,DDR,64,2.656,,,,,,,,,150,0.03,65.0,TSMC,AGP 8x,,,https://www.techpowerup.com/gpu-specs/geforce4-mx-4000-rev-2.c2350
NVIDIA,GeForce4 Ti 4800,NV28,Kelvin,GeForce 4 Ti,2003-03-15,300.0,300.0,325.0,0.128,DDR,128,10.4,,,,,,,,,150,0.06,142.0,TSMC,AGP 8x,,,https://www.techpowerup.com/gpu-specs/geforce4-ti-4800.c2139
NVIDIA,GeForce4 Ti 4800 SE,NV28,Kelvin,GeForce 4 Ti,2003-02-16,275.0,275.0,275.0,0.128,DDR,128,8.8,,,,,,,,,150,0.06,142.0,TSMC,AGP 8x,,,https://www.techpowerup.com/gpu-specs/geforce4-ti-4800-se.c179
NVIDIA,Quadro FX 1000,NV30,Rankine,Quadro FX Rankine(x000),2003-01-21,300.0,300.0,300.0,0.128,DDR2,128,9.6,,,,,,,,,130,0.12,199.0,TSMC,AGP 8x,,,https://www.techpowerup.com/gpu-specs/quadro-fx-1000.c1353
NVIDIA,Quadro FX 2000,NV30,Rankine,Quadro FX Rankine(x000),2003-01-21,400.0,400.0,400.0,0.128,DDR2,128,12.8,,,,,,,,,130,0.12,199.0,TSMC,AGP 8x,,,https://www.techpowerup.com/gpu-specs/quadro-fx-2000.c1362
NVIDIA,Quadro FX 3000,NV35,Rankine,Quadro FX Rankine(x000),2003-07-22,400.0,400.0,425.0,0.25,DDR,256,27.2,,,,,,,,,130,0.14,207.0,TSMC,AGP 8x,,,https://www.techpowerup.com/gpu-specs/quadro-fx-3000.c1363
NVIDIA,Quadro FX 3000G,NV35,Rankine,Quadro FX Rankine(x000),2003-07-22,400.0,400.0,425.0,0.25,DDR,256,27.2,,,,,,,,,130,0.14,207.0,TSMC,AGP 8x,,,https://www.techpowerup.com/gpu-specs/quadro-fx-3000g.c1364
NVIDIA,Quadro FX 500,NV34,Rankine,Quadro FX Rankine(x000),2003-05-21,270.0,270.0,240.0,0.128,DDR,128,7.68,,,,,,,,,150,0.04,124.0,TSMC,AGP 8x,,,https://www.techpowerup.com/gpu-specs/quadro-fx-500.c1350
NVIDIA,Quadro FX Go700,NV31,Rankine,Quadro FX Go,2003-06-25,295.0,295.0,295.0,0.128,DDR,128,9.44,,,,,,,,,130,0.08,121.0,TSMC,AGP 4x,,,https://www.techpowerup.com/gpu-specs/quadro-fx-go700.c1829
NVIDIA,Quadro NVS 210S,C51,Curie,Quadro NVS IGP,2003-12-22,425.0,425.0,,,System Shared,,,,,,,,,11,,90,,,,PCI,,,https://www.techpowerup.com/gpu-specs/quadro-nvs-210s.c1869
NVIDIA,Quadro NVS 280 PCI,NV34B,Rankine,Quadro NVS,2003-10-28,275.0,275.0,250.0,0.064,DDR,64,4.0,,,,,,,13,,150,0.04,91.0,TSMC,PCI,,,https://www.techpowerup.com/gpu-specs/quadro-nvs-280-pci.c1455
NVIDIA,Quadro4 100 NVS,NV17,Celsius,Quadro4 NVS,2003-12-22,250.0,250.0,166.0,0.064,DDR,128,5.312,,,,,,,10,,150,0.03,65.0,TSMC,AGP 4x,,,https://www.techpowerup.com/gpu-specs/quadro4-100-nvs.c1462
NVIDIA,Quadro4 100 NVS PCI,NV17,Celsius,Quadro4 NVS,2003-12-22,250.0,250.0,166.0,0.064,DDR,128,5.312,,,,,,,10,,150,0.03,65.0,TSMC,PCI,,,https://www.techpowerup.com/gpu-specs/quadro4-100-nvs-pci.c1461
NVIDIA,Quadro4 200 NVS,NV17,Celsius,Quadro4 NVS,2003-12-22,250.0,250.0,250.0,0.064,DDR,128,8.0,,,,,,,11,,150,0.03,65.0,TSMC,AGP 4x,,,https://www.techpowerup.com/gpu-specs/quadro4-200-nvs.c1458
NVIDIA,Quadro4 700 Go GL,NV28,Kelvin,Quadro4 Go,2003-06-05,199.0,199.0,223.0,0.064,DDR,128,7.136,,,,,,,,,150,0.06,142.0,TSMC,AGP 4x,,,https://www.techpowerup.com/gpu-specs/quadro4-700-go-gl.c1828
Intel,Extreme Graphics 2,Montara,Generation 2.0,Extreme Graphics 2(Mobile IGP),2003-12-03,200.0,266.0,,,System Shared,,,,,,,,,,,130,,,Intel,FSB,,,https://www.techpowerup.com/gpu-specs/extreme-graphics-2.c1285
Intel,i852GM Graphics,Montara,Generation 2.0,Graphics-M(IGP),2003-12-03,200.0,266.0,,,System Shared,,,,,,,,,,,130,,,Intel,FSB,,,https://www.techpowerup.com/gpu-specs/i852gm-graphics.c1301
ATI,All-In-Wonder 9000 PRO,RV250,Rage 7,All-In-Wonder(9000),2003-03-31,275.0,275.0,270.0,0.064,DDR,128,8.64,,,,,,,,,150,0.04,97.0,TSMC,AGP 8x,,,https://www.techpowerup.com/gpu-specs/all-in-wonder-9000-pro.c866
ATI,All-In-Wonder 9600,RV350,R300,All-In-Wonder(9000),2003-12-03,324.0,324.0,196.0,0.128,DDR,128,6.272,,,,,,,,,130,0.06,76.0,TSMC,AGP 8x,,,https://www.techpowerup.com/gpu-specs/all-in-wonder-9600.c869
ATI,All-In-Wonder 9600 PRO,RV350,R300,All-In-Wonder(9000),2003-04-01,398.0,398.0,324.0,0.128,DDR,128,10.37,,,,,,,,,130,0.06,76.0,TSMC,AGP 8x,,,https://www.techpowerup.com/gpu-specs/all-in-wonder-9600-pro.c113
ATI,All-In-Wonder 9700 PRO,R300,R300,All-In-Wonder(9000),2003-01-22,325.0,325.0,310.0,0.128,DDR,256,19.84,,,,,,,,,150,0.11,215.0,TSMC,AGP 8x,,,https://www.techpowerup.com/gpu-specs/all-in-wonder-9700-pro.c112
ATI,All-In-Wonder 9800 PRO,R350,R300,All-In-Wonder(9000),2003-06-16,378.0,378.0,338.0,0.128,DDR,256,21.63,,,,,,,,,150,0.12,215.0,TSMC,AGP 8x,,,https://www.techpowerup.com/gpu-specs/all-in-wonder-9800-pro.c110
ATI,All-In-Wonder 9800 SE,R350,R300,All-In-Wonder(9000),2003-09-10,378.0,378.0,297.0,0.128,DDR,128,9.504,,,,,,,,,150,0.12,215.0,TSMC,AGP 8x,,,https://www.techpowerup.com/gpu-specs/all-in-wonder-9800-se.c8
ATI,FireGL 9600 T2-128,RV350,R300,FireGL(9000),2003-10-01,398.0,398.0,297.0,0.128,DDR,128,9.504,,,,,,,,,130,0.06,76.0,TSMC,AGP 8x,,,https://www.techpowerup.com/gpu-specs/firegl-9600-t2-128.c1380
ATI,FireGL 9600 T2-64S,RV350,R300,FireGL(9000),2003-10-01,324.0,324.0,203.0,0.064,DDR,128,6.496,,,,,,,,,130,0.06,76.0,TSMC,AGP 8x,,,https://www.techpowerup.com/gpu-specs/firegl-9600-t2-64s.c3097
ATI,FireGL 9800 X2-256,R360,R300,FireGL(9000),2003-03-01,380.0,380.0,350.0,0.25,DDR2,256,22.4,,,,,,,,,150,0.12,218.0,TSMC,AGP 8x,,,https://www.techpowerup.com/gpu-specs/firegl-9800-x2-256.c1377
ATI,FireGL 9800 X2-256T,R360,R300,FireGL(9000),2003-10-01,412.0,412.0,344.0,0.25,DDR2,256,22.02,,,,,,,,,150,0.12,218.0,TSMC,AGP 8x,,,https://www.techpowerup.com/gpu-specs/firegl-9800-x2-256t.c1375
ATI,Mobility FireGL T2,M10,R300,Mobility FireGL,2003-11-01,320.0,320.0,200.0,0.128,DDR,128,6.4,,,,,,,,,130,0.08,92.0,TSMC,AGP 4x,,,https://www.techpowerup.com/gpu-specs/mobility-firegl-t2.c1660
ATI,Mobility Radeon,M6,Rage 6,M6(Mobility),2003-01-01,144.0,144.0,144.0,0.016,DDR,64,2.304,,,,,,,,,180,0.03,115.0,TSMC,AGP 4x,,,https://www.techpowerup.com/gpu-specs/mobility-radeon.c1588
ATI,Mobility Radeon 7000 IGP,RS250,Rage 6,Radeon IGP(Mobility 7000),2003-03-01,183.0,183.0,,,System Shared,,,,,,,,,,,180,0.03,97.0,,AGP 4x,,,https://www.techpowerup.com/gpu-specs/mobility-radeon-7000-igp.c1215
ATI,Mobility Radeon 9000 IGP,RC300,Rage 7,Radeon IGP(Mobility 9000),2003-05-01,300.0,300.0,,,System Shared,,,,,,,,,,,150,0.08,92.0,,AGP 4x,,,https://www.techpowerup.com/gpu-specs/mobility-radeon-9000-igp.c102
ATI,Mobility Radeon 9100 IGP,RS300,Rage 7,Radeon IGP(Mobility 9000),2003-06-23,300.0,300.0,,,System Shared,,,,,,,,,,,150,0.08,92.0,,AGP 4x,,,https://www.techpowerup.com/gpu-specs/mobility-radeon-9100-igp.c101
ATI,Mobility Radeon 9100 PRO IGP,RS350,Rage 7,Radeon IGP(Mobility 9000),2003-06-23,300.0,300.0,,,System Shared,,,,,,,,,,,150,0.08,92.0,,AGP 4x,,,https://www.techpowerup.com/gpu-specs/mobility-radeon-9100-pro-igp.c100
ATI,Mobility Radeon 9200,M9,Rage 7,M9(Mobility 9000),2003-03-01,250.0,250.0,200.0,0.032,DDR,64,3.2,,,,,,,,,150,0.04,81.0,UMC,AGP 4x,,,https://www.techpowerup.com/gpu-specs/mobility-radeon-9200.c1597
ATI,Radeon 9100,R200,Rage 7,Radeon R200(9100),2003-04-01,250.0,250.0,250.0,0.064,DDR,128,8.0,,,,,,,28,,150,0.06,120.0,TSMC,AGP 4x,,,https://www.techpowerup.com/gpu-specs/radeon-9100.c804
ATI,Radeon 9100 PCI,R200,Rage 7,Radeon R200(9100),2003-04-01,250.0,250.0,250.0,0.064,DDR,128,8.0,,,,,,,,,150,0.06,120.0,TSMC,PCI,,,https://www.techpowerup.com/gpu-specs/radeon-9100-pci.c805
ATI,Radeon 9200,RV280,Rage 7,Radeon R200(9200),2003-05-01,250.0,250.0,200.0,0.128,DDR,128,6.4,,,,,,,28,,150,0.04,98.0,UMC,AGP 8x,,,https://www.techpowerup.com/gpu-specs/radeon-9200.c471
ATI,Radeon 9200 LE,RV280,Rage 7,Radeon R200(9200),2003-05-01,250.0,250.0,200.0,0.064,DDR,128,6.4,,,,,,,28,,150,0.04,98.0,UMC,AGP 8x,,,https://www.techpowerup.com/gpu-specs/radeon-9200-le.c55
ATI,Radeon 9200 PCI,RV280,Rage 7,Radeon R200(9200),2003-05-01,250.0,250.0,200.0,0.128,DDR,128,6.4,,,,,,,28,,150,0.04,98.0,UMC,PCI,,,https://www.techpowerup.com/gpu-specs/radeon-9200-pci.c934
ATI,Radeon 9200 PRO,RV280,Rage 7,Radeon R200(9200),2003-05-01,240.0,240.0,166.0,0.128,DDR,128,5.312,,,,,,,28,,150,0.04,98.0,UMC,AGP 8x,,,https://www.techpowerup.com/gpu-specs/radeon-9200-pro.c1800
ATI,Radeon 9200 SE,RV280,Rage 7,Radeon R200(9200),2003-03-01,200.0,200.0,166.0,0.064,DDR,64,2.656,,,,,,,28,,150,0.04,98.0,UMC,AGP 8x,,,https://www.techpowerup.com/gpu-specs/radeon-9200-se.c48
ATI,Radeon 9200 SE PCI,RV280,Rage 7,Radeon R200(9200),2003-03-01,200.0,200.0,166.0,0.064,DDR,64,2.656,,,,,,,28,,150,0.04,98.0,UMC,PCI,,,https://www.techpowerup.com/gpu-specs/radeon-9200-se-pci.c933
ATI,Radeon 9500,R300,R300,Radeon R300(9500),2003-03-01,275.0,275.0,270.0,0.064,DDR,256,17.28,,,,,,,12,,150,0.11,215.0,TSMC,AGP 8x,,,https://www.techpowerup.com/gpu-specs/radeon-9500.c481
ATI,Radeon 9550,RV350,R300,Radeon R300(9500),2003-10-01,250.0,250.0,200.0,0.064,DDR,128,6.4,,,,,,,,,130,0.06,76.0,TSMC,AGP 8x,,,https://www.techpowerup.com/gpu-specs/radeon-9550.c33
ATI,Radeon 9550 SE,RV350,R300,Radeon R300(9500),2003-03-01,250.0,250.0,200.0,0.064,DDR,64,3.2,,,,,,,,,130,0.06,76.0,TSMC,AGP 8x,,,https://www.techpowerup.com/gpu-specs/radeon-9550-se.c480
ATI,Radeon 9600,RV350,R300,Radeon R300(9600),2003-10-01,324.0,324.0,189.0,0.064,DDR,128,6.048,,,,,,,12,,130,0.06,76.0,TSMC,AGP 8x,,,https://www.techpowerup.com/gpu-specs/radeon-9600.c469
ATI,Radeon 9600 PRO,RV350,R300,Radeon R300(9600),2003-10-01,400.0,400.0,300.0,0.128,DDR,128,9.6,,,,,,,18,,130,0.06,76.0,TSMC,AGP 8x,,,https://www.techpowerup.com/gpu-specs/radeon-9600-pro.c31
ATI,Radeon 9600 SE,RV350,R300,Radeon R300(9600),2003-10-01,325.0,325.0,200.0,0.064,DDR,64,3.2,,,,,,,,,130,0.06,76.0,TSMC,AGP 8x,,,https://www.techpowerup.com/gpu-specs/radeon-9600-se.c466
ATI,Radeon 9600 TX,R300,R300,Radeon R300(9600),2003-10-07,297.0,297.0,270.0,0.128,DDR,128,8.64,,,,,,,,,150,0.11,215.0,TSMC,AGP 8x,,,https://www.techpowerup.com/gpu-specs/radeon-9600-tx.c2104
ATI,Radeon 9600 XT,RV360,R300,Radeon R300(9600),2003-10-01,500.0,500.0,300.0,0.128,DDR,128,9.6,,,,,,,22,,130,0.06,76.0,TSMC,AGP 8x,,,https://www.techpowerup.com/gpu-specs/radeon-9600-xt.c30
ATI,Radeon 9800,R350,R300,Radeon R300(9800),2003-03-01,325.0,325.0,290.0,0.128,DDR,256,18.56,,,,,,,37,,150,0.12,215.0,TSMC,AGP 8x,,,https://www.techpowerup.com/gpu-specs/radeon-9800.c1816
ATI,Radeon 9800 PRO,R360,R300,Radeon R300(9800),2003-10-01,380.0,380.0,340.0,0.25,DDR,256,21.76,,,,,,,47,,150,0.12,218.0,TSMC,AGP 8x,,,https://www.techpowerup.com/gpu-specs/radeon-9800-pro.c1818
ATI,Radeon 9800 PRO 128-bit,R350,R300,Radeon R300(9800),2003-03-01,380.0,380.0,300.0,0.128,DDR,128,9.6,,,,,,,47,,150,0.12,215.0,TSMC,AGP 8x,,,https://www.techpowerup.com/gpu-specs/radeon-9800-pro-128-bit.c4374
ATI,Radeon 9800 PRO 256-bit,R350,R300,Radeon R300(9800),2003-03-01,380.0,380.0,340.0,0.128,DDR,256,21.76,,,,,,,47,,150,0.12,215.0,TSMC,AGP 8x,,,https://www.techpowerup.com/gpu-specs/radeon-9800-pro-256-bit.c7
ATI,Radeon 9800 SE,R350,R300,Radeon R300(9800),2003-03-01,378.0,378.0,297.0,0.128,DDR,256,19.01,,,,,,,,,150,0.12,215.0,TSMC,AGP 8x,,,https://www.techpowerup.com/gpu-specs/radeon-9800-se.c3106
ATI,Radeon 9800 XT,R360,R300,Radeon R300(9800),2003-10-01,412.0,412.0,365.0,0.25,DDR,256,23.36,,,,,,,60,,150,0.12,218.0,TSMC,AGP 8x,,,https://www.techpowerup.com/gpu-specs/radeon-9800-xt.c4
ATI,Radeon 9800 XXL,R360,R300,Radeon R300(9800),2003-10-01,390.0,390.0,338.0,0.128,DDR,256,21.63,,,,,,,,,150,0.12,218.0,TSMC,AGP 8x,,,https://www.techpowerup.com/gpu-specs/radeon-9800-xxl.c443
Matrox,Millenium P650,Parhelia-LX,Parhelia,Parhelia,2003-05-10,230.0,230.0,230.0,0.064,DDR,128,7.36,,,,,,,,,150,0.08,130.0,UMC,AGP 8x,,,https://www.techpowerup.com/gpu-specs/millenium-p650.c3728
Matrox,Millenium P650 LP MDD PCIe,Parhelia-LX,Parhelia,Parhelia,2003-05-10,190.0,190.0,270.0,0.128,DDR,128,8.64,,,,,,,,,150,0.08,130.0,UMC,PCIe 1.0 x16,,,https://www.techpowerup.com/gpu-specs/millenium-p650-lp-mdd-pcie.c4175
Matrox,Millenium P650 PCIe,Parhelia-LX,Parhelia,Parhelia,2003-05-10,275.0,275.0,275.0,0.128,DDR,128,8.8,,,,,,,,,150,0.08,130.0,UMC,PCIe 1.0 x16,,,https://www.techpowerup.com/gpu-specs/millenium-p650-pcie.c4174
Matrox,Millenium P750,Parhelia-LX,Parhelia,Parhelia,2003-05-10,250.0,250.0,250.0,0.128,DDR,128,8.0,,,,,,,,,150,0.08,130.0,UMC,AGP 8x,,,https://www.techpowerup.com/gpu-specs/millenium-p750.c99
Matrox,Parhelia DL256,Parhelia-512,Parhelia,Parhelia,2003-01-01,200.0,200.0,250.0,0.25,DDR,64,4.0,,,,,,,,,150,0.08,174.0,UMC,PCI-X,,,https://www.techpowerup.com/gpu-specs/parhelia-dl256.c3523
Matrox,Parhelia HR256,Parhelia-512,Parhelia,Parhelia,2003-09-01,200.0,200.0,250.0,0.25,DDR,64,4.0,,,,,,,,,150,0.08,174.0,UMC,PCI-X,,,https://www.techpowerup.com/gpu-specs/parhelia-hr256.c3522
Matrox,Parhelia PCI,Parhelia-512,Parhelia,Parhelia,2003-01-01,200.0,200.0,250.0,0.25,DDR,64,4.0,,,,,,,,,150,0.08,174.0,UMC,PCI-X,,,https://www.techpowerup.com/gpu-specs/parhelia-pci.c95
Matrox,Parhelia Precision SDT,Parhelia-512,Parhelia,Parhelia,2003-01-01,200.0,200.0,250.0,0.25,DDR,64,4.0,,,,,,,,,150,0.08,174.0,UMC,PCI-X,,,https://www.techpowerup.com/gpu-specs/parhelia-precision-sdt.c3521
Matrox,Parhelia Precision SGT,Parhelia-512,Parhelia,Parhelia,2003-01-01,200.0,200.0,250.0,0.25,DDR,64,4.0,,,,,,,,,150,0.08,174.0,UMC,PCI-X,,,https://www.techpowerup.com/gpu-specs/parhelia-precision-sgt.c3520
XGI,Volari Duo V5 Ultra,XG41,XG4,XG40(Volari V5),2003-09-15,350.0,350.0,500.0,0.25,DDR2,256,32.0,,,,,,,,,130,0.09,,UMC,AGP 8x,,,https://www.techpowerup.com/gpu-specs/volari-duo-v5-ultra.c90
XGI,Volari Duo V8 Ultra,XG40,XG4,XG40(Volari V8),2003-09-15,350.0,350.0,500.0,0.128,DDR2,128,16.0,,,,,,,,,130,0.11,,UMC,AGP 8x,,,https://www.techpowerup.com/gpu-specs/volari-duo-v8-ultra.c92
XGI,Volari V3,XG42,XG4,XG40(Volari V3),2003-09-15,200.0,200.0,200.0,0.128,DDR,128,6.4,,,,,,,,,130,0.03,,UMC,AGP 8x,,,https://www.techpowerup.com/gpu-specs/volari-v3.c1198
XGI,Volari V3 XT,XG42,XG4,XG40(Volari V3),2003-09-15,250.0,250.0,207.0,0.128,DDR,128,6.624,,,,,,,,,130,0.03,,UMC,AGP 8x,,,https://www.techpowerup.com/gpu-specs/volari-v3-xt.c1197
XGI,Volari V5,XG41,XG4,XG40(Volari V5),2003-09-15,325.0,325.0,325.0,0.25,DDR,128,10.4,,,,,,,,,130,0.09,,UMC,AGP 8x,,,https://www.techpowerup.com/gpu-specs/volari-v5.c81
XGI,Volari V5 Ultra,XG41,XG4,XG40(Volari V5),2003-09-15,350.0,350.0,375.0,0.25,DDR,128,12.0,,,,,,,,,130,0.09,,UMC,AGP 8x,,,https://www.techpowerup.com/gpu-specs/volari-v5-ultra.c82
XGI,Volari V8,XG40,XG4,XG40(Volari V8),2003-09-15,300.0,300.0,325.0,0.25,DDR,128,10.4,,,,,,,,,130,0.11,,UMC,AGP 8x,,,https://www.techpowerup.com/gpu-specs/volari-v8.c85
XGI,Volari V8 Ultra,XG40,XG4,XG40(Volari V8),2003-09-15,350.0,350.0,375.0,0.25,DDR,128,12.0,,,,,,,,,130,0.11,,UMC,AGP 8x,,,https://www.techpowerup.com/gpu-specs/volari-v8-ultra.c87
NVIDIA,GeForce 6100,C51,Curie,GeForce 6 IGP,2004-10-11,425.0,425.0,,,System Shared,,,,,,,,,,,90,,,,PCI,,,https://www.techpowerup.com/gpu-specs/geforce-6100.c2160
NVIDIA,GeForce 6100 + nForce 400,C61,Curie,GeForce 6 IGP,2004-10-11,425.0,425.0,,,System Shared,,,,,,,,,,,90,,,,PCI,,,https://www.techpowerup.com/gpu-specs/geforce-6100-nforce-400.c2155
NVIDIA,GeForce 6100 + nForce 405,C61,Curie,GeForce 6 IGP,2004-10-11,425.0,425.0,,,System Shared,,,,,,,,,,,90,,,,PCI,,,https://www.techpowerup.com/gpu-specs/geforce-6100-nforce-405.c1836
NVIDIA,GeForce 6100 + nForce 420,C61,Curie,GeForce 6 IGP,2004-10-11,425.0,425.0,,,System Shared,,,,,,,,,,,90,,,,PCI,,,https://www.techpowerup.com/gpu-specs/geforce-6100-nforce-420.c2156
NVIDIA,GeForce 6100 + nForce 430,C61,Curie,GeForce 6 IGP,2004-10-11,425.0,425.0,,,System Shared,,,,,,,,,,,90,,,,PCI,,,https://www.techpowerup.com/gpu-specs/geforce-6100-nforce-430.c2157
NVIDIA,GeForce 6150,C51,Curie,GeForce 6 IGP,2004-10-11,475.0,475.0,,,System Shared,,,,,,,,,,,90,,,,PCI,,,https://www.techpowerup.com/gpu-specs/geforce-6150.c2158
NVIDIA,GeForce 6150 LE,C51,Curie,GeForce 6 IGP,2004-10-11,425.0,425.0,,,System Shared,,,,,,,,,,,90,,,,PCI,,,https://www.techpowerup.com/gpu-specs/geforce-6150-le.c2159
NVIDIA,GeForce 6150 SE + nForce 430,C61,Curie,GeForce 6 IGP,2004-10-11,425.0,425.0,,,System Shared,,,,,,,,,,,90,,,,PCI,,,https://www.techpowerup.com/gpu-specs/geforce-6150-se-nforce-430.c2154
NVIDIA,GeForce 6200,NV43,Curie,GeForce 6 PCIe(6200),2004-10-11,300.0,300.0,275.0,0.128,DDR,128,8.8,,,,,,,,,110,0.15,154.0,TSMC,PCIe 1.0 x16,,,https://www.techpowerup.com/gpu-specs/geforce-6200.c53
NVIDIA,GeForce 6200 LE AGP 512 MB,NV44,Curie,GeForce 6 AGP(6200),2004-10-11,300.0,300.0,275.0,0.5,DDR2,128,8.8,,,,,,,,,110,0.07,110.0,TSMC,AGP 8x,,,https://www.techpowerup.com/gpu-specs/geforce-6200-le-agp-512-mb.c165
NVIDIA,GeForce 6200 LE PCI,NV43,Curie,GeForce 6 PCI(6200),2004-10-11,300.0,300.0,266.0,0.25,DDR,64,4.256,,,,,,,,,110,0.15,154.0,TSMC,PCI,,,https://www.techpowerup.com/gpu-specs/geforce-6200-le-pci.c1296
NVIDIA,GeForce 6200 SE TurboCache,NV44,Curie,GeForce 6 PCIe(6200),2004-12-15,350.0,350.0,250.0,0.064,DDR,32,2.0,,,,,,,,,110,0.07,110.0,TSMC,PCIe 1.0 x16,,,https://www.techpowerup.com/gpu-specs/geforce-6200-se-turbocache.c910
NVIDIA,GeForce 6200 TurboCache,NV44B,Curie,GeForce 6 AGP(6200),2004-12-15,350.0,350.0,250.0,0.064,DDR,64,4.0,,,,,,,,,110,0.07,110.0,TSMC,AGP 4x,,,https://www.techpowerup.com/gpu-specs/geforce-6200-turbocache.c909
NVIDIA,GeForce 6600,NV43,Curie,GeForce 6 PCIe(6600),2004-08-12,300.0,300.0,250.0,0.25,DDR,128,8.0,,,,,,,,,110,0.15,154.0,TSMC,PCIe 1.0 x16,,,https://www.techpowerup.com/gpu-specs/geforce-6600.c714
NVIDIA,GeForce 6600 AGP,NV43,Curie,GeForce 6 AGP(6600),2004-08-12,300.0,300.0,250.0,0.128,DDR,128,8.0,,,,,,,,,110,0.15,154.0,TSMC,AGP 8x,,,https://www.techpowerup.com/gpu-specs/geforce-6600-agp.c3640
NVIDIA,GeForce 6600 GT,NV43,Curie,GeForce 6 PCIe(6600),2004-08-12,500.0,500.0,500.0,0.128,GDDR3,128,16.0,,,,,,,,,110,0.15,154.0,TSMC,PCIe 1.0 x16,,,https://www.techpowerup.com/gpu-specs/geforce-6600-gt.c14
NVIDIA,GeForce 6600 GT AGP,NV43,Curie,GeForce 6 AGP(6600),2004-11-14,500.0,500.0,475.0,0.128,GDDR3,128,15.2,,,,,,,47,,110,0.15,154.0,TSMC,AGP 8x,,,https://www.techpowerup.com/gpu-specs/geforce-6600-gt-agp.c115
NVIDIA,GeForce 6600 GT Dual,NV43,Curie,GeForce 6 PCIe(6600),2004-08-12,500.0,500.0,560.0,0.128,GDDR3,128,17.92,,,,,,,,,110,0.15,154.0,TSMC,PCIe 1.0 x16,,,https://www.techpowerup.com/gpu-specs/geforce-6600-gt-dual.c1938
NVIDIA,GeForce 6610 XL,NV43,Curie,GeForce 6 PCIe(6600),2004-11-14,400.0,400.0,400.0,0.128,GDDR3,128,12.8,,,,,,,,,110,0.15,154.0,TSMC,PCIe 1.0 x16,,,https://www.techpowerup.com/gpu-specs/geforce-6610-xl.c1833
NVIDIA,GeForce 6700 XL,NV43,Curie,GeForce 6 PCIe(6700),2004-11-14,525.0,525.0,550.0,0.128,GDDR3,128,17.6,,,,,,,,,110,0.15,154.0,TSMC,PCIe 1.0 x16,,,https://www.techpowerup.com/gpu-specs/geforce-6700-xl.c1837
NVIDIA,GeForce 6800,NV48,Curie,GeForce 6 AGP(6800),2004-04-14,325.0,325.0,350.0,0.25,DDR,256,22.4,,,,,,,,,110,0.22,287.0,TSMC,AGP 8x,,,https://www.techpowerup.com/gpu-specs/geforce-6800.c1775
NVIDIA,GeForce 6800 GT,NV40,Curie,GeForce 6 AGP(6800),2004-04-14,350.0,350.0,250.0,0.128,DDR,256,16.0,,,,,,,,,130,0.22,287.0,TSMC,AGP 8x,,,https://www.techpowerup.com/gpu-specs/geforce-6800-gt.c11
NVIDIA,GeForce 6800 GT DDL,NV40,Curie,GeForce 6 AGP(6800),2004-04-14,350.0,350.0,500.0,0.25,GDDR3,256,32.0,,,,,,,80,,130,0.22,287.0,TSMC,AGP Pro 8x,,,https://www.techpowerup.com/gpu-specs/geforce-6800-gt-ddl.c2335
NVIDIA,GeForce 6800 GT Dual,NV45,Curie,GeForce 6 PCIe(6800),2004-06-08,350.0,350.0,500.0,0.25,GDDR3,256,32.0,,,,,,,,,130,0.22,287.0,TSMC,PCIe 1.0 x16,,,https://www.techpowerup.com/gpu-specs/geforce-6800-gt-dual.c1943
NVIDIA,GeForce 6800 GTO,NV45,Curie,GeForce 6 PCIe(6800),2004-04-14,350.0,350.0,500.0,0.25,GDDR3,256,32.0,,,,,,,,,130,0.22,287.0,TSMC,PCIe 1.0 x16,,,https://www.techpowerup.com/gpu-specs/geforce-6800-gto.c719
NVIDIA,GeForce 6800 LE,NV41,Curie,GeForce 6 PCIe(6800),2005-01-16,325.0,325.0,300.0,0.25,DDR,256,19.2,,,,,,,,,130,0.19,225.0,TSMC,PCIe 1.0 x16,,,https://www.techpowerup.com/gpu-specs/geforce-6800-le.c132
NVIDIA,GeForce 6800 Ultra,NV45,Curie,GeForce 6 PCIe(6800),2004-07-26,425.0,425.0,550.0,0.25,GDDR3,256,35.2,,,,,,,81,,130,0.22,287.0,TSMC,PCIe 1.0 x16,,,https://www.techpowerup.com/gpu-specs/geforce-6800-ultra.c720
NVIDIA,GeForce 6800 Ultra DDL,NV40,Curie,GeForce 6 AGP(6800),2004-04-14,400.0,400.0,550.0,0.25,GDDR3,256,35.2,,,,,,,100,,130,0.22,287.0,TSMC,AGP Pro 8x,,,https://www.techpowerup.com/gpu-specs/geforce-6800-ultra-ddl.c1299
NVIDIA,GeForce FX 5500,NV34B,Rankine,GeForce FX(5500),2004-03-17,270.0,270.0,166.0,0.064,DDR,128,5.312,,,,,,,,,150,0.04,91.0,TSMC,AGP 8x,,,https://www.techpowerup.com/gpu-specs/geforce-fx-5500.c926
NVIDIA,GeForce FX 5500 PCI,NV34B,Rankine,GeForce FX(5500),2004-03-17,270.0,270.0,200.0,0.25,DDR,128,6.4,,,,,,,,,150,0.04,91.0,TSMC,PCI,,,https://www.techpowerup.com/gpu-specs/geforce-fx-5500-pci.c62
NVIDIA,GeForce FX 5700 EP,NV36,Rankine,GeForce FX(5700),2004-09-01,425.0,425.0,200.0,0.128,DDR,64,3.2,,,,,,,,,130,0.08,133.0,TSMC,AGP 8x,,,https://www.techpowerup.com/gpu-specs/geforce-fx-5700-ep.c1295
NVIDIA,GeForce FX 5700 LE,NV36,Rankine,GeForce FX(5700),2004-03-01,250.0,250.0,200.0,0.128,DDR,64,3.2,,,,,,,,,130,0.08,133.0,TSMC,AGP 8x,,,https://www.techpowerup.com/gpu-specs/geforce-fx-5700-le.c747
NVIDIA,GeForce FX 5700 VE,NV36,Rankine,GeForce FX(5700),2004-09-01,250.0,250.0,200.0,0.128,DDR,128,6.4,,,,,,,,,130,0.08,133.0,TSMC,AGP 8x,,,https://www.techpowerup.com/gpu-specs/geforce-fx-5700-ve.c67
NVIDIA,GeForce Go 6800,NV41,Curie,GeForce Go 6(Go 6000),2004-11-08,300.0,300.0,550.0,0.25,GDDR3,256,35.2,,,,,,,45,,130,0.19,225.0,TSMC,MXM-III,,,https://www.techpowerup.com/gpu-specs/geforce-go-6800.c1315
NVIDIA,GeForce PCX 4300,NV18C,Celsius,GeForce PCX,2004-02-19,250.0,250.0,166.0,0.064,DDR,64,2.656,,,,,,,,,150,0.03,65.0,TSMC,PCIe 1.0 x16,,,https://www.techpowerup.com/gpu-specs/geforce-pcx-4300.c743
NVIDIA,GeForce PCX 5300,NV37,Rankine,GeForce PCX,2004-02-17,250.0,250.0,200.0,0.128,DDR,128,6.4,,,,,,,,,150,0.04,91.0,TSMC,PCIe 1.0 x16,,,https://www.techpowerup.com/gpu-specs/geforce-pcx-5300.c58
NVIDIA,GeForce PCX 5750,NV39,Rankine,GeForce PCX,2004-02-17,425.0,425.0,275.0,0.128,DDR,128,8.8,,,,,,,50,,130,0.08,125.0,TSMC,PCIe 1.0 x16,,,https://www.techpowerup.com/gpu-specs/geforce-pcx-5750.c57
NVIDIA,GeForce PCX 5950,NV38,Rankine,GeForce PCX,2004-02-17,475.0,475.0,425.0,0.25,GDDR3,256,27.2,,,,,,,57,,130,0.14,207.0,TSMC,PCIe 1.0 x16,,,https://www.techpowerup.com/gpu-specs/geforce-pcx-5950.c54
NVIDIA,Quadro FX 1100,NV36B,Rankine,Quadro FX Rankine(x100),2004-04-01,425.0,425.0,325.0,0.128,DDR2,128,10.4,,,,,,,,,130,0.08,133.0,TSMC,AGP 8x,,,https://www.techpowerup.com/gpu-specs/quadro-fx-1100.c1354
NVIDIA,Quadro FX 1300,NV38,Rankine,Quadro FX Rankine(x300),2004-08-09,350.0,350.0,275.0,0.128,DDR,256,17.6,,,,,,,55,,130,0.14,207.0,TSMC,PCIe 1.0 x16,,,https://www.techpowerup.com/gpu-specs/quadro-fx-1300.c1355
NVIDIA,Quadro FX 1400,NV41,Curie,Quadro FX Curie(x400),2004-08-09,350.0,350.0,300.0,0.128,DDR,256,19.2,,,,,,,55,,130,0.19,225.0,TSMC,PCIe 1.0 x16,,,https://www.techpowerup.com/gpu-specs/quadro-fx-1400.c1356
NVIDIA,Quadro FX 330,NV37,Rankine,Quadro FX Rankine(x300),2004-06-28,250.0,250.0,200.0,0.064,DDR2,64,3.2,,,,,,,21,,150,0.04,91.0,TSMC,PCIe 1.0 x16,,,https://www.techpowerup.com/gpu-specs/quadro-fx-330.c1349
NVIDIA,Quadro FX 3400,NV45,Curie,Quadro FX Curie(x400),2004-06-28,350.0,350.0,450.0,0.25,GDDR3,256,28.8,,,,,,,101,,130,0.22,287.0,TSMC,PCIe 1.0 x16,,,https://www.techpowerup.com/gpu-specs/quadro-fx-3400.c1367
NVIDIA,Quadro FX 4000,NV40,Curie,Quadro FX Rankine(x000),2004-04-01,375.0,375.0,500.0,0.25,GDDR3,256,32.0,,,,,,,142,,130,0.22,287.0,TSMC,AGP 8x,,,https://www.techpowerup.com/gpu-specs/quadro-fx-4000.c1365
NVIDIA,Quadro FX 4000 SDI,NV41,Curie,Quadro FX Rankine(x000),2004-04-19,425.0,425.0,500.0,0.25,GDDR3,256,32.0,,,,,,,150,,130,0.19,225.0,TSMC,PCIe 1.0 x16,,,https://www.techpowerup.com/gpu-specs/quadro-fx-4000-sdi.c1366
NVIDIA,Quadro FX 540,NV43,Curie,Quadro FX Curie(x400),2004-08-09,300.0,300.0,250.0,0.128,DDR,128,8.0,,,,,,,25,,110,0.15,154.0,TSMC,PCIe 1.0 x16,,,https://www.techpowerup.com/gpu-specs/quadro-fx-540.c1334
NVIDIA,Quadro FX 600 PCI,NV34,Rankine,Quadro FX Rankine(x000),2004-03-17,270.0,270.0,240.0,0.128,DDR,128,7.68,,,,,,,,,150,0.04,124.0,TSMC,PCI,,,https://www.techpowerup.com/gpu-specs/quadro-fx-600-pci.c1352
NVIDIA,Quadro FX 700,NV35,Rankine,Quadro FX Rankine(x000),2004-03-17,275.0,275.0,275.0,0.128,DDR,128,8.8,,,,,,,,,130,0.14,207.0,TSMC,AGP 8x,,,https://www.techpowerup.com/gpu-specs/quadro-fx-700.c1351
NVIDIA,Quadro FX Go1000,NV36,Rankine,Quadro FX Go,2004-02-25,295.0,295.0,285.0,0.128,DDR,128,9.12,,,,,,,,,130,0.08,133.0,TSMC,AGP 4x,,,https://www.techpowerup.com/gpu-specs/quadro-fx-go1000.c1830
NVIDIA,Quadro FX Go540,NV43,Curie,Quadro FX Go,2004-08-09,300.0,300.0,225.0,0.128,DDR,128,7.2,,,,,,,25,,110,0.15,154.0,TSMC,MXM-II,,,https://www.techpowerup.com/gpu-specs/quadro-fx-go540.c1744
NVIDIA,Quadro NVS 280 AGP,NV34,Rankine,Quadro NVS,2004-05-25,275.0,275.0,250.0,0.064,DDR,128,8.0,,,,,,,13,,150,0.04,124.0,TSMC,AGP 8x,,,https://www.techpowerup.com/gpu-specs/quadro-nvs-280-agp.c1457
NVIDIA,Quadro NVS 280 PCIe,NV37,Rankine,Quadro NVS,2004-05-25,275.0,275.0,250.0,0.064,DDR,128,8.0,,,,,,,13,,150,0.04,91.0,TSMC,PCIe 1.0 x16,,,https://www.techpowerup.com/gpu-specs/quadro-nvs-280-pcie.c1456
NVIDIA,Quadro4 400 NVS PCI,NV17,Celsius,Quadro4 NVS,2004-07-16,220.0,220.0,166.0,0.064,DDR,128,5.312,,,,,,,18,,150,0.03,65.0,TSMC,PCI,,,https://www.techpowerup.com/gpu-specs/quadro4-400-nvs-pci.c1459
Intel,GMA 900,Alviso,Generation 3.0,GMA Graphics-M(GMA 900 IGP),2005-01-01,333.0,333.0,,,System Shared,,,,,,,,,,,130,,,Intel,FSB,,,https://www.techpowerup.com/gpu-specs/gma-900.c1226
ATI,All-In-Wonder 9200,RV280,Rage 7,All-In-Wonder(9000),2004-01-26,250.0,250.0,200.0,0.128,DDR,128,6.4,,,,,,,,,150,0.04,98.0,UMC,AGP 8x,,,https://www.techpowerup.com/gpu-specs/all-in-wonder-9200.c867
ATI,All-In-Wonder 9200 SE,RV280,Rage 7,All-In-Wonder(9000),2004-01-26,250.0,250.0,164.0,0.128,DDR,64,2.624,,,,,,,,,150,0.04,98.0,UMC,AGP 8x,,,https://www.techpowerup.com/gpu-specs/all-in-wonder-9200-se.c868
ATI,All-In-Wonder 9600 XT,RV360,R300,All-In-Wonder(9000),2004-02-06,527.0,527.0,324.0,0.128,DDR,128,10.37,,,,,,,,,130,0.06,76.0,TSMC,AGP 8x,,,https://www.techpowerup.com/gpu-specs/all-in-wonder-9600-xt.c114
ATI,All-In-Wonder X800 GT,R430,R400,All-In-Wonder(X),2004-09-21,398.0,398.0,492.0,0.128,GDDR3,128,15.74,,,,,,,,,110,0.16,240.0,TSMC,PCIe 1.0 x16,,,https://www.techpowerup.com/gpu-specs/all-in-wonder-x800-gt.c1913
ATI,All-In-Wonder X800 XT,R420,R400,All-In-Wonder(X),2004-09-21,500.0,500.0,500.0,0.25,GDDR3,256,32.0,,,,,,,,,130,0.16,281.0,TSMC,AGP 8x,,,https://www.techpowerup.com/gpu-specs/all-in-wonder-x800-xt.c133
ATI,FireGL V3100,RV370,R300,FireGL(Vx100),2004-09-01,391.0,391.0,196.0,0.128,DDR,64,3.136,,,,,,,,,110,0.11,74.0,TSMC,PCIe 1.0 x16,,,https://www.techpowerup.com/gpu-specs/firegl-v3100.c694
ATI,FireGL V3200,RV380,R300,FireGL(Vx200),2004-09-01,500.0,500.0,350.0,0.128,DDR,128,11.2,,,,,,,46,,130,0.07,92.0,TSMC,PCIe 1.0 x16,,,https://www.techpowerup.com/gpu-specs/firegl-v3200.c693
ATI,FireGL V5000,RV410,R400,FireGL(Vx000),2004-09-01,425.0,425.0,430.0,0.128,GDDR3,128,13.76,,,,,,,,,110,0.12,156.0,TSMC,PCIe 1.0 x16,,,https://www.techpowerup.com/gpu-specs/firegl-v5000.c692
ATI,FireGL V5100,R423,R400,FireGL(Vx100),2004-05-01,450.0,450.0,350.0,0.128,DDR,256,22.4,,,,,,,,,130,0.16,289.0,TSMC,PCIe 1.0 x16,,,https://www.techpowerup.com/gpu-specs/firegl-v5100.c848
ATI,FireGL V7100,R423,R400,FireGL(Vx100),2004-12-01,493.0,493.0,475.0,0.25,GDDR3,256,30.4,,,,,,,91,,130,0.16,289.0,TSMC,PCIe 1.0 x16,,,https://www.techpowerup.com/gpu-specs/firegl-v7100.c856
ATI,FireGL X3-256,R420,R400,FireGL(9000),2004-08-03,491.0,491.0,454.0,0.25,GDDR3,256,29.06,,,,,,,57,,130,0.16,281.0,TSMC,AGP 8x,,,https://www.techpowerup.com/gpu-specs/firegl-x3-256.c1376
ATI,Mobility FireGL T2e,M11,R300,Mobility FireGL,2004-08-01,450.0,450.0,225.0,0.128,DDR,128,7.2,,,,,,,,,130,0.08,92.0,TSMC,AGP 4x,,,https://www.techpowerup.com/gpu-specs/mobility-firegl-t2e.c1661
ATI,Mobility FireGL V3100,M22,R300,Mobility FireGL(V3xxx),2004-06-01,350.0,350.0,200.0,0.128,DDR,128,6.4,,,,,,,,,110,0.11,74.0,TSMC,PCIe 1.0 x16,,,https://www.techpowerup.com/gpu-specs/mobility-firegl-v3100.c1662
ATI,Mobility FireGL V3200,M24,R300,Mobility FireGL(V3xxx),2004-06-01,400.0,400.0,250.0,0.128,DDR2,128,8.0,,,,,,,,,130,0.07,92.0,TSMC,PCIe 1.0 x16,,,https://www.techpowerup.com/gpu-specs/mobility-firegl-v3200.c1663
ATI,Mobility Radeon 7000,M6,Rage 6,M6(Mobility),2004-01-01,144.0,144.0,139.0,0.016,DDR,32,1.112,,,,,,,,,180,0.03,115.0,TSMC,AGP 4x,,,https://www.techpowerup.com/gpu-specs/mobility-radeon-7000.c3845
ATI,Mobility Radeon 9500,M10,R300,M1x(Mobility 9000),2004-06-01,230.0,230.0,190.0,0.128,DDR,64,3.04,,,,,,,,,130,0.08,92.0,TSMC,AGP 4x,,,https://www.techpowerup.com/gpu-specs/mobility-radeon-9500.c1781
ATI,Mobility Radeon 9550,M12,R300,M1x(Mobility 9000),2004-06-01,250.0,250.0,243.0,0.064,DDR,64,3.888,,,,,,,,,130,0.08,92.0,TSMC,AGP 4x,,,https://www.techpowerup.com/gpu-specs/mobility-radeon-9550.c1780
ATI,Mobility Radeon 9600,M10,R300,M1x(Mobility 9000),2004-06-01,300.0,300.0,200.0,0.128,DDR,64,3.2,,,,,,,,,130,0.08,92.0,TSMC,AGP 8x,,,https://www.techpowerup.com/gpu-specs/mobility-radeon-9600.c1598
ATI,Mobility Radeon 9600 PRO,M10,R300,M1x(Mobility 9000),2004-06-01,333.0,333.0,200.0,0.128,DDR,128,6.4,,,,,,,,,130,0.08,92.0,TSMC,AGP 8x,,,https://www.techpowerup.com/gpu-specs/mobility-radeon-9600-pro.c1599
ATI,Mobility Radeon 9600 PRO Turbo,M10,R300,M1x(Mobility 9000),2004-02-13,337.0,337.0,243.0,0.128,DDR,128,7.776,,,,,,,,,130,0.08,92.0,TSMC,AGP 8x,,,https://www.techpowerup.com/gpu-specs/mobility-radeon-9600-pro-turbo.c1681
ATI,Mobility Radeon 9700,M11,R300,M1x(Mobility 9000),2004-06-01,450.0,450.0,275.0,0.064,DDR,128,8.8,,,,,,,,,130,0.08,92.0,TSMC,AGP 8x,,,https://www.techpowerup.com/gpu-specs/mobility-radeon-9700.c1600
ATI,Mobility Radeon 9700 SE,M10,R300,M1x(Mobility 9000),2004-06-01,250.0,250.0,200.0,0.128,DDR,64,3.2,,,,,,,,,130,0.08,92.0,TSMC,AGP 4x,,,https://www.techpowerup.com/gpu-specs/mobility-radeon-9700-se.c1782
ATI,Mobility Radeon 9800,M18,R400,M1x(Mobility 9000),2004-07-01,350.0,350.0,300.0,0.25,DDR,256,19.2,,,,,,,,,130,0.16,281.0,TSMC,AGP 8x,,,https://www.techpowerup.com/gpu-specs/mobility-radeon-9800.c1601
ATI,Mobility Radeon X600,M24,R300,M2x(Mobility X1),2004-06-01,400.0,400.0,250.0,0.128,DDR,128,8.0,,,,,,,,,130,0.07,92.0,TSMC,PCIe 1.0 x16,,,https://www.techpowerup.com/gpu-specs/mobility-radeon-x600.c1409
ATI,Mobility Radeon X600 SE,M24,R300,M2x(Mobility X1),2004-06-01,400.0,400.0,250.0,0.064,DDR,128,8.0,,,,,,,,,130,0.07,92.0,TSMC,PCIe 1.0 x16,,,https://www.techpowerup.com/gpu-specs/mobility-radeon-x600-se.c1602
ATI,Mobility Radeon X800,M28,R400,M2x(Mobility X1),2004-11-01,400.0,400.0,400.0,0.25,GDDR3,256,25.6,,,,,,,,,130,0.16,289.0,TSMC,PCIe 1.0 x16,,,https://www.techpowerup.com/gpu-specs/mobility-radeon-x800.c1407
ATI,Radeon 7000 Mac Edition,RV100,Rage 6,Radeon R100(7000),2004-03-14,183.0,183.0,183.0,0.032,DDR,64,2.928,,,,,,,23,,180,0.03,80.0,TSMC,AGP 4x,,,https://www.techpowerup.com/gpu-specs/radeon-7000-mac-edition.c1902
ATI,Radeon 7000 Mac Edition PCI,RV100,Rage 6,Radeon R100(7000),2004-03-14,183.0,183.0,183.0,0.032,DDR,64,2.928,,,,,,,23,,180,0.03,80.0,TSMC,PCI,,,https://www.techpowerup.com/gpu-specs/radeon-7000-mac-edition-pci.c1901
ATI,Radeon 9000 PRO Mac Edition,RV250,Rage 7,Radeon R200(9000),2004-03-14,275.0,275.0,275.0,0.064,DDR,128,8.8,,,,,,,28,,150,0.04,97.0,TSMC,AGP 4x,,,https://www.techpowerup.com/gpu-specs/radeon-9000-pro-mac-edition.c1900
ATI,Radeon 9250,RV280,Rage 7,Radeon R200(9200),2004-03-01,240.0,240.0,200.0,0.064,DDR,64,3.2,,,,,,,,,150,0.04,98.0,UMC,AGP 8x,,,https://www.techpowerup.com/gpu-specs/radeon-9250.c45
ATI,Radeon 9250 PCI,RV280,Rage 7,Radeon R200(9200),2004-03-01,240.0,240.0,200.0,0.128,DDR,64,3.2,,,,,,,,,150,0.04,98.0,UMC,PCI,,,https://www.techpowerup.com/gpu-specs/radeon-9250-pci.c1162
ATI,Radeon 9800 PRO Mac Edition,R360,R300,Radeon R300(9800),2004-03-04,378.0,378.0,338.0,0.128,DDR,256,21.63,,,,,,,60,,150,0.12,218.0,TSMC,AGP Pro 8x,,,https://www.techpowerup.com/gpu-specs/radeon-9800-pro-mac-edition.c2233
ATI,Radeon 9800 XT Mac Edition,R360,R300,Radeon R300(9800),2004-03-14,412.0,412.0,365.0,0.25,DDR,256,23.36,,,,,,,60,,150,0.12,218.0,TSMC,AGP Pro 8x,,,https://www.techpowerup.com/gpu-specs/radeon-9800-xt-mac-edition.c1899
ATI,Radeon X300,RV370,R300,Radeon R300(X300),2004-09-01,375.0,375.0,200.0,0.064,DDR,128,6.4,,,,,,,36,,110,0.11,74.0,TSMC,PCIe 1.0 x16,,,https://www.techpowerup.com/gpu-specs/radeon-x300.c511
ATI,Radeon X300 LE,RV370,R300,Radeon R300(X300),2004-09-01,325.0,325.0,200.0,0.064,DDR,128,6.4,,,,,,,,,110,0.11,74.0,TSMC,PCIe 1.0 x16,,,https://www.techpowerup.com/gpu-specs/radeon-x300-le.c513
ATI,Radeon X300 SE,RV370,R300,Radeon R300(X300),2004-09-01,325.0,325.0,200.0,0.064,DDR,64,3.2,,,,,,,30,,110,0.11,74.0,TSMC,PCIe 1.0 x16,,,https://www.techpowerup.com/gpu-specs/radeon-x300-se.c512
ATI,Radeon X600,RV370,R300,Radeon R300(X600),2004-09-01,400.0,400.0,250.0,0.25,DDR,128,8.0,,,,,,,36,,110,0.11,74.0,TSMC,PCIe 1.0 x16,,,https://www.techpowerup.com/gpu-specs/radeon-x600.c1814
ATI,Radeon X600 PRO,RV370,R300,Radeon R300(X600),2004-09-01,400.0,400.0,300.0,0.128,DDR,128,9.6,,,,,,,36,,110,0.11,74.0,TSMC,PCIe 1.0 x16,,,https://www.techpowerup.com/gpu-specs/radeon-x600-pro.c2292
ATI,Radeon X600 SE,RV370,R300,Radeon R300(X600),2004-09-01,325.0,325.0,250.0,0.128,DDR,64,4.0,,,,,,,36,,110,0.11,74.0,TSMC,PCIe 1.0 x16,,,https://www.techpowerup.com/gpu-specs/radeon-x600-se.c1815
ATI,Radeon X600 XT,RV380,R300,Radeon R300(X600),2004-09-01,500.0,500.0,370.0,0.128,DDR,128,11.84,,,,,,,25,,130,0.07,92.0,TSMC,PCIe 1.0 x16,,,https://www.techpowerup.com/gpu-specs/radeon-x600-xt.c24
ATI,Radeon X700,RV410,R400,Radeon R400 PCIe(X700),2004-09-01,400.0,400.0,250.0,0.128,DDR,128,8.0,,,,,,,44,,110,0.12,156.0,TSMC,PCIe 1.0 x16,,,https://www.techpowerup.com/gpu-specs/radeon-x700.c21
ATI,Radeon X700 AGP,RV410,R400,Radeon R400 AGP(X700),2004-09-01,400.0,400.0,250.0,0.128,DDR,128,8.0,,,,,,,44,,110,0.12,156.0,TSMC,AGP 8x,,,https://www.techpowerup.com/gpu-specs/radeon-x700-agp.c521
ATI,Radeon X700 LE,RV410,R400,Radeon R400 PCIe(X700),2004-12-21,400.0,400.0,350.0,0.128,DDR,128,11.2,,,,,,,,,110,0.12,156.0,TSMC,PCIe 1.0 x16,,,https://www.techpowerup.com/gpu-specs/radeon-x700-le.c527
ATI,Radeon X700 PRO,RV410,R400,Radeon R400 PCIe(X700),2004-09-01,425.0,425.0,430.0,0.128,GDDR3,128,13.76,,,,,,,33,,110,0.12,156.0,TSMC,PCIe 1.0 x16,,,https://www.techpowerup.com/gpu-specs/radeon-x700-pro.c20
ATI,Radeon X700 PRO AGP,RV410,R400,Radeon R400 AGP(X700),2004-09-01,425.0,425.0,472.0,0.128,DDR,128,15.1,,,,,,,33,,110,0.12,156.0,TSMC,AGP 8x,,,https://www.techpowerup.com/gpu-specs/radeon-x700-pro-agp.c522
ATI,Radeon X700 XT,RV410,R400,Radeon R400 PCIe(X700),2004-09-01,475.0,475.0,525.0,0.128,GDDR3,128,16.8,,,,,,,38,,110,0.12,156.0,TSMC,PCIe 1.0 x16,,,https://www.techpowerup.com/gpu-specs/radeon-x700-xt.c531
ATI,Radeon X800,R430,R400,Radeon R400 PCIe(X800),2004-12-01,400.0,400.0,350.0,0.25,DDR,256,22.4,,,,,,,30,,110,0.16,240.0,TSMC,PCIe 1.0 x16,,,https://www.techpowerup.com/gpu-specs/radeon-x800.c107
ATI,Radeon X800 PRO,R423,R400,Radeon R400 PCIe(X800),2004-05-01,475.0,475.0,450.0,0.25,GDDR3,256,28.8,,,,,,,48,,130,0.16,289.0,TSMC,PCIe 1.0 x16,,,https://www.techpowerup.com/gpu-specs/radeon-x800-pro.c3255
ATI,Radeon X800 PRO AGP,R420,R400,Radeon R400 AGP(X800),2004-05-01,475.0,475.0,450.0,0.25,GDDR3,256,28.8,,,,,,,48,,130,0.16,281.0,TSMC,AGP 8x,,,https://www.techpowerup.com/gpu-specs/radeon-x800-pro-agp.c2
ATI,Radeon X800 SE,R423,R400,Radeon R400 PCIe(X800),2004-10-04,425.0,425.0,350.0,0.128,DDR,256,22.4,,,,,,,,,130,0.16,289.0,TSMC,PCIe 1.0 x16,,,https://www.techpowerup.com/gpu-specs/radeon-x800-se.c37
ATI,Radeon X800 SE AGP,R420,R400,Radeon R400 AGP(X800),2004-09-01,450.0,450.0,400.0,0.25,DDR,256,25.6,,,,,,,,,130,0.16,281.0,TSMC,AGP 8x,,,https://www.techpowerup.com/gpu-specs/radeon-x800-se-agp.c36
ATI,Radeon X800 VE AGP,R420,R400,Radeon R400 AGP(X800),2004-09-01,425.0,425.0,398.0,0.25,GDDR3,256,25.47,,,,,,,,,130,0.16,281.0,TSMC,AGP 8x,,,https://www.techpowerup.com/gpu-specs/radeon-x800-ve-agp.c2209
ATI,Radeon X800 XL,R430,R400,Radeon R400 PCIe(X800),2004-12-01,400.0,400.0,490.0,0.25,GDDR3,256,31.36,,,,,,,49,,110,0.16,240.0,TSMC,PCIe 1.0 x16,,,https://www.techpowerup.com/gpu-specs/radeon-x800-xl.c536
ATI,Radeon X800 XL AGP,R430,R400,Radeon R400 AGP(X800),2004-05-01,400.0,400.0,500.0,0.25,GDDR3,256,32.0,,,,,,,49,,110,0.16,240.0,TSMC,AGP 8x,,,https://www.techpowerup.com/gpu-specs/radeon-x800-xl-agp.c119
ATI,Radeon X800 XT,R423,R400,Radeon R400 PCIe(X800),2004-12-01,500.0,500.0,500.0,0.25,GDDR3,256,32.0,,,,,,,54,,130,0.16,289.0,TSMC,PCIe 1.0 x16,,,https://www.techpowerup.com/gpu-specs/radeon-x800-xt.c22
ATI,Radeon X800 XT AGP,R420,R400,Radeon R400 AGP(X800),2004-03-01,500.0,500.0,500.0,0.25,GDDR3,256,32.0,,,,,,,54,,130,0.16,281.0,TSMC,AGP 8x,,,https://www.techpowerup.com/gpu-specs/radeon-x800-xt-agp.c18
ATI,Radeon X800 XT Mac Edition,R423,R400,Radeon R400 AGP(X800),2004-12-01,475.0,475.0,500.0,0.25,GDDR3,256,32.0,,,,,,,54,,130,0.16,289.0,TSMC,AGP Pro 8x,,,https://www.techpowerup.com/gpu-specs/radeon-x800-xt-mac-edition.c994
ATI,Radeon X800 XT Platinum,R423,R400,Radeon R400 PCIe(X800),2004-03-01,520.0,520.0,560.0,0.25,GDDR3,256,35.84,,,,,,,63,,130,0.16,289.0,TSMC,PCIe 1.0 x16,,,https://www.techpowerup.com/gpu-specs/radeon-x800-xt-platinum.c23
ATI,Radeon X800 XT Platinum AGP,R420,R400,Radeon R400 AGP(X800),2004-05-01,520.0,520.0,560.0,0.25,GDDR3,256,35.84,,,,,,,63,,130,0.16,281.0,TSMC,AGP 8x,,,https://www.techpowerup.com/gpu-specs/radeon-x800-xt-platinum-agp.c1
ATI,Radeon X850 PRO,R480,R400,Radeon R400 PCIe(X850),2004-12-01,507.0,507.0,520.0,0.25,GDDR3,256,33.28,,,,,,,,,130,0.16,297.0,TSMC,PCIe 1.0 x16,,,https://www.techpowerup.com/gpu-specs/radeon-x850-pro.c105
ATI,Radeon X850 XT,R480,R400,Radeon R400 PCIe(X850),2004-12-01,520.0,520.0,540.0,0.25,GDDR3,256,34.56,,,,,,,69,,130,0.16,297.0,TSMC,PCIe 1.0 x16,,,https://www.techpowerup.com/gpu-specs/radeon-x850-xt.c966
ATI,Radeon X850 XT Platinum,R480,R400,Radeon R400 PCIe(X850),2004-12-21,540.0,540.0,590.0,0.25,GDDR3,256,37.76,,,,,,,67,,130,0.16,297.0,TSMC,PCIe 1.0 x16,,,https://www.techpowerup.com/gpu-specs/radeon-x850-xt-platinum.c103
ATI,Radeon Xpress 200 IGP,RC410,R300,Radeon IGP(Xpress 200),2004-11-08,300.0,300.0,,,System Shared,,,,,,,,,,,130,,73.0,,PCI,,,https://www.techpowerup.com/gpu-specs/radeon-xpress-200-igp.c2478
Matrox,QID,MP-A4,MP,QID,2004-12-17,250.0,250.0,300.0,0.25,DDR,128,9.6,,,,,,,,,,,,UMC,AGP 8x,,,https://www.techpowerup.com/gpu-specs/qid.c3527
Matrox,QID LP PCI,MP-A4,MP,QID,2004-12-17,250.0,250.0,300.0,0.128,DDR,64,4.8,,,,,,,,,,,,UMC,PCI-X,,,https://www.techpowerup.com/gpu-specs/qid-lp-pci.c3526
Matrox,QID LP PCIe,MP-A4,MP,QID,2004-12-17,250.0,250.0,300.0,0.128,DDR,128,9.6,,,,,,,,,,,,UMC,PCIe 1.0 x16,,,https://www.techpowerup.com/gpu-specs/qid-lp-pcie.c3524
Matrox,QID PRO,MP-A4,MP,QID,2004-12-17,250.0,250.0,300.0,0.25,DDR,64,4.8,,,,,,,,,,,,UMC,PCI-X,,,https://www.techpowerup.com/gpu-specs/qid-pro.c3525
Sony,Playstation Portable GPU 90nm,RE+SE-90nm,,Console GPU(Sony),2004-12-12,133.0,133.0,83.0,0.002,eDRAM,512,5.312,,,,,,,4,,90,,83.0,Sony,,,,https://www.techpowerup.com/gpu-specs/playstation-portable-gpu-90nm.c3709
NVIDIA,GeForce 6200 LE,NV44,Curie,GeForce 6 PCIe(6200),2005-04-04,350.0,350.0,266.0,0.128,DDR,64,4.256,,,,,,,,,110,0.07,110.0,TSMC,PCIe 1.0 x16,,,https://www.techpowerup.com/gpu-specs/geforce-6200-le.c1297
NVIDIA,GeForce 6200 LE AGP,NV44,Curie,GeForce 6 AGP(6200),2005-04-04,350.0,350.0,266.0,0.128,DDR,64,4.256,,,,,,,,,110,0.07,110.0,TSMC,AGP 8x,,,https://www.techpowerup.com/gpu-specs/geforce-6200-le-agp.c708
NVIDIA,GeForce 6500,NV44,Curie,GeForce 6 PCIe(6500),2005-10-01,400.0,400.0,266.0,0.128,DDR2,128,8.512,,,,,,,,,110,0.07,110.0,TSMC,PCIe 1.0 x16,,,https://www.techpowerup.com/gpu-specs/geforce-6500.c713
NVIDIA,GeForce 6600 LE,NV43,Curie,GeForce 6 PCIe(6600),2005-01-01,300.0,300.0,250.0,0.128,DDR,128,8.0,,,,,,,,,110,0.15,154.0,TSMC,PCIe 1.0 x16,,,https://www.techpowerup.com/gpu-specs/geforce-6600-le.c715
NVIDIA,GeForce 6600 LE AGP,NV43,Curie,GeForce 6 AGP(6600),2005-01-01,300.0,300.0,200.0,0.128,DDR,128,6.4,,,,,,,,,110,0.15,154.0,TSMC,AGP 8x,,,https://www.techpowerup.com/gpu-specs/geforce-6600-le-agp.c716
NVIDIA,GeForce 6600 VE,NV43,Curie,GeForce 6 PCIe(6600),2005-01-01,300.0,300.0,200.0,0.128,GDDR3,128,6.4,,,,,,,,,110,0.15,154.0,TSMC,PCIe 1.0 x16,,,https://www.techpowerup.com/gpu-specs/geforce-6600-ve.c1835
NVIDIA,GeForce 6800 GS,NV40,Curie,GeForce 6 AGP(6800),2005-12-08,350.0,350.0,500.0,0.25,GDDR3,256,32.0,,,,,,,,,130,0.22,287.0,TSMC,AGP 8x,,,https://www.techpowerup.com/gpu-specs/geforce-6800-gs.c145
NVIDIA,GeForce 6800 XE,NV40,Curie,GeForce 6 AGP(6800),2005-09-30,275.0,275.0,266.0,0.25,DDR2,128,8.512,,,,,,,,,130,0.22,287.0,TSMC,AGP 8x,,,https://www.techpowerup.com/gpu-specs/geforce-6800-xe.c1819
NVIDIA,GeForce 6800 XT,NV41,Curie,GeForce 6 PCIe(6800),2005-09-30,425.0,425.0,500.0,0.25,GDDR3,256,32.0,,,,,,,,,130,0.19,225.0,TSMC,PCIe 1.0 x16,,,https://www.techpowerup.com/gpu-specs/geforce-6800-xt.c711
NVIDIA,GeForce 7800 GT,G70,Curie,GeForce 7 PCIe(7800),2005-08-11,400.0,400.0,500.0,0.25,GDDR3,256,32.0,,,,,,,65,,110,0.3,333.0,TSMC,PCIe 1.0 x16,,,https://www.techpowerup.com/gpu-specs/geforce-7800-gt.c126
NVIDIA,GeForce 7800 GT Dual,G70,Curie,GeForce 7 PCIe(7800),2005-08-11,400.0,400.0,500.0,0.25,GDDR3,256,32.0,,,,,,,120,,110,0.3,333.0,TSMC,PCIe 1.0 x16,,,https://www.techpowerup.com/gpu-specs/geforce-7800-gt-dual.c1944
NVIDIA,GeForce 7800 GTX,G70,Curie,GeForce 7 PCIe(7800),2005-06-22,430.0,430.0,600.0,0.25,GDDR3,256,38.4,,,,,,,86,,110,0.3,333.0,TSMC,PCIe 1.0 x16,,,https://www.techpowerup.com/gpu-specs/geforce-7800-gtx.c127
NVIDIA,GeForce 7800 GTX 512,G70,Curie,GeForce 7 PCIe(7800),2005-11-14,500.0,500.0,800.0,0.5,GDDR3,256,51.2,,,,,,,108,,110,0.3,333.0,TSMC,PCIe 1.0 x16,,,https://www.techpowerup.com/gpu-specs/geforce-7800-gtx-512.c144
NVIDIA,GeForce FX Go5700,NV36,Rankine,GeForce FX Go 5(Go 5000),2005-02-01,450.0,450.0,275.0,0.128,DDR,128,8.8,,,,,,,,,130,0.08,133.0,TSMC,AGP 8x,,,https://www.techpowerup.com/gpu-specs/geforce-fx-go5700.c1552
NVIDIA,GeForce Go 6200 TE,NV43,Curie,GeForce Go 6(Go 6000),2005-09-29,300.0,300.0,300.0,0.064,DDR,64,4.8,,,,,,,,,110,0.15,154.0,TSMC,PCIe 1.0 x16,,,https://www.techpowerup.com/gpu-specs/geforce-go-6200-te.c2222
NVIDIA,GeForce Go 6600,NV43,Curie,GeForce Go 6(Go 6000),2005-09-29,300.0,300.0,350.0,0.25,DDR,128,11.2,,,,,,,,,110,0.15,154.0,TSMC,MXM-II,,,https://www.techpowerup.com/gpu-specs/geforce-go-6600.c1566
NVIDIA,GeForce Go 6600 NPB 128M,NV43,Curie,GeForce Go 6(Go 6000),2005-09-29,375.0,375.0,300.0,0.128,DDR,128,9.6,,,,,,,,,110,0.15,154.0,TSMC,MXM-I,,,https://www.techpowerup.com/gpu-specs/geforce-go-6600-npb-128m.c2223
NVIDIA,GeForce Go 6600 TE,NV43,Curie,GeForce Go 6(Go 6000),2005-09-29,225.0,225.0,200.0,0.128,DDR,128,6.4,,,,,,,,,110,0.15,154.0,TSMC,PCIe 1.0 x16,,,https://www.techpowerup.com/gpu-specs/geforce-go-6600-te.c2221
NVIDIA,GeForce Go 6800 Ultra,NV41,Curie,GeForce Go 6(Go 6000),2005-02-24,450.0,450.0,600.0,0.25,GDDR3,256,38.4,,,,,,,89,,130,0.19,225.0,TSMC,PCIe 1.0 x16,,,https://www.techpowerup.com/gpu-specs/geforce-go-6800-ultra.c1565
NVIDIA,GeForce Go 7800 GTX,G70,Curie,GeForce Go 7(Go 7000),2005-09-29,440.0,440.0,550.0,0.5,GDDR3,256,35.2,,,,,,,65,,110,0.3,333.0,TSMC,PCIe 1.0 x16,,,https://www.techpowerup.com/gpu-specs/geforce-go-7800-gtx.c1574
NVIDIA,Quadro FX 2500M,G71,Curie,Quadro FX Mobile(x500M),2005-09-29,500.0,500.0,600.0,0.5,GDDR3,256,38.4,,,,,,,45,,90,0.28,196.0,TSMC,MXM-III,,,https://www.techpowerup.com/gpu-specs/quadro-fx-2500m.c1444
NVIDIA,Quadro FX 3450,NV41,Curie,Quadro FX Curie(x400),2005-07-28,425.0,425.0,500.0,0.25,GDDR3,256,32.0,,,,,,,83,,130,0.19,225.0,TSMC,PCIe 1.0 x16,,,https://www.techpowerup.com/gpu-specs/quadro-fx-3450.c1368
NVIDIA,Quadro FX 4400,NV45,Curie,Quadro FX Curie(x400),2005-07-28,375.0,375.0,525.0,0.5,GDDR3,256,33.6,,,,,,,83,,130,0.22,287.0,TSMC,PCIe 1.0 x16,,,https://www.techpowerup.com/gpu-specs/quadro-fx-4400.c1832
NVIDIA,Quadro FX 4400G,NV45,Curie,Quadro FX Curie(x400),2005-07-28,375.0,375.0,525.0,0.5,GDDR3,256,33.6,,,,,,,83,,130,0.22,287.0,TSMC,PCIe 1.0 x16,,,https://www.techpowerup.com/gpu-specs/quadro-fx-4400g.c2353
NVIDIA,Quadro FX 4500,G70,Curie,Quadro FX Curie(x500),2005-07-28,430.0,430.0,525.0,0.5,GDDR3,256,33.6,,,,,,,109,,110,0.3,333.0,TSMC,PCIe 1.0 x16,,,https://www.techpowerup.com/gpu-specs/quadro-fx-4500.c1342
NVIDIA,Quadro FX Go1400,NV41,Curie,Quadro FX Go,2005-02-25,275.0,275.0,295.0,0.25,DDR,256,18.88,,,,,,,,,130,0.19,225.0,TSMC,MXM-III,,,https://www.techpowerup.com/gpu-specs/quadro-fx-go1400.c1831
NVIDIA,Quadro NVS 280 SD,NV18C,Celsius,Quadro NVS,2005-05-31,250.0,250.0,200.0,0.064,DDR,64,3.2,,,,,,,10,,150,0.03,65.0,TSMC,AGP 8x,,,https://www.techpowerup.com/gpu-specs/quadro-nvs-280-sd.c3160
NVIDIA,Quadro NVS 50 PCI,NV18,Celsius,Quadro NVS,2005-05-31,250.0,250.0,200.0,0.064,DDR,64,3.2,,,,,,,10,,150,0.03,65.0,TSMC,PCI,,,https://www.techpowerup.com/gpu-specs/quadro-nvs-50-pci.c1460
NVIDIA,Quadro NVS 55 PCI,NV34B,Rankine,Quadro NVS,2005-05-31,250.0,250.0,200.0,0.064,DDR,64,3.2,,,,,,,10,,150,0.04,91.0,TSMC,PCI,,,https://www.techpowerup.com/gpu-specs/quadro-nvs-55-pci.c2676
Intel,GMA 950,Calistoga,Generation 3.5,GMA Graphics-M(GMA 950 IGP),2006-01-01,250.0,250.0,,,System Shared,,,,,,,,,7,,90,,,Intel,FSB,,,https://www.techpowerup.com/gpu-specs/gma-950.c3122
ATI,All-In-Wonder 2006 AGP Edition,RV350,R300,All-In-Wonder(2006 Edition),2005-04-29,324.0,324.0,196.0,0.25,DDR,128,6.272,,,,,,,,,130,0.06,76.0,TSMC,AGP 8x,,,https://www.techpowerup.com/gpu-specs/all-in-wonder-2006-agp-edition.c1389
ATI,All-In-Wonder 2006 PCIe Edition,RV515,Ultra-Threaded SE,All-In-Wonder(2006 Edition),2005-12-22,450.0,450.0,400.0,0.25,DDR2,128,12.8,,,,,,,,,90,0.11,100.0,TSMC,PCIe 1.0 x16,,,https://www.techpowerup.com/gpu-specs/all-in-wonder-2006-pcie-edition.c1388
ATI,All-In-Wonder X1800 XL,R520,Ultra-Threaded SE,All-In-Wonder(X1),2005-10-27,500.0,500.0,500.0,0.25,GDDR3,256,32.0,,,,,,,75,,90,0.31,288.0,TSMC,PCIe 1.0 x16,,,https://www.techpowerup.com/gpu-specs/all-in-wonder-x1800-xl.c160
ATI,All-In-Wonder X600 PRO,RV370,R300,All-In-Wonder(X),2005-07-01,400.0,400.0,300.0,0.25,DDR,128,9.6,,,,,,,,,110,0.11,74.0,TSMC,PCIe 1.0 x16,,,https://www.techpowerup.com/gpu-specs/all-in-wonder-x600-pro.c111
ATI,All-In-Wonder X800 SE,R420,R400,All-In-Wonder(X),2005-04-27,425.0,425.0,400.0,0.25,GDDR3,256,25.6,,,,,,,,,130,0.16,281.0,TSMC,AGP 8x,,,https://www.techpowerup.com/gpu-specs/all-in-wonder-x800-se.c3670
ATI,All-In-Wonder X800 VE,R420,R400,All-In-Wonder(X),2005-04-27,425.0,425.0,400.0,0.25,GDDR3,256,25.6,,,,,,,,,130,0.16,281.0,TSMC,AGP 8x,,,https://www.techpowerup.com/gpu-specs/all-in-wonder-x800-ve.c1912
ATI,All-In-Wonder X800 XL,R430,R400,All-In-Wonder(X),2005-01-21,400.0,400.0,490.0,0.25,GDDR3,256,31.36,,,,,,,,,110,0.16,240.0,TSMC,PCIe 1.0 x16,,,https://www.techpowerup.com/gpu-specs/all-in-wonder-x800-xl.c149
ATI,FireGL V3300,RV515,Ultra-Threaded SE,FireGL(Vx300),2005-10-01,600.0,600.0,400.0,0.128,DDR2,64,6.4,,,,,,,,,90,0.11,100.0,TSMC,PCIe 1.0 x16,,,https://www.techpowerup.com/gpu-specs/firegl-v3300.c850
ATI,FireGL V3350,RV515,Ultra-Threaded SE,FireGL(Vx300),2005-10-01,600.0,600.0,400.0,0.25,DDR2,64,6.4,,,,,,,,,90,0.11,100.0,TSMC,PCIe 1.0 x16,,,https://www.techpowerup.com/gpu-specs/firegl-v3350.c851
ATI,FireGL V3400,RV530,Ultra-Threaded SE,FireGL(Vx400),2005-10-01,500.0,500.0,500.0,0.128,GDDR3,128,16.0,,,,,,,,,90,0.16,150.0,TSMC,PCIe 1.0 x16,,,https://www.techpowerup.com/gpu-specs/firegl-v3400.c695
ATI,FireGL V5200,RV530,Ultra-Threaded SE,FireGL(Vx200),2005-10-01,600.0,600.0,700.0,0.128,GDDR3,128,22.4,,,,,,,35,,90,0.16,150.0,TSMC,PCIe 1.0 x16,,,https://www.techpowerup.com/gpu-specs/firegl-v5200.c697
ATI,FireGL V7200,R520,Ultra-Threaded SE,FireGL(Vx200),2005-10-01,600.0,600.0,650.0,0.25,GDDR3,256,41.6,,,,,,,,,90,0.31,288.0,TSMC,PCIe 1.0 x16,,,https://www.techpowerup.com/gpu-specs/firegl-v7200.c854
ATI,FireGL V7300,R520,Ultra-Threaded SE,FireGL(Vx300),2005-10-01,594.0,594.0,648.0,0.5,GDDR3,256,41.47,,,,,,,97,,90,0.31,288.0,TSMC,PCIe 1.0 x16,,,https://www.techpowerup.com/gpu-specs/firegl-v7300.c852
ATI,FireGL V7350,R520,Ultra-Threaded SE,FireGL(Vx300),2005-10-01,600.0,600.0,650.0,1.0,GDDR3,256,41.6,,,,,,,111,,90,0.31,288.0,TSMC,PCIe 1.0 x16,,,https://www.techpowerup.com/gpu-specs/firegl-v7350.c853
ATI,Mobility FireGL V5000,M26,R400,Mobility FireGL(V5xxx),2005-02-03,350.0,350.0,425.0,0.128,GDDR3,128,13.6,,,,,,,,,110,0.12,156.0,TSMC,PCIe 1.0 x16,,,https://www.techpowerup.com/gpu-specs/mobility-firegl-v5000.c1664
ATI,Mobility Radeon X300,M22,R300,M2x(Mobility X1),2005-11-01,350.0,350.0,250.0,0.128,DDR,64,4.0,,,,,,,,,110,0.11,74.0,TSMC,PCIe 1.0 x16,,,https://www.techpowerup.com/gpu-specs/mobility-radeon-x300.c1410
ATI,Mobility Radeon X300 IGP,RS480,R300,Radeon IGP(Mobility Xx00),2005-01-01,300.0,300.0,,,System Shared,,,,,,,,,,,110,0.11,74.0,,PCIe 1.0 x16,,,https://www.techpowerup.com/gpu-specs/mobility-radeon-x300-igp.c2117
ATI,Mobility Radeon X700,M26,R400,M2x(Mobility X1),2005-03-01,350.0,350.0,300.0,0.128,DDR,128,9.6,,,,,,,,,110,0.12,156.0,TSMC,PCIe 1.0 x16,,,https://www.techpowerup.com/gpu-specs/mobility-radeon-x700.c1405
ATI,Mobility Radeon X700 XL,M26,R400,M2x(Mobility X1),2005-03-01,350.0,350.0,330.0,0.128,DDR,128,10.56,,,,,,,,,110,0.12,156.0,TSMC,PCIe 1.0 x16,,,https://www.techpowerup.com/gpu-specs/mobility-radeon-x700-xl.c1779
ATI,Mobility Radeon X800 XT,M28,R400,M2x(Mobility X1),2005-06-01,480.0,480.0,550.0,0.25,GDDR3,256,35.2,,,,,,,,,130,0.16,289.0,TSMC,PCIe 1.0 x16,,,https://www.techpowerup.com/gpu-specs/mobility-radeon-x800-xt.c1408
ATI,Radeon 9550 XT,RV350,R300,Radeon R300(9500),2005-05-04,425.0,425.0,325.0,0.128,DDR,128,10.4,,,,,,,,,130,0.06,76.0,TSMC,AGP 8x,,,https://www.techpowerup.com/gpu-specs/radeon-9550-xt.c2448
ATI,Radeon X1300,RV515,Ultra-Threaded SE,Radeon R500 PCIe(X1300),2005-12-01,450.0,450.0,250.0,0.25,DDR,128,8.0,,,,,,,,,90,0.11,100.0,TSMC,PCIe 1.0 x16,,,https://www.techpowerup.com/gpu-specs/radeon-x1300.c947
ATI,Radeon X1300 AGP,RV515,Ultra-Threaded SE,Radeon R500 AGP(X1300),2005-12-01,450.0,450.0,250.0,0.25,DDR,128,8.0,,,,,,,,,90,0.11,100.0,TSMC,AGP 8x,,,https://www.techpowerup.com/gpu-specs/radeon-x1300-agp.c155
ATI,Radeon X1300 LE,RV515,Ultra-Threaded SE,Radeon R500 PCIe(X1300),2005-10-05,450.0,450.0,250.0,0.064,DDR,64,4.0,,,,,,,,,90,0.11,100.0,TSMC,PCIe 1.0 x16,,,https://www.techpowerup.com/gpu-specs/radeon-x1300-le.c1936
ATI,Radeon X1300 PCI,RV515,Ultra-Threaded SE,Radeon R500 PCIe(X1300),2005-10-05,450.0,450.0,250.0,0.128,DDR,128,8.0,,,,,,,,,90,0.11,100.0,TSMC,PCI,,,https://www.techpowerup.com/gpu-specs/radeon-x1300-pci.c538
ATI,Radeon X1300 PRO,RV516,Ultra-Threaded SE,Radeon R500 PCIe(X1300),2006-11-01,600.0,600.0,400.0,0.25,DDR2,128,12.8,,,,,,,31,,90,0.1,100.0,UMC,PCIe 1.0 x16,,,https://www.techpowerup.com/gpu-specs/radeon-x1300-pro.c543
ATI,Radeon X1300 PRO AGP,RV515,Ultra-Threaded SE,Radeon R500 AGP(X1300),2005-10-01,600.0,600.0,400.0,0.25,DDR,128,12.8,,,,,,,31,,90,0.11,100.0,TSMC,AGP 8x,,,https://www.techpowerup.com/gpu-specs/radeon-x1300-pro-agp.c156
ATI,Radeon X1600 PRO,RV530,Ultra-Threaded SE,Radeon R500 PCIe(X1600),2005-10-01,500.0,500.0,390.0,0.25,GDDR3,128,12.48,,,,,,,41,,90,0.16,150.0,TSMC,PCIe 1.0 x16,,,https://www.techpowerup.com/gpu-specs/radeon-x1600-pro.c139
ATI,Radeon X1600 XT,RV530,Ultra-Threaded SE,Radeon R500 PCIe(X1600),2005-10-01,590.0,590.0,690.0,0.25,GDDR3,128,22.08,,,,,,,42,,90,0.16,150.0,TSMC,PCIe 1.0 x16,,,https://www.techpowerup.com/gpu-specs/radeon-x1600-xt.c140
ATI,Radeon X1800 CrossFire Edition,R520,Ultra-Threaded SE,Radeon R500 PCIe(X1800),2005-12-20,600.0,600.0,700.0,0.5,GDDR3,256,44.8,,,,,,,113,,90,0.31,288.0,TSMC,PCIe 1.0 x16,,,https://www.techpowerup.com/gpu-specs/radeon-x1800-crossfire-edition.c888
ATI,Radeon X1800 XL,R520,Ultra-Threaded SE,Radeon R500 PCIe(X1800),2005-10-01,500.0,500.0,500.0,0.25,GDDR3,256,32.0,,,,,,,70,,90,0.31,288.0,TSMC,PCIe 1.0 x16,,,https://www.techpowerup.com/gpu-specs/radeon-x1800-xl.c141
ATI,Radeon X1800 XT,R520,Ultra-Threaded SE,Radeon R500 PCIe(X1800),2005-10-01,600.0,600.0,700.0,0.5,GDDR3,256,44.8,,,,,,,113,,90,0.31,288.0,TSMC,PCIe 1.0 x16,,,https://www.techpowerup.com/gpu-specs/radeon-x1800-xt.c159
ATI,Radeon X550,RV370,R300,Radeon R300(X550),2005-07-01,400.0,400.0,250.0,0.128,DDR,128,8.0,,,,,,,,,110,0.11,74.0,TSMC,PCIe 1.0 x16,,,https://www.techpowerup.com/gpu-specs/radeon-x550.c120
ATI,Radeon X550 HyperMemory,RV370,R300,Radeon R300(X550),2005-07-01,400.0,400.0,250.0,0.25,DDR2,128,8.0,,,,,,,,,110,0.11,74.0,TSMC,PCIe 1.0 x16,,,https://www.techpowerup.com/gpu-specs/radeon-x550-hypermemory.c516
ATI,Radeon X700 SE,RV410,R400,Radeon R400 PCIe(X700),2005-04-01,400.0,400.0,250.0,0.128,DDR,64,4.0,,,,,,,,,110,0.12,156.0,TSMC,PCIe 1.0 x16,,,https://www.techpowerup.com/gpu-specs/radeon-x700-se.c529
ATI,Radeon X740 XL,RV410,R400,Radeon R400 PCIe(X700),2005-03-07,425.0,425.0,450.0,0.128,GDDR3,128,14.4,,,,,,,,,110,0.12,156.0,TSMC,PCIe 1.0 x16,,,https://www.techpowerup.com/gpu-specs/radeon-x740-xl.c532
ATI,Radeon X800 CrossFire Edition,R430,R400,Radeon R400 PCIe(X800),2005-10-28,500.0,500.0,500.0,0.25,GDDR3,256,32.0,,,,,,,,,110,0.16,240.0,TSMC,PCIe 1.0 x16,,,https://www.techpowerup.com/gpu-specs/radeon-x800-crossfire-edition.c993
ATI,Radeon X800 GT,R480,R400,Radeon R400 PCIe(X800),2005-11-01,475.0,475.0,350.0,0.128,DDR,256,22.4,,,,,,,40,,130,0.16,297.0,TSMC,PCIe 1.0 x16,,,https://www.techpowerup.com/gpu-specs/radeon-x800-gt.c3256
ATI,Radeon X800 GT AGP,R420,R400,Radeon R400 AGP(X800),2007-11-08,473.0,473.0,493.0,0.25,GDDR3,256,31.55,,,,,,,40,,130,0.16,281.0,TSMC,AGP 8x,,,https://www.techpowerup.com/gpu-specs/radeon-x800-gt-agp.c2103
ATI,Radeon X800 GTO,R423,R400,Radeon R400 PCIe(X800),2007-12-29,400.0,400.0,350.0,0.128,DDR,256,22.4,,,,,,,49,,130,0.16,289.0,TSMC,PCIe 1.0 x16,,,https://www.techpowerup.com/gpu-specs/radeon-x800-gto.c2092
ATI,Radeon X800 GTO AGP,R420,R400,Radeon R400 AGP(X800),2007-11-08,400.0,400.0,490.0,0.25,GDDR3,256,31.36,,,,,,,49,,130,0.16,281.0,TSMC,AGP 8x,,,https://www.techpowerup.com/gpu-specs/radeon-x800-gto-agp.c2093
ATI,Radeon X800 GTO2,R480,R400,Radeon R400 PCIe(X800),2005-09-15,400.0,400.0,490.0,0.25,GDDR3,256,31.36,,,,,,,,,130,0.16,297.0,TSMC,PCIe 1.0 x16,,,https://www.techpowerup.com/gpu-specs/radeon-x800-gto2.c963
ATI,Radeon X850 PRO AGP,R481,R400,Radeon R400 AGP(X850),2005-09-04,500.0,500.0,500.0,0.25,GDDR3,256,32.0,,,,,,,,,130,0.16,297.0,TSMC,AGP 8x,,,https://www.techpowerup.com/gpu-specs/radeon-x850-pro-agp.c2418
ATI,Radeon X850 XT AGP,R481,R400,Radeon R400 AGP(X850),2005-02-28,520.0,520.0,540.0,0.25,GDDR3,256,34.56,,,,,,,69,,130,0.16,297.0,TSMC,AGP 8x,,,https://www.techpowerup.com/gpu-specs/radeon-x850-xt-agp.c117
ATI,Radeon X850 XT Platinum AGP,R481,R400,Radeon R400 AGP(X850),2005-02-28,540.0,540.0,590.0,0.25,GDDR3,256,37.76,,,,,,,67,,130,0.16,297.0,TSMC,AGP 8x,,,https://www.techpowerup.com/gpu-specs/radeon-x850-xt-platinum-agp.c116
ATI,Radeon Xpress 200M IGP,RS485,R300,Radeon IGP(Xpress 200M),2005-01-01,300.0,300.0,,,System Shared,,,,,,,,,,,110,,73.0,TSMC,PCIe 1.0 x16,,,https://www.techpowerup.com/gpu-specs/radeon-xpress-200m-igp.c4039
ATI,Radeon Xpress 1100 Mobile IGP,RS485,R300,Radeon IGP(Xpress 1100 Mobile),2006-05-23,400.0,400.0,,,System Shared,,,,,,,,,,,110,,73.0,TSMC,PCIe 1.0 x16,,,https://www.techpowerup.com/gpu-specs/radeon-xpress-1100-mobile-igp.c4032
ATI,Xbox 360 GPU 90nm,Xenos Xenon,TeraScale,Console GPU(Microsoft),2005-11-22,500.0,500.0,700.0,0.5,GDDR3,128,22.4,240,,,0.24,,,203,,90,0.23,181.0,TSMC,,,,https://www.techpowerup.com/gpu-specs/xbox-360-gpu-90nm.c1919
XGI,Volari 8300,XG47,XG4,XG40(Volari 8000),2005-11-01,300.0,300.0,300.0,0.128,DDR,64,4.8,,,,,,,,,130,0.09,,UMC,PCIe 1.0 x16,,,https://www.techpowerup.com/gpu-specs/volari-8300.c3379
Sony,Playstation 2 GPU 90nm,EE+GS-90nm,,Console GPU(Sony),2005-05-26,147.0,147.0,150.0,0.004,eDRAM,2560,48.0,,,,,,,45,,90,0.05,86.0,Sony,,,,https://www.techpowerup.com/gpu-specs/playstation-2-gpu-90nm.c3704
NVIDIA,GeForce 7000M + nForce 610M,C67,Curie,GeForce 7M IGP(7000M),2006-02-01,350.0,350.0,,,System Shared,,,,,,,,,,,90,0.11,81.0,,PCIe 1.0 x16,,,https://www.techpowerup.com/gpu-specs/geforce-7000m-nforce-610m.c1586
NVIDIA,GeForce 7025 + nForce 630a,C68,Curie,GeForce 7 IGP,2006-02-01,425.0,425.0,,,System Shared,,,,,,,,,,,90,0.11,81.0,,PCI,,,https://www.techpowerup.com/gpu-specs/geforce-7025-nforce-630a.c1958
NVIDIA,GeForce 7050 + nForce 630a,C61,Curie,GeForce 7 IGP,2006-02-01,425.0,425.0,,,System Shared,,,,,,,,,,,90,,,,PCI,,,https://www.techpowerup.com/gpu-specs/geforce-7050-nforce-630a.c2153
NVIDIA,GeForce 7050 PV + nForce 630a,C68,Curie,GeForce 7 IGP,2006-02-01,425.0,425.0,,,System Shared,,,,,,,,,,,90,0.11,81.0,,PCI,,,https://www.techpowerup.com/gpu-specs/geforce-7050-pv-nforce-630a.c2152
NVIDIA,GeForce 7050 SE + nForce 630a,C68,Curie,GeForce 7 IGP,2006-02-01,425.0,425.0,,,System Shared,,,,,,,,,,,90,0.11,81.0,,PCI,,,https://www.techpowerup.com/gpu-specs/geforce-7050-se-nforce-630a.c2151
NVIDIA,GeForce 7100 GS,NV44B,Curie,GeForce 7 PCIe(7100),2006-08-08,350.0,350.0,266.0,0.128,DDR2,64,4.256,,,,,,,,,110,0.07,110.0,TSMC,PCIe 1.0 x16,,,https://www.techpowerup.com/gpu-specs/geforce-7100-gs.c721
NVIDIA,GeForce 7200 GS,G72,Curie,GeForce 7 PCIe(7200),2006-01-18,450.0,450.0,334.0,0.128,DDR2,64,5.344,,,,,,,,,90,0.11,81.0,TSMC,PCIe 1.0 x16,,,https://www.techpowerup.com/gpu-specs/geforce-7200-gs.c723
NVIDIA,GeForce 7300 GS,G72,Curie,GeForce 7 PCIe(7300),2006-01-18,450.0,450.0,266.0,0.25,DDR2,64,4.256,,,,,,,23,,90,0.11,81.0,TSMC,PCIe 1.0 x16,,,https://www.techpowerup.com/gpu-specs/geforce-7300-gs.c725
NVIDIA,GeForce 7300 GS Low Profile,G72,Curie,GeForce 7 PCIe(7300),2006-01-18,450.0,450.0,266.0,0.25,DDR2,64,4.256,,,,,,,23,,90,0.11,81.0,TSMC,PCIe 1.0 x16,,,https://www.techpowerup.com/gpu-specs/geforce-7300-gs-low-profile.c1300
NVIDIA,GeForce 7300 GT,G73,Curie,GeForce 7 PCIe(7300),2006-05-15,350.0,350.0,325.0,0.128,DDR2,128,10.4,,,,,,,24,,90,0.18,125.0,TSMC,PCIe 1.0 x16,,,https://www.techpowerup.com/gpu-specs/geforce-7300-gt.c4026
NVIDIA,GeForce 7300 GT AGP,G73B,Curie,GeForce 7 AGP(7300),2006-05-15,350.0,350.0,325.0,0.128,DDR2,128,10.4,,,,,,,24,,80,0.18,100.0,TSMC,AGP 8x,,,https://www.techpowerup.com/gpu-specs/geforce-7300-gt-agp.c3672
NVIDIA,GeForce 7300 GT Mac Edition,G73,Curie,GeForce 7 PCIe(7300),2006-08-26,350.0,350.0,500.0,0.128,GDDR3,128,16.0,,,,,,,24,,90,0.18,125.0,TSMC,PCIe 1.0 x16,,,https://www.techpowerup.com/gpu-specs/geforce-7300-gt-mac-edition.c2240
NVIDIA,GeForce 7300 LE,G72,Curie,GeForce 7 PCIe(7300),2006-03-22,450.0,450.0,324.0,0.128,DDR2,64,5.184,,,,,,,,,90,0.11,81.0,TSMC,PCIe 1.0 x16,,,https://www.techpowerup.com/gpu-specs/geforce-7300-le.c727
NVIDIA,GeForce 7300 SE,G72,Curie,GeForce 7 PCIe(7300),2006-03-22,450.0,450.0,266.0,0.25,DDR2,64,4.256,,,,,,,,,90,0.11,81.0,TSMC,PCIe 1.0 x16,,,https://www.techpowerup.com/gpu-specs/geforce-7300-se.c726
NVIDIA,GeForce 7350 LE,G72,Curie,GeForce 7 PCIe(7300),2006-03-22,450.0,450.0,400.0,0.128,DDR2,64,6.4,,,,,,,,,90,0.11,81.0,TSMC,PCIe 1.0 x16,,,https://www.techpowerup.com/gpu-specs/geforce-7350-le.c1766
NVIDIA,GeForce 7500 LE,G72,Curie,GeForce 7 PCIe(7500),2006-03-22,475.0,475.0,405.0,0.064,DDR2,64,6.48,,,,,,,,,90,0.11,81.0,TSMC,PCIe 1.0 x16,,,https://www.techpowerup.com/gpu-specs/geforce-7500-le.c1772
NVIDIA,GeForce 7600 GS,G73B,Curie,GeForce 7 PCIe(7600),2006-03-22,400.0,400.0,400.0,0.25,DDR2,128,12.8,,,,,,,27,,80,0.18,100.0,TSMC,PCIe 1.0 x16,,,https://www.techpowerup.com/gpu-specs/geforce-7600-gs.c162
NVIDIA,GeForce 7600 GS AGP,G71,Curie,GeForce 7 AGP(7600),2006-07-01,500.0,500.0,725.0,0.25,GDDR3,128,23.2,,,,,,,27,,90,0.28,196.0,TSMC,AGP 8x,,,https://www.techpowerup.com/gpu-specs/geforce-7600-gs-agp.c1770
NVIDIA,GeForce 7600 GT,G73B,Curie,GeForce 7 PCIe(7600),2006-03-09,560.0,560.0,700.0,0.25,GDDR3,128,22.4,,,,,,,40,,80,0.18,100.0,TSMC,PCIe 1.0 x16,,,https://www.techpowerup.com/gpu-specs/geforce-7600-gt.c152
NVIDIA,GeForce 7600 GT Mac Edition,G73B,Curie,GeForce 7 PCIe(7600),2006-09-02,560.0,560.0,700.0,0.25,GDDR3,128,22.4,,,,,,,40,,80,0.18,100.0,TSMC,PCIe 1.0 x16,,,https://www.techpowerup.com/gpu-specs/geforce-7600-gt-mac-edition.c4027
NVIDIA,GeForce 7600 LE,G73B,Curie,GeForce 7 PCIe(7600),2006-03-22,400.0,400.0,400.0,0.25,DDR2,128,12.8,,,,,,,,,80,0.18,100.0,TSMC,PCIe 1.0 x16,,,https://www.techpowerup.com/gpu-specs/geforce-7600-le.c1768
NVIDIA,GeForce 7650 GS,G73B,Curie,GeForce 7 PCIe(7600),2006-03-22,450.0,450.0,400.0,0.25,DDR2,128,12.8,,,,,,,,,80,0.18,100.0,TSMC,PCIe 1.0 x16,,,https://www.techpowerup.com/gpu-specs/geforce-7650-gs.c1769
NVIDIA,GeForce 7800 GS 20Pipes AGP,G70,Curie,GeForce 7 AGP(7800),2006-02-02,425.0,425.0,625.0,0.5,GDDR3,256,40.0,,,,,,,75,,110,0.3,333.0,TSMC,AGP 8x,,,https://www.techpowerup.com/gpu-specs/geforce-7800-gs-20pipes-agp.c3733
NVIDIA,GeForce 7800 GS 24Pipes AGP,G70,Curie,GeForce 7 AGP(7800),2006-02-02,425.0,425.0,625.0,0.5,GDDR3,256,40.0,,,,,,,75,,110,0.3,333.0,TSMC,AGP 8x,,,https://www.techpowerup.com/gpu-specs/geforce-7800-gs-24pipes-agp.c3734
NVIDIA,GeForce 7800 GS AGP,G70,Curie,GeForce 7 AGP(7800),2006-02-02,375.0,375.0,600.0,0.25,GDDR3,256,38.4,,,,,,,75,,110,0.3,333.0,TSMC,AGP 8x,,,https://www.techpowerup.com/gpu-specs/geforce-7800-gs-agp.c3732
NVIDIA,GeForce 7900 GS,G71,Curie,GeForce 7 PCIe(7900),2006-05-01,450.0,450.0,660.0,0.25,GDDR3,256,42.24,,,,,,,49,,90,0.28,196.0,TSMC,PCIe 1.0 x16,,,https://www.techpowerup.com/gpu-specs/geforce-7900-gs.c184
NVIDIA,GeForce 7900 GS AGP,G71,Curie,GeForce 7 AGP(7900),2006-04-02,450.0,450.0,660.0,0.25,GDDR3,256,42.24,,,,,,,65,,90,0.28,196.0,TSMC,AGP 8x,,,https://www.techpowerup.com/gpu-specs/geforce-7900-gs-agp.c753
NVIDIA,GeForce 7900 GT,G71,Curie,GeForce 7 PCIe(7900),2006-03-09,450.0,450.0,660.0,0.25,GDDR3,256,42.24,,,,,,,48,,90,0.28,196.0,TSMC,PCIe 1.0 x16,,,https://www.techpowerup.com/gpu-specs/geforce-7900-gt.c153
NVIDIA,GeForce 7900 GTO,G71,Curie,GeForce 7 PCIe(7900),2006-10-01,650.0,650.0,660.0,0.5,GDDR3,256,42.24,,,,,,,81,,90,0.28,196.0,TSMC,PCIe 1.0 x16,,,https://www.techpowerup.com/gpu-specs/geforce-7900-gto.c185
NVIDIA,GeForce 7900 GTX,G71,Curie,GeForce 7 PCIe(7900),2006-03-09,650.0,650.0,800.0,0.5,GDDR3,256,51.2,,,,,,,84,,90,0.28,196.0,TSMC,PCIe 1.0 x16,,,https://www.techpowerup.com/gpu-specs/geforce-7900-gtx.c154
NVIDIA,GeForce 7900 GX2,G71,Curie,GeForce 7 PCIe(7900),2006-04-30,500.0,500.0,600.0,0.5,GDDR3,256,38.4,,,,,,,110,,90,0.28,196.0,TSMC,PCIe 1.0 x16,,,https://www.techpowerup.com/gpu-specs/geforce-7900-gx2.c172
NVIDIA,GeForce 7950 GT,G71,Curie,GeForce 7 PCIe(7900),2006-08-06,550.0,550.0,700.0,0.5,GDDR3,256,44.8,,,,,,,65,,90,0.28,196.0,TSMC,PCIe 1.0 x16,,,https://www.techpowerup.com/gpu-specs/geforce-7950-gt.c183
NVIDIA,GeForce 7950 GX2,G71,Curie,GeForce 7 PCIe(7900),2006-06-05,500.0,500.0,600.0,0.5,GDDR3,256,38.4,,,,,,,110,,90,0.28,196.0,TSMC,PCIe 1.0 x16,,,https://www.techpowerup.com/gpu-specs/geforce-7950-gx2.c169
NVIDIA,GeForce 8800 GTS 640,G80,Tesla,GeForce 8(8800),2006-11-08,513.0,513.0,792.0,0.64,GDDR3,320,63.36,96,,,0.23,,,143,1.0,90,0.68,484.0,TSMC,PCIe 1.0 x16,12,0.08,https://www.techpowerup.com/gpu-specs/geforce-8800-gts-640.c757
NVIDIA,GeForce 8800 GTX,G80,Tesla,GeForce 8(8800),2006-11-08,576.0,576.0,900.0,0.75,GDDR3,384,86.4,128,,,0.35,,,155,1.0,90,0.68,484.0,TSMC,PCIe 1.0 x16,16,0.096,https://www.techpowerup.com/gpu-specs/geforce-8800-gtx.c187
NVIDIA,GeForce Go 6100 + nForce Go 430,C51,Curie,GeForce Go 6 IGP(Go 6000),2006-02-01,425.0,425.0,,,System Shared,,,,,,,,,,,90,,,,PCIe 1.0 x16,,,https://www.techpowerup.com/gpu-specs/geforce-go-6100-nforce-go-430.c1571
NVIDIA,GeForce Go 6150 + nForce Go 430,C51,Curie,GeForce Go 6 IGP(Go 6000),2006-02-01,425.0,425.0,,,System Shared,,,,,,,,,,,90,,,,PCIe 2.0 x1,,,https://www.techpowerup.com/gpu-specs/geforce-go-6150-nforce-go-430.c1570
NVIDIA,GeForce Go 6200,NV44B,Curie,GeForce Go 6(Go 6000),2006-02-01,300.0,300.0,300.0,0.032,DDR,64,4.8,,,,,,,16,,110,0.07,110.0,TSMC,PCIe 1.0 x16,,,https://www.techpowerup.com/gpu-specs/geforce-go-6200.c1568
NVIDIA,GeForce Go 6250,NV44B,Curie,GeForce Go 6(Go 6000),2006-02-01,400.0,400.0,350.0,0.032,DDR,64,5.6,,,,,,,10,,110,0.07,110.0,TSMC,PCIe 1.0 x16,,,https://www.techpowerup.com/gpu-specs/geforce-go-6250.c1569
NVIDIA,GeForce Go 6400,NV44,Curie,GeForce Go 6(Go 6000),2006-02-01,400.0,400.0,350.0,0.032,DDR,64,5.6,,,,,,,,,110,0.07,110.0,TSMC,PCIe 1.0 x16,,,https://www.techpowerup.com/gpu-specs/geforce-go-6400.c1567
NVIDIA,GeForce Go 7200,G72,Curie,GeForce Go 7(Go 7000),2006-09-01,450.0,450.0,350.0,0.064,GDDR3,32,2.8,,,,,,,,,90,0.11,81.0,TSMC,PCIe 1.0 x16,,,https://www.techpowerup.com/gpu-specs/geforce-go-7200.c1584
NVIDIA,GeForce Go 7300,G72B,Curie,GeForce Go 7(Go 7000),2006-02-01,350.0,350.0,350.0,0.064,GDDR3,64,5.6,,,,,,,,,90,0.11,81.0,TSMC,PCIe 1.0 x16,,,https://www.techpowerup.com/gpu-specs/geforce-go-7300.c1579
NVIDIA,GeForce Go 7300T,G72,Curie,GeForce Go 7(Go 7000),2006-02-01,350.0,350.0,350.0,0.064,GDDR3,64,5.6,,,,,,,,,90,0.11,81.0,TSMC,PCIe 1.0 x16,,,https://www.techpowerup.com/gpu-specs/geforce-go-7300t.c1580
NVIDIA,GeForce Go 7400,G72B,Curie,GeForce Go 7(Go 7000),2006-02-01,450.0,450.0,450.0,0.128,GDDR3,32,3.6,,,,,,,,,90,0.11,81.0,TSMC,PCIe 1.0 x16,,,https://www.techpowerup.com/gpu-specs/geforce-go-7400.c1583
NVIDIA,GeForce Go 7400T,G72,Curie,GeForce Go 7(Go 7000),2006-02-01,450.0,450.0,450.0,0.128,GDDR3,64,7.2,,,,,,,,,90,0.11,81.0,TSMC,PCIe 1.0 x16,,,https://www.techpowerup.com/gpu-specs/geforce-go-7400t.c1582
NVIDIA,GeForce Go 7450,G72,Curie,GeForce Go 7(Go 7000),2006-02-01,300.0,300.0,200.0,0.064,DDR2,256,12.8,,,,,,,,,90,0.11,81.0,TSMC,PCIe 1.0 x16,,,https://www.techpowerup.com/gpu-specs/geforce-go-7450.c1851
NVIDIA,GeForce Go 7600,G73,Curie,GeForce Go 7(Go 7000),2006-03-01,450.0,450.0,350.0,0.25,GDDR3,128,11.2,,,,,,,,,90,0.18,125.0,TSMC,PCIe 1.0 x16,,,https://www.techpowerup.com/gpu-specs/geforce-go-7600.c1577
NVIDIA,GeForce Go 7600 GT,G73B,Curie,GeForce Go 7(Go 7000),2006-08-01,500.0,500.0,600.0,0.25,GDDR3,128,19.2,,,,,,,,,80,0.18,100.0,TSMC,PCIe 1.0 x16,,,https://www.techpowerup.com/gpu-specs/geforce-go-7600-gt.c1578
NVIDIA,GeForce Go 7700,G73B,Curie,GeForce Go 7(Go 7000),2006-08-01,450.0,450.0,500.0,0.5,GDDR3,128,16.0,,,,,,,,,80,0.18,100.0,TSMC,PCIe 1.0 x16,,,https://www.techpowerup.com/gpu-specs/geforce-go-7700.c1576
NVIDIA,GeForce Go 7800,G70,Curie,GeForce Go 7(Go 7000),2006-03-03,400.0,400.0,550.0,0.25,GDDR3,256,35.2,,,,,,,35,,110,0.3,333.0,TSMC,PCIe 1.0 x16,,,https://www.techpowerup.com/gpu-specs/geforce-go-7800.c1575
NVIDIA,GeForce Go 7900 GS,G71,Curie,GeForce Go 7(Go 7000),2006-04-18,375.0,375.0,500.0,0.25,GDDR3,256,32.0,,,,,,,20,,90,0.28,196.0,TSMC,MXM-II,,,https://www.techpowerup.com/gpu-specs/geforce-go-7900-gs.c1573
NVIDIA,GeForce Go 7900 GTX,G71,Curie,GeForce Go 7(Go 7000),2006-04-18,500.0,500.0,600.0,0.5,GDDR3,256,38.4,,,,,,,45,,90,0.28,196.0,TSMC,PCIe 1.0 x16,,,https://www.techpowerup.com/gpu-specs/geforce-go-7900-gtx.c1572
NVIDIA,GeForce Go 7900 SE,G73,Curie,GeForce Go 7(Go 7000),2006-04-18,350.0,350.0,333.0,0.25,GDDR3,256,21.31,,,,,,,20,,90,0.18,125.0,TSMC,PCIe 1.0 x16,,,https://www.techpowerup.com/gpu-specs/geforce-go-7900-se.c1849
NVIDIA,GeForce Go 7950 GTX,G71,Curie,GeForce Go 7(Go 7000),2006-10-12,575.0,575.0,700.0,0.5,GDDR3,256,44.8,,,,,,,45,,90,0.28,196.0,TSMC,MXM-III,,,https://www.techpowerup.com/gpu-specs/geforce-go-7950-gtx.c943
NVIDIA,GeForce Go 7950 GTX MXM-IV,G71,Curie,GeForce Go 7(Go 7000),2006-10-12,575.0,575.0,700.0,0.5,GDDR3,256,44.8,,,,,,,45,,90,0.28,196.0,TSMC,MXM-IV,,,https://www.techpowerup.com/gpu-specs/geforce-go-7950-gtx-mxm-iv.c4356
NVIDIA,Playstation 3 GPU 90nm,RSX-90nm,Curie,Console GPU(Sony),2006-11-11,550.0,550.0,650.0,0.25,GDDR3,128,20.8,,,,,,,80,,90,0.3,258.0,Sony,,,,https://www.techpowerup.com/gpu-specs/playstation-3-gpu-90nm.c3405
NVIDIA,Quadro FX 1500,G71,Curie,Quadro FX Curie(x500),2006-04-20,325.0,325.0,625.0,0.25,GDDR3,256,40.0,,,,,,,65,,90,0.28,196.0,TSMC,PCIe 1.0 x16,,,https://www.techpowerup.com/gpu-specs/quadro-fx-1500.c1346
NVIDIA,Quadro FX 1500M,G71,Curie,Quadro FX Mobile(x500M),2006-04-18,375.0,375.0,500.0,0.5,GDDR3,256,32.0,,,,,,,45,,90,0.28,196.0,TSMC,MXM-II,,,https://www.techpowerup.com/gpu-specs/quadro-fx-1500m.c1442
NVIDIA,Quadro FX 350,G72,Curie,Quadro FX Curie(x500),2006-04-20,550.0,550.0,405.0,0.128,DDR2,64,6.48,,,,,,,21,,90,0.11,81.0,TSMC,PCIe 1.0 x16,,,https://www.techpowerup.com/gpu-specs/quadro-fx-350.c1348
NVIDIA,Quadro FX 3500,G71,Curie,Quadro FX Curie(x500),2006-05-22,450.0,450.0,660.0,0.25,GDDR3,256,42.24,,,,,,,80,,90,0.28,196.0,TSMC,PCIe 1.0 x16,,,https://www.techpowerup.com/gpu-specs/quadro-fx-3500.c1347
NVIDIA,Quadro FX 350M,G72,Curie,Quadro FX Mobile(x500M),2006-03-13,450.0,450.0,450.0,0.25,GDDR3,128,14.4,,,,,,,15,,90,0.11,81.0,TSMC,PCIe 1.0 x16,,,https://www.techpowerup.com/gpu-specs/quadro-fx-350m.c1443
NVIDIA,Quadro FX 4500 SDI,G70,Curie,Quadro FX Curie(x500),2006-01-30,430.0,430.0,525.0,0.5,GDDR3,256,33.6,,,,,,,116,,110,0.3,333.0,TSMC,PCIe 1.0 x16,,,https://www.techpowerup.com/gpu-specs/quadro-fx-4500-sdi.c1343
NVIDIA,Quadro FX 4500 X2,G71,Curie,Quadro FX Curie(x500),2006-04-24,500.0,500.0,605.0,0.5,GDDR3,256,38.72,,,,,,,145,,90,0.28,196.0,TSMC,PCIe 1.0 x16,,,https://www.techpowerup.com/gpu-specs/quadro-fx-4500-x2.c1341
NVIDIA,Quadro FX 550,NV43,Curie,Quadro FX Curie(x500),2006-04-20,360.0,360.0,400.0,0.128,GDDR3,128,12.8,,,,,,,30,,110,0.15,154.0,TSMC,PCIe 1.0 x16,,,https://www.techpowerup.com/gpu-specs/quadro-fx-550.c1333
NVIDIA,Quadro FX 5500,G71,Curie,Quadro FX Curie(x500),2006-04-20,650.0,650.0,505.0,1.0,DDR2,256,32.32,,,,,,,96,,90,0.28,196.0,TSMC,PCIe 1.0 x16,,,https://www.techpowerup.com/gpu-specs/quadro-fx-5500.c1335
NVIDIA,Quadro FX 5500 SDI,G71,Curie,Quadro FX Curie(x500),2006-04-20,650.0,650.0,505.0,1.0,GDDR3,256,32.32,,,,,,,104,,90,0.28,196.0,TSMC,PCIe 1.0 x16,,,https://www.techpowerup.com/gpu-specs/quadro-fx-5500-sdi.c1336
NVIDIA,Quadro FX 550M,G73,Curie,Quadro FX Mobile(x500M),2006-03-13,450.0,450.0,500.0,0.128,GDDR3,128,16.0,,,,,,,35,,90,0.18,125.0,TSMC,PCIe 1.0 x16,,,https://www.techpowerup.com/gpu-specs/quadro-fx-550m.c1843
NVIDIA,Quadro FX 560,G73,Curie,Quadro FX Tesla(x600),2006-04-20,350.0,350.0,600.0,0.128,GDDR3,128,19.2,,,,,,,30,,90,0.18,125.0,TSMC,PCIe 1.0 x16,,,https://www.techpowerup.com/gpu-specs/quadro-fx-560.c1332
NVIDIA,Quadro NVS 110M,G72,Curie,NVS Mobile,2006-06-01,300.0,300.0,300.0,0.5,DDR,64,4.8,,,,,,,10,,90,0.11,81.0,TSMC,PCIe 1.0 x16,,,https://www.techpowerup.com/gpu-specs/quadro-nvs-110m.c1447
NVIDIA,Quadro NVS 120M,G72B,Curie,NVS Mobile,2006-06-01,450.0,450.0,700.0,0.5,DDR2,64,11.2,,,,,,,10,,90,0.11,81.0,TSMC,MXM-III,,,https://www.techpowerup.com/gpu-specs/quadro-nvs-120m.c1470
NVIDIA,Quadro NVS 285,NV44,Curie,Quadro NVS,2006-06-06,275.0,275.0,300.0,0.128,DDR2,64,4.8,,,,,,,18,,110,0.07,110.0,TSMC,PCIe 1.0 x16,,,https://www.techpowerup.com/gpu-specs/quadro-nvs-285.c1454
NVIDIA,Quadro NVS 300M,G73,Curie,NVS Mobile,2006-05-24,500.0,500.0,700.0,0.25,GDDR3,128,22.4,,,,,,,16,,90,0.18,125.0,TSMC,PCIe 1.0 x16,,,https://www.techpowerup.com/gpu-specs/quadro-nvs-300m.c1464
NVIDIA,Quadro NVS 440 PCIe x1,NV43,Curie,Quadro NVS,2006-02-14,250.0,250.0,250.0,0.128,GDDR3,128,8.0,,,,,,,31,,110,0.15,154.0,TSMC,PCIe 1.0 x1,,,https://www.techpowerup.com/gpu-specs/quadro-nvs-440-pcie-x1.c4142
NVIDIA,Quadro NVS 440 PCIe x16,NV43,Curie,Quadro NVS,2006-02-14,250.0,250.0,250.0,0.128,GDDR3,128,8.0,,,,,,,31,,110,0.15,154.0,TSMC,PCIe 1.0 x16,,,https://www.techpowerup.com/gpu-specs/quadro-nvs-440-pcie-x16.c1463
NVIDIA,Quadro NVS 510M,G71,Curie,NVS Mobile,2006-08-21,450.0,450.0,600.0,0.25,GDDR3,128,19.2,,,,,,,35,,90,0.28,196.0,TSMC,PCIe 1.0 x16,,,https://www.techpowerup.com/gpu-specs/quadro-nvs-510m.c2023
AMD,Stream Processor,R580,Ultra-Threaded SE,FireStream,2006-01-01,594.0,594.0,648.0,1.0,GDDR3,256,41.47,,,,,,,165,,90,0.38,352.0,TSMC,PCIe 1.0 x16,,,https://www.techpowerup.com/gpu-specs/stream-processor.c1186
Intel,GMA 3000,Broadwater,Generation 4.0,GMA Graphics(GMA 3000 IGP),2006-06-01,667.0,667.0,,,System Shared,,,,,,,,,13,,90,,,Intel,FSB,,,https://www.techpowerup.com/gpu-specs/gma-3000.c3154
Intel,GMA X3000,Broadwater,Generation 4.0,GMA Graphics(GMA 3000 IGP),2006-06-01,667.0,667.0,,,System Shared,,,,,,,,,13,,90,,,Intel,FSB,,,https://www.techpowerup.com/gpu-specs/gma-x3000.c3376
ATI,All-In-Wonder X1900,R580,Ultra-Threaded SE,All-In-Wonder(X1),2006-01-13,500.0,500.0,477.0,0.25,GDDR3,256,30.53,,,,,,,,,90,0.38,352.0,TSMC,PCIe 1.0 x16,,,https://www.techpowerup.com/gpu-specs/all-in-wonder-x1900.c158
ATI,FireMV 2200,RV370,R300,FireMV Multi-View(2000),2006-01-01,324.0,324.0,196.0,0.128,DDR,64,3.136,,,,,,,15,,110,0.11,74.0,TSMC,PCIe 1.0 x16,,,https://www.techpowerup.com/gpu-specs/firemv-2200.c1387
ATI,FireMV 2200 PCI,RV280,Rage 7,FireMV Multi-View(2000),2006-01-01,240.0,240.0,200.0,0.064,DDR,64,3.2,,,,,,,15,,150,0.04,98.0,UMC,PCI,,,https://www.techpowerup.com/gpu-specs/firemv-2200-pci.c1799
ATI,Mobility FireGL V5200,M56,Ultra-Threaded SE,Mobility FireGL(V5xxx),2006-02-01,425.0,425.0,475.0,0.25,GDDR3,128,15.2,,,,,,,,,90,0.16,150.0,TSMC,PCIe 1.0 x16,,,https://www.techpowerup.com/gpu-specs/mobility-firegl-v5200.c1665
ATI,Mobility Radeon X1300,M52,Ultra-Threaded SE,M5x(Mobility X1),2006-01-19,392.0,392.0,300.0,0.064,DDR,64,4.8,,,,,,,,,90,0.11,100.0,TSMC,PCIe 1.0 x16,,,https://www.techpowerup.com/gpu-specs/mobility-radeon-x1300.c1608
ATI,Mobility Radeon X1350,M62,Ultra-Threaded SE,M6x(Mobility X1),2006-09-18,419.0,419.0,392.0,0.128,DDR2,64,6.272,,,,,,,,,90,0.1,100.0,UMC,PCIe 1.0 x16,,,https://www.techpowerup.com/gpu-specs/mobility-radeon-x1350.c1610
ATI,Mobility Radeon X1400,M54,Ultra-Threaded SE,M5x(Mobility X1),2006-01-19,445.0,445.0,250.0,0.128,DDR2,128,8.0,,,,,,,,,90,0.11,100.0,TSMC,PCIe 1.0 x16,,,https://www.techpowerup.com/gpu-specs/mobility-radeon-x1400.c1609
ATI,Mobility Radeon X1450,M64,Ultra-Threaded SE,M6x(Mobility X1),2006-09-18,550.0,550.0,450.0,0.128,DDR2,128,14.4,,,,,,,,,90,0.1,100.0,UMC,PCIe 1.0 x16,,,https://www.techpowerup.com/gpu-specs/mobility-radeon-x1450.c1611
ATI,Mobility Radeon X1600,M56,Ultra-Threaded SE,M5x(Mobility X1),2006-02-01,450.0,450.0,470.0,0.25,GDDR3,128,15.04,,,,,,,,,90,0.16,150.0,TSMC,PCIe 1.0 x16,,,https://www.techpowerup.com/gpu-specs/mobility-radeon-x1600.c1603
ATI,Mobility Radeon X1700,M66,Ultra-Threaded SE,M6x(Mobility X1),2006-02-01,475.0,475.0,400.0,0.25,GDDR3,128,12.8,,,,,,,,,90,0.16,150.0,TSMC,PCIe 1.0 x16,,,https://www.techpowerup.com/gpu-specs/mobility-radeon-x1700.c1604
ATI,Mobility Radeon X1800,M58,Ultra-Threaded SE,M5x(Mobility X1),2006-03-01,450.0,450.0,504.0,0.25,GDDR3,256,32.26,,,,,,,,,90,0.31,288.0,TSMC,MXM-III,,,https://www.techpowerup.com/gpu-specs/mobility-radeon-x1800.c1605
ATI,Mobility Radeon X1800 XT,M58,Ultra-Threaded SE,M5x(Mobility X1),2006-03-01,540.0,540.0,675.0,0.25,GDDR3,256,43.2,,,,,,,,,90,0.31,288.0,TSMC,PCIe 1.0 x16,,,https://www.techpowerup.com/gpu-specs/mobility-radeon-x1800-xt.c1606
ATI,Radeon X1050,RV410,R400,Radeon R400 PCIe(X1050),2008-01-25,400.0,400.0,200.0,0.128,DDR,64,3.2,,,,,,,24,,110,0.12,156.0,TSMC,PCIe 1.0 x16,,,https://www.techpowerup.com/gpu-specs/radeon-x1050.c1812
ATI,Radeon X1050 AGP,RV360,R300,Radeon R300(X1050),2007-11-25,250.0,250.0,203.0,0.128,DDR,128,6.496,,,,,,,24,,130,0.06,76.0,TSMC,AGP 8x,,,https://www.techpowerup.com/gpu-specs/radeon-x1050-agp.c2088
ATI,Radeon X1300 CE,RV505,Ultra-Threaded SE,Radeon R500 PCIe(X1300),2006-10-27,350.0,350.0,400.0,0.128,DDR2,64,6.4,,,,,,,27,,90,0.11,100.0,TSMC,PCIe 1.0 x16,,,https://www.techpowerup.com/gpu-specs/radeon-x1300-ce.c4053
ATI,Radeon X1300 XT,RV530,Ultra-Threaded SE,Radeon R500 PCIe(X1300),2006-08-12,500.0,500.0,400.0,0.25,DDR2,128,12.8,,,,,,,22,,90,0.16,150.0,TSMC,PCIe 1.0 x16,,,https://www.techpowerup.com/gpu-specs/radeon-x1300-xt.c544
ATI,Radeon X1300 XT AGP,RV530,Ultra-Threaded SE,Radeon R500 AGP(X1300),2006-08-12,500.0,500.0,400.0,0.25,GDDR3,128,12.8,,,,,,,22,,90,0.16,150.0,TSMC,AGP 8x,,,https://www.techpowerup.com/gpu-specs/radeon-x1300-xt-agp.c949
ATI,Radeon X1650 PRO,RV530,Ultra-Threaded SE,Radeon R500 PCIe(X1650),2007-02-01,600.0,600.0,700.0,0.25,GDDR3,128,22.4,,,,,,,,,90,0.16,150.0,TSMC,PCIe 1.0 x16,,,https://www.techpowerup.com/gpu-specs/radeon-x1650-pro.c4076
ATI,Radeon X1650 PRO AGP,RV535,Ultra-Threaded SE,Radeon R500 AGP(X1650),2006-10-15,600.0,600.0,700.0,0.25,GDDR3,128,22.4,,,,,,,44,,80,0.16,131.0,TSMC,AGP 8x,,,https://www.techpowerup.com/gpu-specs/radeon-x1650-pro-agp.c976
ATI,Radeon X1650 XT,RV560,Ultra-Threaded SE,Radeon R500 PCIe(X1650),2006-10-30,525.0,525.0,700.0,0.25,GDDR3,128,22.4,,,,,,,55,,80,0.31,230.0,TSMC,PCIe 1.0 x16,,,https://www.techpowerup.com/gpu-specs/radeon-x1650-xt.c451
ATI,Radeon X1650 XT AGP,RV560,Ultra-Threaded SE,Radeon R500 AGP(X1650),2006-10-30,540.0,540.0,680.0,0.5,GDDR3,128,21.76,,,,,,,55,,80,0.31,230.0,TSMC,AGP 8x,,,https://www.techpowerup.com/gpu-specs/radeon-x1650-xt-agp.c1808
ATI,Radeon X1650 XT Dual,RV560,Ultra-Threaded SE,Radeon R500 PCIe(X1650),2006-10-30,525.0,525.0,700.0,0.25,GDDR3,128,22.4,,,,,,,,,80,0.31,230.0,TSMC,PCIe 1.0 x16,,,https://www.techpowerup.com/gpu-specs/radeon-x1650-xt-dual.c978
ATI,Radeon X1800 GTO,R520,Ultra-Threaded SE,Radeon R500 PCIe(X1800),2006-03-01,500.0,500.0,495.0,0.25,GDDR3,256,31.68,,,,,,,48,,90,0.31,288.0,TSMC,PCIe 1.0 x16,,,https://www.techpowerup.com/gpu-specs/radeon-x1800-gto.c151
ATI,Radeon X1800 GTO2,R520,Ultra-Threaded SE,Radeon R500 PCIe(X1800),2006-03-01,500.0,500.0,500.0,0.25,GDDR3,256,32.0,,,,,,,,,90,0.31,288.0,TSMC,PCIe 1.0 x16,,,https://www.techpowerup.com/gpu-specs/radeon-x1800-gto2.c453
ATI,Radeon X1900 CrossFire Edition,R580,Ultra-Threaded SE,Radeon R500 PCIe(X1900),2006-01-24,625.0,625.0,725.0,0.5,GDDR3,256,46.4,,,,,,,100,,90,0.38,352.0,TSMC,PCIe 1.0 x16,,,https://www.techpowerup.com/gpu-specs/radeon-x1900-crossfire-edition.c887
ATI,Radeon X1900 G5 Mac Edition,R580,Ultra-Threaded SE,Radeon R500 PCIe(X1900),2006-11-06,575.0,575.0,600.0,0.25,GDDR3,256,38.4,,,,,,,75,,90,0.38,352.0,TSMC,PCIe 1.0 x16,,,https://www.techpowerup.com/gpu-specs/radeon-x1900-g5-mac-edition.c2451
ATI,Radeon X1900 GT,R580,Ultra-Threaded SE,Radeon R500 PCIe(X1900),2006-05-01,575.0,575.0,600.0,0.25,GDDR3,256,38.4,,,,,,,75,,90,0.38,352.0,TSMC,PCIe 1.0 x16,,,https://www.techpowerup.com/gpu-specs/radeon-x1900-gt.c173
ATI,Radeon X1900 XT,R580,Ultra-Threaded SE,Radeon R500 PCIe(X1900),2006-01-24,625.0,625.0,725.0,0.25,GDDR3,256,46.4,,,,,,,100,,90,0.38,352.0,TSMC,PCIe 1.0 x16,,,https://www.techpowerup.com/gpu-specs/radeon-x1900-xt.c454
ATI,Radeon X1900 XTX,R580,Ultra-Threaded SE,Radeon R500 PCIe(X1900),2006-01-24,650.0,650.0,775.0,0.5,GDDR3,256,49.6,,,,,,,135,,90,0.38,352.0,TSMC,PCIe 1.0 x16,,,https://www.techpowerup.com/gpu-specs/radeon-x1900-xtx.c147
ATI,Radeon X1950 CrossFire Edition,R580+,Ultra-Threaded SE,Radeon R500 PCIe(X1950),2006-09-10,650.0,650.0,1000.0,0.5,GDDR4,256,64.0,,,,,,,,,90,0.38,352.0,TSMC,PCIe 1.0 x16,,,https://www.techpowerup.com/gpu-specs/radeon-x1950-crossfire-edition.c886
ATI,Radeon X1950 PRO,RV570,Ultra-Threaded SE,Radeon R500 PCIe(X1950),2006-10-01,575.0,575.0,690.0,0.25,GDDR3,256,44.16,,,,,,,66,,80,0.31,230.0,TSMC,PCIe 1.0 x16,,,https://www.techpowerup.com/gpu-specs/radeon-x1950-pro.c969
ATI,Radeon X1950 PRO AGP,RV570,Ultra-Threaded SE,Radeon R500 AGP(X1950),2006-10-25,575.0,575.0,690.0,0.5,GDDR3,256,44.16,,,,,,,66,,80,0.31,230.0,TSMC,AGP 8x,,,https://www.techpowerup.com/gpu-specs/radeon-x1950-pro-agp.c191
ATI,Radeon X1950 XT,R580+,Ultra-Threaded SE,Radeon R500 PCIe(X1950),2006-10-17,625.0,625.0,900.0,0.25,GDDR3,256,57.6,,,,,,,96,,90,0.38,352.0,TSMC,PCIe 1.0 x16,,,https://www.techpowerup.com/gpu-specs/radeon-x1950-xt.c190
ATI,Radeon X1950 XT AGP,R580+,Ultra-Threaded SE,Radeon R500 AGP(X1950),2006-10-17,625.0,625.0,703.0,0.25,GDDR3,256,44.99,,,,,,,96,,90,0.38,352.0,TSMC,AGP 8x,,,https://www.techpowerup.com/gpu-specs/radeon-x1950-xt-agp.c1935
ATI,Radeon X1950 XTX,R580+,Ultra-Threaded SE,Radeon R500 PCIe(X1950),2006-10-17,650.0,650.0,1000.0,0.5,GDDR4,256,64.0,,,,,,,125,,90,0.38,352.0,TSMC,PCIe 1.0 x16,,,https://www.techpowerup.com/gpu-specs/radeon-x1950-xtx.c168
ATI,Radeon X300 SE HyperMemory,RV370,R300,Radeon R300(X300),2006-10-25,325.0,325.0,300.0,0.128,DDR,64,4.8,,,,,,,30,,110,0.11,74.0,TSMC,PCIe 1.0 x16,,,https://www.techpowerup.com/gpu-specs/radeon-x300-se-hypermemory.c515
ATI,Radeon X850 CrossFire Edition,R480,R400,Radeon R400 PCIe(X850),2006-09-10,520.0,520.0,540.0,0.25,GDDR3,256,34.56,,,,,,,69,,130,0.16,297.0,TSMC,PCIe 1.0 x16,,,https://www.techpowerup.com/gpu-specs/radeon-x850-crossfire-edition.c537
ATI,Radeon Xpress 1150 Mobile IGP,RS485,R300,Radeon IGP(Xpress 1100 Mobile),2006-05-23,400.0,400.0,,,System Shared,,,,,,,,,,,110,,73.0,TSMC,PCIe 1.0 x16,,,https://www.techpowerup.com/gpu-specs/radeon-xpress-1150-mobile-igp.c681
ATI,Wii GPU,Hollywood,Ultra-Threaded SE,Console GPU(Nintendo),2006-11-19,243.0,243.0,243.0,0.064,GDDR3,64,3.888,,,,,,,45,,90,0.11,95.0,NEC,,,,https://www.techpowerup.com/gpu-specs/wii-gpu.c1917
Matrox,Parhelia APVe,Parhelia-512,Parhelia,Parhelia,2006-06-14,250.0,250.0,250.0,0.128,DDR,128,8.0,,,,,,,,,150,0.08,174.0,UMC,PCIe 1.0 x16,,,https://www.techpowerup.com/gpu-specs/parhelia-apve.c1298
NVIDIA,GeForce 7050 + nForce 620i,C73,Curie,GeForce 7 IGP,2007-10-04,500.0,630.0,,,System Shared,,,,,,,,,,,90,0.11,81.0,,PCI,,,https://www.techpowerup.com/gpu-specs/geforce-7050-nforce-620i.c2150
NVIDIA,GeForce 7050 + nForce 630i,C73,Curie,GeForce 7 IGP,2007-10-04,500.0,630.0,,,System Shared,,,,,,,,,,,90,0.11,81.0,,PCI,,,https://www.techpowerup.com/gpu-specs/geforce-7050-nforce-630i.c1863
NVIDIA,GeForce 7100 + nForce 630i,C73,Curie,GeForce 7 IGP,2007-10-04,600.0,600.0,,,System Shared,,,,,,,,,,,90,0.11,81.0,,PCI,,,https://www.techpowerup.com/gpu-specs/geforce-7100-nforce-630i.c2149
NVIDIA,GeForce 7150 + nForce 630i,C73,Curie,GeForce 7 IGP,2007-11-16,630.0,630.0,,,System Shared,,,,,,,,,,,90,0.11,81.0,,PCI,,,https://www.techpowerup.com/gpu-specs/geforce-7150-nforce-630i.c1959
NVIDIA,GeForce 7150M + nForce 630M,C67,Curie,GeForce 7M IGP(7000M),2007-11-16,425.0,425.0,,,System Shared,,,,,,,,,,,90,0.11,81.0,,PCIe 1.0 x16,,,https://www.techpowerup.com/gpu-specs/geforce-7150m-nforce-630m.c1585
NVIDIA,GeForce 7600 GT AGP,G73B,Curie,GeForce 7 AGP(7600),2007-01-08,560.0,560.0,700.0,0.25,GDDR3,128,22.4,,,,,,,40,,80,0.18,100.0,TSMC,AGP 8x,,,https://www.techpowerup.com/gpu-specs/geforce-7600-gt-agp.c729
NVIDIA,GeForce 7950 GT AGP,G71,Curie,GeForce 7 AGP(7900),2007-04-02,500.0,500.0,600.0,0.5,GDDR3,256,38.4,,,,,,,65,,90,0.28,196.0,TSMC,AGP 8x,,,https://www.techpowerup.com/gpu-specs/geforce-7950-gt-agp.c754
NVIDIA,GeForce 8300 GS,G86S,Tesla,GeForce 8(8300),2007-04-17,459.0,459.0,400.0,0.128,DDR2,64,6.4,8,,,0.01,,,40,1.1,80,0.21,127.0,TSMC,PCIe 1.0 x16,1,0.016,https://www.techpowerup.com/gpu-specs/geforce-8300-gs.c755
NVIDIA,GeForce 8400,G98S,Tesla,GeForce 8(8400),2007-12-04,540.0,540.0,500.0,0.25,DDR2,64,8.0,8,,,0.02,,,25,1.1,65,0.21,86.0,UMC,PCIe 2.0 x16,1,0.016,https://www.techpowerup.com/gpu-specs/geforce-8400.c2045
NVIDIA,GeForce 8400 GS,G86S,Tesla,GeForce 8(8400),2007-04-17,459.0,459.0,400.0,0.25,DDR2,64,6.4,16,,,0.03,,,40,1.1,80,0.21,127.0,TSMC,PCIe 1.0 x16,2,0.016,https://www.techpowerup.com/gpu-specs/geforce-8400-gs.c205
NVIDIA,GeForce 8400 GS PCI,G98S,Tesla,GeForce 8(8400),2007-12-04,567.0,567.0,333.0,0.5,DDR2,64,5.328,8,,,0.02,,,25,1.1,65,0.21,86.0,UMC,PCI,1,0.016,https://www.techpowerup.com/gpu-specs/geforce-8400-gs-pci.c3320
NVIDIA,GeForce 8400 GS PCI Rev. 2,GT218S,Tesla 2.0,GeForce 8(8400),2007-04-17,520.0,520.0,500.0,0.5,DDR3,64,8.0,16,,,0.04,,,40,1.2,40,0.26,57.0,TSMC,PCI,2,0.032,https://www.techpowerup.com/gpu-specs/geforce-8400-gs-pci-rev-2.c1929
NVIDIA,GeForce 8400 GS Rev. 2,G98S,Tesla,GeForce 8(8400),2007-12-04,567.0,567.0,400.0,0.5,DDR2,64,6.4,8,,,0.02,,,25,1.1,65,0.21,86.0,UMC,PCIe 2.0 x16,1,0.016,https://www.techpowerup.com/gpu-specs/geforce-8400-gs-rev-2.c770
NVIDIA,GeForce 8400M G,G86,Tesla,GeForce 8M(8000M),2007-05-09,400.0,400.0,400.0,0.25,GDDR3,64,6.4,8,,,0.01,,,10,1.1,80,0.21,127.0,TSMC,PCIe 1.0 x16,1,0.016,https://www.techpowerup.com/gpu-specs/geforce-8400m-g.c1697
NVIDIA,GeForce 8400M GS,G86S,Tesla,GeForce 8M(8000M),2007-05-09,400.0,400.0,400.0,0.25,DDR2,64,6.4,16,,,0.03,,,11,1.1,80,0.21,127.0,TSMC,MXM-I,2,0.016,https://www.techpowerup.com/gpu-specs/geforce-8400m-gs.c1696
NVIDIA,GeForce 8400M GT,G86S,Tesla,GeForce 8M(8000M),2007-05-09,450.0,450.0,602.0,0.25,GDDR3,128,19.26,16,,,0.03,,,14,1.1,80,0.21,127.0,TSMC,PCIe 1.0 x16,2,0.032,https://www.techpowerup.com/gpu-specs/geforce-8400m-gt.c1695
NVIDIA,GeForce 8500 GT,G86,Tesla,GeForce 8(8500),2007-04-17,459.0,459.0,400.0,0.25,GDDR3,128,12.8,16,,,0.03,,,30,1.1,80,0.21,127.0,TSMC,PCIe 1.0 x16,2,0.032,https://www.techpowerup.com/gpu-specs/geforce-8500-gt.c765
NVIDIA,GeForce 8600 GS,G84,Tesla,GeForce 8(8600),2007-04-17,540.0,540.0,400.0,0.5,DDR2,128,12.8,16,,,0.04,,,47,1.1,80,0.29,169.0,TSMC,PCIe 1.0 x16,2,0.032,https://www.techpowerup.com/gpu-specs/geforce-8600-gs.c1767
NVIDIA,GeForce 8600 GT,G84,Tesla,GeForce 8(8600),2007-04-17,540.0,540.0,700.0,0.5,GDDR3,128,22.4,32,,,0.08,,,47,1.1,80,0.29,169.0,TSMC,PCIe 1.0 x16,4,0.032,https://www.techpowerup.com/gpu-specs/geforce-8600-gt.c198
NVIDIA,GeForce 8600 GT Mac Edition,G84,Tesla,GeForce 8(8600),2007-04-17,600.0,600.0,750.0,0.128,GDDR3,128,24.0,32,,,0.09,,,47,1.1,80,0.29,169.0,TSMC,PCIe 1.0 x16,4,0.032,https://www.techpowerup.com/gpu-specs/geforce-8600-gt-mac-edition.c2328
NVIDIA,GeForce 8600 GTS,G84,Tesla,GeForce 8(8600),2007-04-17,675.0,675.0,1000.0,0.25,GDDR3,128,32.0,32,,,0.09,,,60,1.1,80,0.29,169.0,TSMC,PCIe 1.0 x16,4,0.032,https://www.techpowerup.com/gpu-specs/geforce-8600-gts.c764
NVIDIA,GeForce 8600 GTS Mac Edition,G84,Tesla,GeForce 8(8600),2007-09-21,675.0,675.0,1008.0,0.5,GDDR3,128,32.26,32,,,0.09,,,75,1.1,80,0.29,169.0,TSMC,PCIe 1.0 x16,4,0.032,https://www.techpowerup.com/gpu-specs/geforce-8600-gts-mac-edition.c2257
NVIDIA,GeForce 8600M GS,G86,Tesla,GeForce 8M(8000M),2007-05-01,450.0,450.0,400.0,0.5,DDR2,128,12.8,16,,,0.03,,,20,1.1,80,0.21,127.0,TSMC,MXM-II,1,0.032,https://www.techpowerup.com/gpu-specs/geforce-8600m-gs.c1533
NVIDIA,GeForce 8600M GT,G84,Tesla,GeForce 8M(8000M),2007-05-01,475.0,475.0,700.0,0.5,GDDR3,128,22.4,32,,,0.06,,,20,1.1,80,0.29,169.0,TSMC,MXM-II,4,0.032,https://www.techpowerup.com/gpu-specs/geforce-8600m-gt.c938
NVIDIA,GeForce 8600M GT Mac Edition,G84,Tesla,GeForce 8M(8000M),2007-10-05,470.0,470.0,635.0,0.5,GDDR3,128,20.32,32,,,0.06,,,20,1.1,80,0.29,169.0,TSMC,MXM-II,4,0.032,https://www.techpowerup.com/gpu-specs/geforce-8600m-gt-mac-edition.c2332
NVIDIA,GeForce 8700M GT,G84,Tesla,GeForce 8M(8000M),2007-06-01,625.0,625.0,800.0,0.5,GDDR3,128,25.6,32,,,0.08,,,29,1.1,80,0.29,169.0,TSMC,MXM-HE,4,0.032,https://www.techpowerup.com/gpu-specs/geforce-8700m-gt.c1532
NVIDIA,GeForce 8800 GT,G92,Tesla,GeForce 8(8800),2007-10-29,600.0,600.0,900.0,0.5,GDDR3,256,57.6,112,,,0.34,,,125,1.1,65,0.75,324.0,TSMC,PCIe 2.0 x16,14,0.064,https://www.techpowerup.com/gpu-specs/geforce-8800-gt.c201
NVIDIA,GeForce 8800 GTS 320,G80,Tesla,GeForce 8(8800),2007-02-12,513.0,513.0,792.0,0.32,GDDR3,320,63.36,96,,,0.23,,,143,1.0,90,0.68,484.0,TSMC,PCIe 1.0 x16,12,0.08,https://www.techpowerup.com/gpu-specs/geforce-8800-gts-320.c196
NVIDIA,GeForce 8800 GTS 512,G92,Tesla,GeForce 8(8800),2007-12-11,650.0,650.0,820.0,0.5,GDDR3,256,52.48,128,,,0.42,,,135,1.1,65,0.75,324.0,TSMC,PCIe 2.0 x16,16,0.064,https://www.techpowerup.com/gpu-specs/geforce-8800-gts-512.c758
NVIDIA,GeForce 8800 GTS Core 112,G80,Tesla,GeForce 8(8800),2007-11-19,500.0,500.0,800.0,0.64,GDDR3,320,64.0,112,,,0.27,,,150,1.0,90,0.68,484.0,TSMC,PCIe 1.0 x16,14,0.08,https://www.techpowerup.com/gpu-specs/geforce-8800-gts-core-112.c188
NVIDIA,GeForce 8800 Ultra,G80,Tesla,GeForce 8(8800),2007-05-02,612.0,612.0,1080.0,0.75,GDDR3,384,103.7,128,,,0.39,,,171,1.0,90,0.68,484.0,TSMC,PCIe 1.0 x16,16,0.096,https://www.techpowerup.com/gpu-specs/geforce-8800-ultra.c195
NVIDIA,GeForce 8800M GTS,G92,Tesla,GeForce 8M(8000M),2007-11-01,500.0,500.0,800.0,0.5,GDDR3,256,51.2,64,,,0.16,,,50,1.1,65,0.75,324.0,TSMC,MXM-HE,8,0.064,https://www.techpowerup.com/gpu-specs/geforce-8800m-gts.c1528
NVIDIA,GeForce 8800M GTX,G92,Tesla,GeForce 8M(8000M),2007-11-01,500.0,500.0,800.0,0.5,GDDR3,256,51.2,96,,,0.24,,,65,1.1,65,0.75,324.0,TSMC,MXM-HE,12,0.064,https://www.techpowerup.com/gpu-specs/geforce-8800m-gtx.c942
NVIDIA,Quadro FX 1600M,G84,Tesla,Quadro FX Mobile(x600M),2007-06-01,625.0,625.0,800.0,0.5,GDDR3,128,25.6,32,,,0.08,,,50,1.1,80,0.29,169.0,TSMC,MXM-HE,4,0.032,https://www.techpowerup.com/gpu-specs/quadro-fx-1600m.c1446
NVIDIA,Quadro FX 1700,G84,Tesla,Quadro FX Tesla(x700),2007-09-12,460.0,460.0,400.0,0.5,DDR2,256,25.6,32,,,0.06,,,42,1.1,80,0.29,169.0,TSMC,PCIe 1.0 x16,4,0.064,https://www.techpowerup.com/gpu-specs/quadro-fx-1700.c1345
NVIDIA,Quadro FX 3500M,G71,Curie,Quadro FX Mobile(x500M),2007-03-01,575.0,575.0,600.0,0.5,GDDR3,256,38.4,,,,,,,45,,90,0.28,196.0,TSMC,MXM-III,,,https://www.techpowerup.com/gpu-specs/quadro-fx-3500m.c1445
NVIDIA,Quadro FX 360M,G86S,Tesla,Quadro FX Mobile(x600M),2007-05-09,400.0,400.0,400.0,0.25,DDR2,64,6.4,16,,,0.03,,,17,1.1,80,0.21,127.0,TSMC,PCIe 1.0 x16,2,0.016,https://www.techpowerup.com/gpu-specs/quadro-fx-360m.c1441
NVIDIA,Quadro FX 370,G84,Tesla,Quadro FX Tesla(x700),2007-09-12,360.0,360.0,500.0,0.25,DDR2,64,8.0,16,,,0.02,,,35,1.1,80,0.29,169.0,TSMC,PCIe 1.0 x16,2,0.016,https://www.techpowerup.com/gpu-specs/quadro-fx-370.c1330
NVIDIA,Quadro FX 4600,G80,Tesla,Quadro FX Tesla(x600),2007-03-05,500.0,500.0,700.0,0.75,GDDR3,384,67.2,96,,,0.23,,,134,1.0,90,0.68,484.0,TSMC,PCIe 1.0 x16,12,0.096,https://www.techpowerup.com/gpu-specs/quadro-fx-4600.c1338
NVIDIA,Quadro FX 4600 SDI,G80,Tesla,Quadro FX Tesla(x600),2007-03-05,500.0,500.0,700.0,0.75,GDDR3,384,67.2,96,,,0.23,,,154,1.0,90,0.68,484.0,TSMC,PCIe 1.0 x16,12,0.096,https://www.techpowerup.com/gpu-specs/quadro-fx-4600-sdi.c1340
NVIDIA,Quadro FX 5600,G80,Tesla,Quadro FX Tesla(x600),2007-03-05,600.0,600.0,800.0,1.5,GDDR3,384,76.8,128,,,0.35,,,171,1.0,90,0.68,484.0,TSMC,PCIe 1.0 x16,16,0.096,https://www.techpowerup.com/gpu-specs/quadro-fx-5600.c1339
NVIDIA,Quadro FX 5600 Mac Edition,G80,Tesla,Quadro FX Tesla(x600),2007-03-05,600.0,600.0,800.0,1.5,GDDR3,384,76.8,128,,,0.37,,,171,1.0,90,0.68,484.0,TSMC,PCIe 1.0 x16,16,0.096,https://www.techpowerup.com/gpu-specs/quadro-fx-5600-mac-edition.c2402
NVIDIA,Quadro FX 570,G84,Tesla,Quadro FX Tesla(x700),2007-09-12,460.0,460.0,400.0,0.25,DDR2,128,12.8,16,,,0.03,,,38,1.1,80,0.29,169.0,TSMC,PCIe 1.0 x16,2,0.032,https://www.techpowerup.com/gpu-specs/quadro-fx-570.c1331
NVIDIA,Quadro FX 570M,G84,Tesla,Quadro FX Mobile(x700M),2007-06-01,475.0,475.0,702.0,0.5,GDDR3,128,22.46,32,,,0.06,,,45,1.1,80,0.29,169.0,TSMC,PCIe 1.0 x16,4,0.032,https://www.techpowerup.com/gpu-specs/quadro-fx-570m.c1437
NVIDIA,Quadro NVS 130M,G86S,Tesla,NVS Mobile,2007-05-09,400.0,400.0,700.0,0.25,DDR2,64,11.2,8,,,0.01,,,10,1.1,80,0.21,127.0,TSMC,PCIe 2.0 x16,1,0.016,https://www.techpowerup.com/gpu-specs/quadro-nvs-130m.c1471
NVIDIA,Quadro NVS 135M,G86S,Tesla,NVS Mobile,2007-05-09,400.0,400.0,594.0,0.25,GDDR3,64,9.504,16,,,0.03,,,10,1.1,80,0.21,127.0,TSMC,PCIe 2.0 x16,2,0.016,https://www.techpowerup.com/gpu-specs/quadro-nvs-135m.c1472
NVIDIA,Quadro NVS 140M,G86S,Tesla,NVS Mobile,2007-05-09,400.0,400.0,600.0,0.5,GDDR3,64,9.6,16,,,0.03,,,10,1.1,80,0.21,127.0,TSMC,PCIe 2.0 x16,2,0.016,https://www.techpowerup.com/gpu-specs/quadro-nvs-140m.c1473
NVIDIA,Quadro NVS 290,G86S,Tesla,Quadro NVS,2007-10-04,459.0,459.0,400.0,0.25,DDR2,64,6.4,16,,,0.03,,,21,1.1,80,0.21,127.0,TSMC,PCIe 1.0 x16,2,0.016,https://www.techpowerup.com/gpu-specs/quadro-nvs-290.c1453
NVIDIA,Quadro NVS 320M,G84,Tesla,NVS Mobile,2007-06-09,575.0,575.0,700.0,0.5,GDDR3,128,22.4,32,,,0.07,,,20,1.1,80,0.29,169.0,TSMC,MXM-HE,4,0.032,https://www.techpowerup.com/gpu-specs/quadro-nvs-320m.c1465
NVIDIA,Tesla C870,G80,Tesla,Tesla(x8xx),2007-05-02,600.0,600.0,800.0,1.5,GDDR3,384,76.8,128,,,0.35,,,171,1.0,90,0.68,484.0,TSMC,PCIe 1.0 x16,16,0.096,https://www.techpowerup.com/gpu-specs/tesla-c870.c1542
NVIDIA,Tesla D870,G80,Tesla,Tesla(x8xx),2007-05-02,600.0,600.0,800.0,1.5,GDDR3,384,76.8,128,,,0.35,,,520,1.0,90,0.68,484.0,TSMC,PCIe 1.0 x16,16,0.096,https://www.techpowerup.com/gpu-specs/tesla-d870.c1543
NVIDIA,Tesla S870,G80,Tesla,Tesla(x8xx),2007-05-02,600.0,600.0,800.0,1.5,GDDR3,384,76.8,128,,,0.35,,,800,1.0,90,0.68,484.0,TSMC,PCIe 1.0 x16,16,0.096,https://www.techpowerup.com/gpu-specs/tesla-s870.c1544
AMD,FireStream 9170,RV670,TeraScale,FireStream,2007-11-08,777.0,777.0,802.0,2.0,GDDR3,256,51.33,320,,,0.5,,0.1,105,,55,0.67,192.0,TSMC,PCIe 2.0 x16,,0.25,https://www.techpowerup.com/gpu-specs/firestream-9170.c839
Intel,GMA 3100,Bearlake,Generation 4.0,GMA Graphics-M(GMA 3100 IGP),2007-05-09,400.0,400.0,,,System Shared,,,,,,,,,13,,90,,,Intel,FSB,,,https://www.techpowerup.com/gpu-specs/gma-3100.c3117
Intel,GMA 3150,Pineview,Generation 4.0,GMA Graphics(GMA 3100 IGP),2007-05-09,400.0,400.0,,,System Shared,,,16,,,0.01,,,13,,45,0.12,66.0,Intel,FSB,,,https://www.techpowerup.com/gpu-specs/gma-3150.c3375
Intel,GMA X3100,Broadwater,Generation 4.0,GMA Graphics-M(GMA 3100 IGP),2007-05-09,500.0,500.0,,,System Shared,,,,,,,,,13,,90,,,Intel,FSB,,,https://www.techpowerup.com/gpu-specs/gma-x3100.c1233
Intel,GMA X3500,Bearlake,Generation 4.0,GMA Graphics(GMA 3500 IGP),2007-08-01,667.0,667.0,,,System Shared,,,,,,,,,13,,90,,,Intel,FSB,,,https://www.techpowerup.com/gpu-specs/gma-x3500.c3118
ATI,ES1000,ES1000,Rage 6,Radeon IGP(ES),2007-10-18,200.0,200.0,,,System Shared,,,,,,,,,,,180,0.01,80.0,,PCI,,,https://www.techpowerup.com/gpu-specs/es1000.c2102
ATI,FireGL V3600,RV630,TeraScale,FireGL(Vx600),2007-06-28,600.0,600.0,500.0,0.25,DDR2,128,16.0,120,,,0.14,,,73,,65,0.39,153.0,TSMC,PCIe 1.0 x16,,0.064,https://www.techpowerup.com/gpu-specs/firegl-v3600.c696
ATI,FireGL V5600,RV630,TeraScale,FireGL(Vx600),2007-08-06,800.0,800.0,1100.0,0.5,GDDR4,128,35.2,120,,,0.19,,,89,,65,0.39,153.0,TSMC,PCIe 1.0 x16,,0.064,https://www.techpowerup.com/gpu-specs/firegl-v5600.c849
ATI,FireGL V7600,R600,TeraScale,FireGL(Vx600),2007-08-06,600.0,600.0,800.0,0.5,GDDR3,256,51.2,320,,,0.38,,,127,,80,0.72,420.0,TSMC,PCIe 1.0 x16,,0.128,https://www.techpowerup.com/gpu-specs/firegl-v7600.c855
ATI,FireGL V7700,RV670,TeraScale,FireGL(Vx700),2007-11-19,777.0,777.0,1126.0,0.5,GDDR4,256,72.06,320,,,0.5,,0.1,,,55,0.67,192.0,TSMC,PCIe 2.0 x16,,0.25,https://www.techpowerup.com/gpu-specs/firegl-v7700.c691
ATI,FireGL V8600,R600,TeraScale,FireGL(Vx600),2007-05-14,688.0,688.0,868.0,1.0,GDDR4,512,111.1,320,,,0.44,,,159,,80,0.72,420.0,TSMC,PCIe 1.0 x16,,0.25,https://www.techpowerup.com/gpu-specs/firegl-v8600.c689
ATI,FireGL V8650,R600,TeraScale,FireGL(Vx600),2007-08-06,688.0,688.0,868.0,2.0,GDDR4,512,111.1,320,,,0.44,,,,,80,0.72,420.0,TSMC,PCIe 1.0 x16,,0.25,https://www.techpowerup.com/gpu-specs/firegl-v8650.c690
ATI,FireMV 2250,RV516,Ultra-Threaded SE,FireMV Multi-View(2000),2007-01-01,600.0,600.0,400.0,0.25,DDR2,128,12.8,,,,,,,32,,90,0.1,100.0,UMC,PCIe 1.0 x16,,,https://www.techpowerup.com/gpu-specs/firemv-2250.c573
ATI,FireMV 2250 PCIe x1,RV516,Ultra-Threaded SE,FireMV Multi-View(2000),2007-01-01,600.0,600.0,400.0,0.25,DDR2,128,12.8,,,,,,,32,,90,0.1,100.0,UMC,PCIe 1.0 x1,,,https://www.techpowerup.com/gpu-specs/firemv-2250-pcie-x1.c3095
ATI,Mobility FireGL V5250,M66,Ultra-Threaded SE,Mobility FireGL(V5xxx),2007-01-01,450.0,450.0,350.0,0.25,GDDR3,128,11.2,,,,,,,,,90,0.16,150.0,TSMC,PCIe 1.0 x16,,,https://www.techpowerup.com/gpu-specs/mobility-firegl-v5250.c1666
ATI,Mobility FireGL V5600,M76,TeraScale,Mobility FireGL(V5xxx),2007-05-14,500.0,500.0,400.0,0.25,GDDR3,128,12.8,120,,,0.12,,,,,65,0.39,153.0,TSMC,PCIe 2.0 x16,,0.064,https://www.techpowerup.com/gpu-specs/mobility-firegl-v5600.c1667
ATI,Mobility Radeon HD 2300,M71,Ultra-Threaded SE,M7x(Mobility HD 2000),2007-03-01,480.0,480.0,400.0,0.128,DDR2,128,12.8,,,,,,,,,80,0.11,100.0,TSMC,PCIe 1.0 x16,,,https://www.techpowerup.com/gpu-specs/mobility-radeon-hd-2300.c1614
ATI,Mobility Radeon HD 2400,M72,TeraScale,M7x(Mobility HD 2000),2007-05-14,450.0,450.0,400.0,0.25,DDR2,64,6.4,40,,,0.04,,,,,65,0.18,85.0,TSMC,PCIe 1.0 x16,,0.032,https://www.techpowerup.com/gpu-specs/mobility-radeon-hd-2400.c1616
ATI,Mobility Radeon HD 2400 XT,M74,TeraScale,M7x(Mobility HD 2000),2007-05-14,600.0,600.0,400.0,0.25,DDR2,64,6.4,40,,,0.05,,,,,65,0.18,85.0,TSMC,PCIe 1.0 x16,,0.032,https://www.techpowerup.com/gpu-specs/mobility-radeon-hd-2400-xt.c1615
ATI,Mobility Radeon HD 2400 XT Mac Edition,M74,TeraScale,M7x(Mobility HD 2000),2007-06-28,650.0,650.0,800.0,0.128,GDDR3,64,12.8,40,,,0.05,,,,,65,0.18,85.0,TSMC,PCIe 1.0 x16,,0.032,https://www.techpowerup.com/gpu-specs/mobility-radeon-hd-2400-xt-mac-edition.c2255
ATI,Mobility Radeon HD 2600,M76,TeraScale,M7x(Mobility HD 2000),2007-05-14,500.0,500.0,400.0,0.25,DDR2,128,12.8,120,,,0.12,,,,,65,0.39,153.0,TSMC,MXM-II,,0.064,https://www.techpowerup.com/gpu-specs/mobility-radeon-hd-2600.c1619
ATI,Mobility Radeon HD 2600 XT,M76,TeraScale,M7x(Mobility HD 2000),2007-05-14,680.0,680.0,750.0,0.25,GDDR3,128,24.0,120,,,0.16,,,,,65,0.39,153.0,TSMC,MXM-II,,0.064,https://www.techpowerup.com/gpu-specs/mobility-radeon-hd-2600-xt.c1620
ATI,Mobility Radeon HD 2600 XT Mac Edition,M76,TeraScale,M7x(Mobility HD 2000),2007-07-26,600.0,600.0,685.0,0.25,GDDR3,128,21.92,120,,,0.14,,,,,65,0.39,153.0,TSMC,MXM-II,,0.064,https://www.techpowerup.com/gpu-specs/mobility-radeon-hd-2600-xt-mac-edition.c2253
ATI,Mobility Radeon HD 2700,M76,TeraScale,M7x(Mobility HD 2000),2007-12-12,650.0,650.0,700.0,0.25,GDDR3,128,22.4,120,,,0.16,,,35,,65,0.39,153.0,TSMC,MXM-II,,0.064,https://www.techpowerup.com/gpu-specs/mobility-radeon-hd-2700.c1621
ATI,Mobility Radeon X1600 Mac Edition,M56,Ultra-Threaded SE,M5x(Mobility X1),2007-11-08,398.0,398.0,396.0,0.128,GDDR3,128,12.67,,,,,,,,,90,0.16,150.0,TSMC,PCIe 1.0 x16,,,https://www.techpowerup.com/gpu-specs/mobility-radeon-x1600-mac-edition.c2336
ATI,Mobility Radeon X1900,M68,Ultra-Threaded SE,M6x(Mobility X1),2007-01-11,400.0,400.0,470.0,0.25,GDDR3,256,30.08,,,,,,,,,80,0.31,230.0,TSMC,MXM-III,,,https://www.techpowerup.com/gpu-specs/mobility-radeon-x1900.c1607
ATI,Mobility Radeon X2300,M64,Ultra-Threaded SE,M6x(Mobility X2),2007-03-01,479.0,479.0,392.0,0.064,DDR2,64,6.272,,,,,,,,,90,0.1,100.0,UMC,PCIe 1.0 x16,,,https://www.techpowerup.com/gpu-specs/mobility-radeon-x2300.c1612
ATI,Mobility Radeon X2300 HD,M71,Ultra-Threaded SE,M7x(Mobility X2),2007-03-01,479.0,479.0,378.0,0.25,DDR2,32,3.024,,,,,,,,,80,0.11,100.0,TSMC,PCIe 1.0 x16,,,https://www.techpowerup.com/gpu-specs/mobility-radeon-x2300-hd.c2242
ATI,Mobility Radeon X2500,M66,Ultra-Threaded SE,M6x(Mobility X2),2007-06-01,460.0,460.0,400.0,0.25,DDR2,128,12.8,,,,,,,,,90,0.16,150.0,TSMC,PCIe 1.0 x16,,,https://www.techpowerup.com/gpu-specs/mobility-radeon-x2500.c1613
ATI,Radeon E2400,RV610,TeraScale,Embedded(2000),2007-06-28,600.0,600.0,700.0,0.128,GDDR3,64,11.2,40,,,0.05,,,25,,65,0.18,85.0,TSMC,MXM-II,,0.032,https://www.techpowerup.com/gpu-specs/radeon-e2400.c1739
ATI,Radeon HD 2350 PRO,RV610,TeraScale,Radeon R600(HD 2400),2007-01-01,525.0,525.0,400.0,0.25,DDR2,64,6.4,40,,,0.04,,,20,,65,0.18,85.0,TSMC,PCIe 1.0 x16,,0.032,https://www.techpowerup.com/gpu-specs/radeon-hd-2350-pro.c221
ATI,Radeon HD 2400 PRO,RV610,TeraScale,Radeon R600(HD 2400),2007-06-28,525.0,525.0,400.0,0.25,DDR2,64,6.4,40,,,0.04,,,20,,65,0.18,85.0,TSMC,PCIe 1.0 x16,,0.032,https://www.techpowerup.com/gpu-specs/radeon-hd-2400-pro.c997
ATI,Radeon HD 2400 PRO AGP,RV610,TeraScale,Radeon R600(HD 2400),2007-06-28,525.0,525.0,400.0,0.25,DDR2,64,6.4,40,,,0.04,,,20,,65,0.18,85.0,TSMC,AGP 8x,,0.032,https://www.techpowerup.com/gpu-specs/radeon-hd-2400-pro-agp.c431
ATI,Radeon HD 2400 PRO PCI,RV610,TeraScale,Radeon R600(HD 2400),2007-06-28,525.0,525.0,400.0,0.5,DDR2,64,6.4,40,,,0.04,,,20,,65,0.18,85.0,TSMC,PCI,,0.032,https://www.techpowerup.com/gpu-specs/radeon-hd-2400-pro-pci.c428
ATI,Radeon HD 2400 XT,RV610,TeraScale,Radeon R600(HD 2400),2007-06-28,650.0,650.0,500.0,0.25,GDDR3,64,8.0,40,,,0.05,,,25,,65,0.18,85.0,TSMC,PCIe 1.0 x16,,0.032,https://www.techpowerup.com/gpu-specs/radeon-hd-2400-xt.c194
ATI,Radeon HD 2600 PRO,RV630,TeraScale,Radeon R600(HD 2600),2007-06-28,600.0,600.0,500.0,0.25,DDR2,128,16.0,120,,,0.14,,,35,,65,0.39,153.0,TSMC,PCIe 1.0 x16,,0.064,https://www.techpowerup.com/gpu-specs/radeon-hd-2600-pro.c212
ATI,Radeon HD 2600 PRO AGP,RV630,TeraScale,Radeon R600(HD 2600),2007-06-28,594.0,594.0,396.0,0.5,DDR2,128,12.67,120,,,0.14,,,35,,65,0.39,153.0,TSMC,AGP 8x,,0.064,https://www.techpowerup.com/gpu-specs/radeon-hd-2600-pro-agp.c1001
ATI,Radeon HD 2600 XT,RV630,TeraScale,Radeon R600(HD 2600),2007-06-28,800.0,800.0,1100.0,0.25,GDDR4,128,35.2,120,,,0.19,,,50,,65,0.39,153.0,TSMC,PCIe 1.0 x16,,0.064,https://www.techpowerup.com/gpu-specs/radeon-hd-2600-xt.c1007
ATI,Radeon HD 2600 XT AGP,RV630,TeraScale,Radeon R600(HD 2600),2007-06-28,800.0,800.0,800.0,0.25,GDDR3,128,25.6,120,,,0.19,,,45,,65,0.39,153.0,TSMC,AGP 8x,,0.064,https://www.techpowerup.com/gpu-specs/radeon-hd-2600-xt-agp.c316
ATI,Radeon HD 2600 XT X2,RV630,TeraScale,Radeon R600(HD 2600),2007-07-26,800.0,800.0,800.0,0.5,GDDR3,128,25.6,120,,,0.19,,,,,65,0.39,153.0,TSMC,PCIe 1.0 x16,,0.064,https://www.techpowerup.com/gpu-specs/radeon-hd-2600-xt-x2.c1005
ATI,Radeon HD 2900 GT,R600,TeraScale,Radeon R600(HD 2900),2007-11-06,601.0,601.0,800.0,0.25,GDDR3,256,51.2,240,,,0.29,,,150,,80,0.72,420.0,TSMC,PCIe 1.0 x16,,0.128,https://www.techpowerup.com/gpu-specs/radeon-hd-2900-gt.c220
ATI,Radeon HD 2900 PRO,R600,TeraScale,Radeon R600(HD 2900),2007-12-12,600.0,600.0,800.0,0.5,GDDR3,256,51.2,320,,,0.38,,,200,,80,0.72,420.0,TSMC,PCIe 1.0 x16,,0.128,https://www.techpowerup.com/gpu-specs/radeon-hd-2900-pro.c434
ATI,Radeon HD 2900 XT,R600,TeraScale,Radeon R600(HD 2900),2007-05-14,743.0,743.0,828.0,0.5,GDDR3,512,106.0,320,,,0.48,,,215,,80,0.72,420.0,TSMC,PCIe 1.0 x16,,0.25,https://www.techpowerup.com/gpu-specs/radeon-hd-2900-xt.c192
ATI,Radeon HD 3450,RV620,TeraScale,Radeon R600(HD 3400),2007-12-10,600.0,600.0,500.0,0.25,DDR2,64,8.0,40,,,0.05,,,25,,55,0.18,67.0,TSMC,PCIe 2.0 x16,,0.064,https://www.techpowerup.com/gpu-specs/radeon-hd-3450.c224
ATI,Radeon HD 3450 X2,RV620,TeraScale,Radeon R600(HD 3400),2007-12-10,600.0,600.0,500.0,0.5,DDR2,64,8.0,40,,,0.05,,,50,,55,0.18,67.0,TSMC,PCIe 2.0 x16,,0.064,https://www.techpowerup.com/gpu-specs/radeon-hd-3450-x2.c3041
ATI,Radeon HD 3850,RV670,TeraScale,Radeon R600(HD 3800),2007-11-19,668.0,668.0,830.0,0.5,GDDR3,256,53.12,320,,,0.43,,0.09,75,,55,0.67,192.0,TSMC,PCIe 2.0 x16,,0.25,https://www.techpowerup.com/gpu-specs/radeon-hd-3850.c486
ATI,Radeon HD 3870,RV670,TeraScale,Radeon R600(HD 3800),2007-11-19,777.0,777.0,1126.0,0.5,GDDR4,256,72.06,320,,,0.5,,0.1,106,,55,0.67,192.0,TSMC,PCIe 2.0 x16,,0.25,https://www.techpowerup.com/gpu-specs/radeon-hd-3870.c203
ATI,Radeon X1550,RV516,Ultra-Threaded SE,Radeon R500 PCIe(X1550),2007-01-01,550.0,550.0,400.0,0.25,DDR2,128,12.8,,,,,,,27,,90,0.1,100.0,UMC,PCIe 1.0 x16,,,https://www.techpowerup.com/gpu-specs/radeon-x1550.c1803
ATI,Radeon X1550 AGP,RV505,Ultra-Threaded SE,Radeon R500 AGP(X1550),2007-01-01,600.0,600.0,330.0,0.25,DDR2,64,5.28,,,,,,,27,,90,0.11,100.0,TSMC,AGP 8x,,,https://www.techpowerup.com/gpu-specs/radeon-x1550-agp.c922
ATI,Radeon X1550 PCI,RV516,Ultra-Threaded SE,Radeon R500 PCIe(X1550),2007-01-01,452.0,452.0,266.0,0.25,DDR2,64,4.256,,,,,,,27,,90,0.1,100.0,UMC,PCI,,,https://www.techpowerup.com/gpu-specs/radeon-x1550-pci.c2136
ATI,Radeon X1600,RV516,Ultra-Threaded SE,Radeon R500 PCIe(X1600),2007-01-01,635.0,635.0,400.0,0.5,DDR2,128,12.8,,,,,,,27,,90,0.1,100.0,UMC,PCIe 1.0 x16,,,https://www.techpowerup.com/gpu-specs/radeon-x1600.c1807
ATI,Radeon X1600 PRO AGP,RV530,Ultra-Threaded SE,Radeon R500 AGP(X1600),2007-10-01,500.0,500.0,390.0,0.25,GDDR3,128,12.48,,,,,,,41,,90,0.16,150.0,TSMC,AGP 8x,,,https://www.techpowerup.com/gpu-specs/radeon-x1600-pro-agp.c157
ATI,Radeon X1600 SE,RV515,Ultra-Threaded SE,Radeon R500 PCIe(X1600),2007-01-01,635.0,635.0,250.0,0.25,DDR,128,8.0,,,,,,,27,,90,0.11,100.0,TSMC,PCIe 1.0 x16,,,https://www.techpowerup.com/gpu-specs/radeon-x1600-se.c4035
ATI,Radeon X1650,RV530,Ultra-Threaded SE,Radeon R500 PCIe(X1650),2007-02-01,500.0,500.0,400.0,0.25,DDR2,128,12.8,,,,,,,,,90,0.16,150.0,TSMC,PCIe 1.0 x16,,,https://www.techpowerup.com/gpu-specs/radeon-x1650.c446
ATI,Radeon X1650 AGP,RV530,Ultra-Threaded SE,Radeon R500 AGP(X1650),2007-02-01,500.0,500.0,400.0,0.25,DDR2,128,12.8,,,,,,,,,90,0.16,150.0,TSMC,AGP 8x,,,https://www.techpowerup.com/gpu-specs/radeon-x1650-agp.c959
ATI,Radeon X1650 GT,RV560,Ultra-Threaded SE,Radeon R500 PCIe(X1650),2007-05-01,400.0,400.0,400.0,0.128,GDDR3,128,12.8,,,,,,,,,80,0.31,230.0,TSMC,PCIe 1.0 x16,,,https://www.techpowerup.com/gpu-specs/radeon-x1650-gt.c447
ATI,Radeon X1650 GTO,RV530,Ultra-Threaded SE,Radeon R500 PCIe(X1650),2007-12-02,587.0,587.0,392.0,0.25,DDR2,128,12.54,,,,,,,,,90,0.16,150.0,TSMC,PCIe 1.0 x16,,,https://www.techpowerup.com/gpu-specs/radeon-x1650-gto.c2089
ATI,Radeon X1650 SE,RV516,Ultra-Threaded SE,Radeon R500 PCIe(X1650),2007-01-01,635.0,635.0,400.0,0.5,DDR2,128,12.8,,,,,,,27,,90,0.1,100.0,UMC,PCIe 1.0 x16,,,https://www.techpowerup.com/gpu-specs/radeon-x1650-se.c4034
ATI,Radeon X1700 FSC,RV535,Ultra-Threaded SE,Radeon R500 PCIe(X1700),2007-11-05,587.0,587.0,695.0,0.25,GDDR3,128,22.24,,,,,,,44,,80,0.16,131.0,TSMC,PCIe 1.0 x16,,,https://www.techpowerup.com/gpu-specs/radeon-x1700-fsc.c2090
ATI,Radeon X1700 SE,RV560,Ultra-Threaded SE,Radeon R500 PCIe(X1700),2007-11-30,500.0,500.0,500.0,0.5,DDR2,128,16.0,,,,,,,50,,80,0.31,230.0,TSMC,PCIe 1.0 x16,,,https://www.techpowerup.com/gpu-specs/radeon-x1700-se.c2094
ATI,Radeon X1950 GT,RV570,Ultra-Threaded SE,Radeon R500 PCIe(X1950),2007-01-29,500.0,500.0,600.0,0.25,GDDR3,256,38.4,,,,,,,57,,80,0.31,230.0,TSMC,PCIe 1.0 x16,,,https://www.techpowerup.com/gpu-specs/radeon-x1950-gt.c458
ATI,Radeon X1950 GT AGP,RV570,Ultra-Threaded SE,Radeon R500 AGP(X1950),2007-02-10,500.0,500.0,600.0,0.25,GDDR3,256,38.4,,,,,,,57,,80,0.31,230.0,TSMC,AGP 8x,,,https://www.techpowerup.com/gpu-specs/radeon-x1950-gt-agp.c457
ATI,Radeon X1950 PRO DUAL,RV570,Ultra-Threaded SE,Radeon R500 PCIe(X1950),2007-01-10,575.0,575.0,690.0,0.5,GDDR3,256,44.16,,,,,,,130,,80,0.31,230.0,TSMC,PCIe 1.0 x16,,,https://www.techpowerup.com/gpu-specs/radeon-x1950-pro-dual.c970
ATI,Radeon X1950 XTX Uber Edition,R580+,Ultra-Threaded SE,Radeon R500 PCIe(X1950),2007-01-19,670.0,670.0,1050.0,0.5,GDDR4,256,67.2,,,,,,,125,,90,0.38,352.0,TSMC,PCIe 1.0 x16,,,https://www.techpowerup.com/gpu-specs/radeon-x1950-xtx-uber-edition.c3345
ATI,Radeon X550 XT,RV410,R400,Radeon R300(X550),2007-01-24,400.0,400.0,300.0,0.128,GDDR3,128,9.6,,,,,,,,,110,0.12,156.0,TSMC,PCIe 1.0 x16,,,https://www.techpowerup.com/gpu-specs/radeon-x550-xt.c1810
ATI,Radeon X550 XTX,RV410,R400,Radeon R300(X550),2007-01-24,400.0,400.0,300.0,0.128,DDR,64,4.8,,,,,,,,,110,0.12,156.0,TSMC,PCIe 1.0 x16,,,https://www.techpowerup.com/gpu-specs/radeon-x550-xtx.c980
ATI,Radeon Xpress 1100 IGP,RC410,R300,Radeon IGP(1100),2007-10-17,300.0,300.0,,,System Shared,,,,,,,,,,,130,,73.0,,PCIe 1.0 x16,,,https://www.techpowerup.com/gpu-specs/radeon-xpress-1100-igp.c2477
ATI,Radeon Xpress 1150 IGP,RS482,R300,Radeon IGP(1100),2007-10-17,400.0,400.0,,,System Shared,,,,,,,,,,,110,,73.0,TSMC,PCIe 1.0 x16,,,https://www.techpowerup.com/gpu-specs/radeon-xpress-1150-igp.c2146
ATI,Radeon Xpress 1200 IGP,RS690,R400,Radeon IGP(1200),2007-02-28,400.0,400.0,,,System Shared,,,,,,,,,,,80,0.12,73.0,,PCIe 1.0 x16,,,https://www.techpowerup.com/gpu-specs/radeon-xpress-1200-igp.c2183
ATI,Radeon Xpress 1200 Mobile IGP,RS690,R400,Radeon IGP(Xpress 1200 Mobile),2007-02-28,400.0,400.0,,,System Shared,,,,,,,,,,,80,0.12,73.0,,PCIe 1.0 x16,,,https://www.techpowerup.com/gpu-specs/radeon-xpress-1200-mobile-igp.c2111
ATI,Radeon Xpress 1250 IGP,RS690,R400,Radeon IGP(1200),2007-02-28,400.0,400.0,,,System Shared,,,,,,,,,,,80,0.12,73.0,,PCIe 1.0 x16,,,https://www.techpowerup.com/gpu-specs/radeon-xpress-1250-igp.c847
ATI,Radeon Xpress 1250 Mobile IGP,RS690,R400,Radeon IGP(Xpress 1200 Mobile),2007-02-28,400.0,400.0,,,System Shared,,,,,,,,,,,80,0.12,73.0,,PCIe 1.0 x16,,,https://www.techpowerup.com/gpu-specs/radeon-xpress-1250-mobile-igp.c2110
ATI,Radeon Xpress 1270 Mobile IGP,RS690,R400,Radeon IGP(Xpress 1200 Mobile),2007-02-28,400.0,400.0,,,System Shared,,,,,,,,,,,80,0.12,73.0,,PCIe 1.0 x16,,,https://www.techpowerup.com/gpu-specs/radeon-xpress-1270-mobile-igp.c1992
ATI,Xbox 360 GPU 80nm,Xenos Falcon,TeraScale,Console GPU(Microsoft),2007-10-27,500.0,500.0,700.0,0.5,GDDR3,128,22.4,240,,,0.24,,,175,,80,0.23,156.0,TSMC,,,,https://www.techpowerup.com/gpu-specs/xbox-360-gpu-80nm.c3507
Sony,Playstation 2 GPU 65nm,EE+GS-65nm,,Console GPU(Sony),2007-07-01,147.0,147.0,150.0,0.004,eDRAM,2560,48.0,,,,,,,45,,65,0.05,60.0,Sony,,,,https://www.techpowerup.com/gpu-specs/playstation-2-gpu-65nm.c3706
Sony,Playstation Portable GPU 65nm,RE+SE-65nm,,Console GPU(Sony),2007-08-30,133.0,133.0,83.0,0.002,eDRAM,512,5.312,,,,,,,4,,65,,,Sony,,,,https://www.techpowerup.com/gpu-specs/playstation-portable-gpu-65nm.c3710
NVIDIA,GeForce 6200 PCI,NV44,Curie,GeForce 6 PCI(6200),2008-01-16,280.0,280.0,200.0,0.25,DDR2,64,3.2,,,,,,,,,110,0.07,110.0,TSMC,PCI,,,https://www.techpowerup.com/gpu-specs/geforce-6200-pci.c718
NVIDIA,GeForce 6200 X2 PCI,NV44,Curie,GeForce 6 PCI(6200),2008-01-16,280.0,280.0,200.0,0.25,DDR2,64,3.2,,,,,,,,,110,0.07,110.0,TSMC,PCI,,,https://www.techpowerup.com/gpu-specs/geforce-6200-x2-pci.c3040
NVIDIA,GeForce 7050 + nForce 610i,C73B,Curie,GeForce 7 IGP,2008-01-13,500.0,500.0,,,System Shared,,,,,,,,,,,90,0.11,81.0,,PCI,,,https://www.techpowerup.com/gpu-specs/geforce-7050-nforce-610i.c2148
NVIDIA,GeForce 8100 + nForce 720a,C78,Tesla,GeForce 8 IGP,2008-05-06,500.0,500.0,,,System Shared,,,16,,,0.04,,,40,,80,0.21,127.0,,PCI,2,,https://www.techpowerup.com/gpu-specs/geforce-8100-nforce-720a.c2048
NVIDIA,GeForce 8200,C78,Tesla,GeForce 8 IGP,2008-05-06,500.0,500.0,,,System Shared,,,16,,,0.04,,,40,,80,0.21,127.0,,PCI,2,,https://www.techpowerup.com/gpu-specs/geforce-8200.c2047
NVIDIA,GeForce 8200M G mGPU AMD,C77,Tesla,GeForce 8M IGP(8000M),2008-06-18,400.0,400.0,,,System Shared,,,16,,,0.03,,,12,,80,0.21,127.0,,PCIe 2.0 x16,2,,https://www.techpowerup.com/gpu-specs/geforce-8200m-g-mgpu-amd.c1530
NVIDIA,GeForce 8200M G mGPU Intel,C79,Tesla,GeForce 8M IGP(8000M),2008-06-18,400.0,400.0,,,System Shared,,,16,,,0.03,,,12,,65,0.31,144.0,,PCIe 2.0 x16,2,,https://www.techpowerup.com/gpu-specs/geforce-8200m-g-mgpu-intel.c1529
NVIDIA,GeForce 8300,C78,Tesla,GeForce 8 IGP,2008-05-06,500.0,500.0,,,System Shared,,,16,,,0.05,,,40,,80,0.21,127.0,,PCI,2,,https://www.techpowerup.com/gpu-specs/geforce-8300.c2046
NVIDIA,GeForce 8400 SE,G86S,Tesla,GeForce 8(8400),2008-08-01,459.0,459.0,400.0,0.128,DDR2,64,6.4,16,,,0.03,,,50,1.1,80,0.21,127.0,TSMC,PCIe 1.0 x16,2,0.016,https://www.techpowerup.com/gpu-specs/geforce-8400-se.c3779
NVIDIA,GeForce 8800 GS,G92,Tesla,GeForce 8(8800),2008-01-31,550.0,550.0,800.0,0.384,GDDR3,192,38.4,96,,,0.26,,,105,1.1,65,0.75,324.0,TSMC,PCIe 2.0 x16,12,0.048,https://www.techpowerup.com/gpu-specs/geforce-8800-gs.c210
NVIDIA,GeForce 8800 GS Mac Edition,G92,Tesla,GeForce 8M(8000M),2008-01-31,500.0,500.0,799.0,0.5,GDDR3,256,51.14,64,,,0.16,,,105,1.1,65,0.75,324.0,TSMC,MXM-HE,8,0.064,https://www.techpowerup.com/gpu-specs/geforce-8800-gs-mac-edition.c2329
NVIDIA,GeForce 8800 GT Mac Edition,G92,Tesla,GeForce 8(8800),2008-02-01,600.0,600.0,900.0,0.5,GDDR3,256,57.6,112,,,0.34,,,125,1.1,65,0.75,324.0,TSMC,PCIe 2.0 x16,14,0.064,https://www.techpowerup.com/gpu-specs/geforce-8800-gt-mac-edition.c1191
NVIDIA,GeForce 9100,C78,Tesla,GeForce 9 IGP,2008-05-06,500.0,500.0,,,System Shared,,,16,,,0.04,,,40,,80,0.21,127.0,,PCI,2,,https://www.techpowerup.com/gpu-specs/geforce-9100.c2049
NVIDIA,GeForce 9100M G mGPU AMD,C77,Tesla,GeForce 9M IGP(9000M),2008-07-29,450.0,450.0,,,System Shared,,,16,,,0.04,,,12,,80,0.21,127.0,,PCIe 2.0 x16,2,,https://www.techpowerup.com/gpu-specs/geforce-9100m-g-mgpu-amd.c1527
NVIDIA,GeForce 9100M G mGPU Intel,C79,Tesla,GeForce 9M IGP(9000M),2008-07-29,450.0,450.0,,,System Shared,,,8,,,0.02,,,12,,65,0.31,144.0,,PCIe 2.0 x16,1,,https://www.techpowerup.com/gpu-specs/geforce-9100m-g-mgpu-intel.c1526
NVIDIA,GeForce 9200,C78,Tesla,GeForce 9 IGP,2008-05-06,500.0,500.0,,,System Shared,,,16,,,0.04,,,40,,80,0.21,127.0,,PCI,2,,https://www.techpowerup.com/gpu-specs/geforce-9200.c2051
NVIDIA,GeForce 9200M,C79,Tesla,GeForce 9M IGP(9000M),2008-10-15,450.0,450.0,,,System Shared,,,16,,,0.04,,,12,,65,0.31,144.0,,PCIe 2.0 x16,2,,https://www.techpowerup.com/gpu-specs/geforce-9200m.c2050
NVIDIA,GeForce 9200M GS,G98S,Tesla,GeForce 9M(9000M),2008-06-03,529.0,529.0,400.0,0.25,DDR2,64,6.4,8,,,0.02,,,13,1.1,65,0.21,86.0,UMC,PCIe 2.0 x16,1,0.016,https://www.techpowerup.com/gpu-specs/geforce-9200m-gs.c1525
NVIDIA,GeForce 9200M GS GDDR3,G98,Tesla,GeForce 9M(9000M),2008-06-03,529.0,529.0,702.0,0.25,GDDR3,64,11.23,8,,,0.02,,,13,1.1,55,0.21,80.0,UMC,PCIe 2.0 x16,1,0.016,https://www.techpowerup.com/gpu-specs/geforce-9200m-gs-gddr3.c4028
NVIDIA,GeForce 9300 + nForce 730i,C79,Tesla,GeForce 9 IGP,2008-06-18,450.0,450.0,,,System Shared,,,16,,,0.04,,,40,,65,0.31,144.0,,PCI,2,,https://www.techpowerup.com/gpu-specs/geforce-9300-nforce-730i.c2056
NVIDIA,GeForce 9300 GE,G98,Tesla,GeForce 9(9300),2008-06-01,540.0,540.0,400.0,0.25,DDR2,64,6.4,8,,,0.02,,,,1.1,55,0.21,80.0,UMC,PCIe 2.0 x16,1,0.016,https://www.techpowerup.com/gpu-specs/geforce-9300-ge.c1760
NVIDIA,GeForce 9300 GS,G98S,Tesla,GeForce 9(9300),2008-06-01,567.0,567.0,333.0,0.5,DDR2,64,5.328,8,,,0.02,,,,1.1,65,0.21,86.0,UMC,PCIe 2.0 x16,1,0.016,https://www.techpowerup.com/gpu-specs/geforce-9300-gs.c668
NVIDIA,GeForce 9300 SE,G98S,Tesla,GeForce 9(9300),2008-06-01,540.0,540.0,400.0,0.25,DDR2,64,6.4,8,,,0.02,,,,1.1,65,0.21,86.0,UMC,PCIe 2.0 x16,1,0.016,https://www.techpowerup.com/gpu-specs/geforce-9300-se.c1759
NVIDIA,GeForce 9300M G,G86S,Tesla,GeForce 9M(9000M),2008-02-01,400.0,400.0,400.0,0.25,DDR2,64,6.4,16,,,0.03,,,13,1.1,80,0.21,127.0,TSMC,PCIe 2.0 x16,2,0.016,https://www.techpowerup.com/gpu-specs/geforce-9300m-g.c1524
NVIDIA,GeForce 9300M GS,G98S,Tesla,GeForce 9M(9000M),2008-06-04,580.0,580.0,400.0,0.25,DDR2,64,6.4,8,,,0.02,,,13,1.1,65,0.21,86.0,UMC,MXM-I,1,0.016,https://www.techpowerup.com/gpu-specs/geforce-9300m-gs.c1523
NVIDIA,GeForce 9300M GS GDDR3,G98,Tesla,GeForce 9M(9000M),2008-06-04,580.0,580.0,702.0,0.25,GDDR3,64,11.23,8,,,0.02,,,13,1.1,55,0.21,80.0,UMC,MXM-I,1,0.016,https://www.techpowerup.com/gpu-specs/geforce-9300m-gs-gddr3.c4025
NVIDIA,GeForce 9400,C79,Tesla,GeForce 9 IGP,2008-10-15,450.0,450.0,,,System Shared,,,16,,,0.04,,,40,,65,0.31,144.0,,PCI,2,,https://www.techpowerup.com/gpu-specs/geforce-9400.c2052
NVIDIA,GeForce 9400 GT,G96C,Tesla,GeForce 9(9400),2008-08-27,550.0,550.0,400.0,0.5,DDR2,128,12.8,16,,,0.04,,,50,1.1,55,0.31,121.0,TSMC,PCIe 2.0 x16,2,0.032,https://www.techpowerup.com/gpu-specs/geforce-9400-gt.c3159
NVIDIA,GeForce 9400 GT PCI,G96C,Tesla,GeForce 9(9400),2008-08-27,550.0,550.0,400.0,0.25,DDR2,128,12.8,16,,,0.04,,,50,1.1,55,0.31,121.0,TSMC,PCI,2,0.032,https://www.techpowerup.com/gpu-specs/geforce-9400-gt-pci.c664
NVIDIA,GeForce 9400 GT Rev. 2,G96C,Tesla,GeForce 9(9400),2008-08-27,550.0,550.0,400.0,0.5,GDDR3,128,12.8,16,,,0.04,,,50,1.1,55,0.31,121.0,TSMC,PCIe 2.0 x16,2,0.032,https://www.techpowerup.com/gpu-specs/geforce-9400-gt-rev-2.c666
NVIDIA,GeForce 9400M,C79,Tesla,GeForce 9M IGP(9000M),2008-10-15,580.0,580.0,,,System Shared,,,16,,,0.04,,,12,,65,0.31,144.0,,PCIe 2.0 x16,2,,https://www.techpowerup.com/gpu-specs/geforce-9400m.c2055
NVIDIA,GeForce 9400M G,C79,Tesla,GeForce 9M IGP(9000M),2008-10-15,450.0,450.0,,,System Shared,,,16,,,0.04,,,12,,65,0.31,144.0,,PCIe 2.0 x16,2,,https://www.techpowerup.com/gpu-specs/geforce-9400m-g.c1872
NVIDIA,GeForce 9500 GS,G96,Tesla,GeForce 9(9500),2008-07-29,550.0,550.0,504.0,0.5,DDR2,128,16.13,32,,,0.09,,,40,1.1,65,0.31,144.0,UMC,PCIe 2.0 x16,4,0.032,https://www.techpowerup.com/gpu-specs/geforce-9500-gs.c3372
NVIDIA,GeForce 9500 GS Rev. 2,G96C,Tesla,GeForce 9(9500),2008-07-29,500.0,500.0,500.0,0.5,DDR2,128,16.0,32,,,0.08,,,40,1.1,55,0.31,121.0,TSMC,PCIe 2.0 x16,4,0.032,https://www.techpowerup.com/gpu-specs/geforce-9500-gs-rev-2.c3371
NVIDIA,GeForce 9500 GT,G96,Tesla,GeForce 9(9500),2008-07-29,600.0,600.0,1000.0,0.5,GDDR3,128,32.0,32,,,0.1,,,50,1.1,65,0.31,144.0,UMC,PCIe 2.0 x16,4,0.032,https://www.techpowerup.com/gpu-specs/geforce-9500-gt.c3373
NVIDIA,GeForce 9500 GT Rev. 2,G96B,Tesla,GeForce 9(9500),2008-07-29,600.0,600.0,900.0,0.5,GDDR3,128,28.8,32,,,0.1,,,50,1.1,55,0.31,121.0,UMC,PCIe 2.0 x16,4,0.032,https://www.techpowerup.com/gpu-specs/geforce-9500-gt-rev-2.c3787
NVIDIA,GeForce 9500 GT Rev. 3,G96C,Tesla,GeForce 9(9500),2008-07-29,550.0,550.0,800.0,0.5,GDDR3,128,25.6,32,,,0.09,,,50,1.1,55,0.31,121.0,TSMC,PCIe 2.0 x16,4,0.032,https://www.techpowerup.com/gpu-specs/geforce-9500-gt-rev-3.c662
NVIDIA,GeForce 9500M G,G96,Tesla,GeForce 9M(9500M),2008-06-03,500.0,500.0,800.0,0.5,GDDR3,128,25.6,16,,,0.04,,,20,1.1,65,0.31,144.0,UMC,PCIe 2.0 x16,2,0.032,https://www.techpowerup.com/gpu-specs/geforce-9500m-g.c1521
NVIDIA,GeForce 9500M GS,G84,Tesla,GeForce 9M(9500M),2008-02-01,475.0,475.0,700.0,0.5,GDDR3,128,22.4,32,,,0.06,,,20,1.1,80,0.29,169.0,TSMC,PCIe 1.0 x16,4,0.032,https://www.techpowerup.com/gpu-specs/geforce-9500m-gs.c1520
NVIDIA,GeForce 9600 GS OEM,G94,Tesla,GeForce 9(9600),2008-07-29,500.0,500.0,1000.0,0.75,DDR2,192,48.0,48,,,0.12,,,,1.1,65,0.51,240.0,TSMC,PCIe 2.0 x16,6,0.048,https://www.techpowerup.com/gpu-specs/geforce-9600-gs-oem.c660
NVIDIA,GeForce 9600 GSO,G92,Tesla,GeForce 9(9600),2008-04-28,550.0,550.0,800.0,0.384,GDDR3,192,38.4,96,,,0.26,,,84,1.1,65,0.75,324.0,TSMC,PCIe 2.0 x16,12,0.048,https://www.techpowerup.com/gpu-specs/geforce-9600-gso.c215
NVIDIA,GeForce 9600 GSO 512,G94,Tesla,GeForce 9(9600),2008-10-23,650.0,650.0,900.0,0.5,GDDR3,256,57.6,48,,,0.16,,,90,1.1,65,0.51,240.0,TSMC,PCIe 2.0 x16,6,0.064,https://www.techpowerup.com/gpu-specs/geforce-9600-gso-512.c657
NVIDIA,GeForce 9600 GT,G94,Tesla,GeForce 9(9600),2008-02-21,650.0,650.0,900.0,0.5,GDDR3,256,57.6,64,,,0.21,,,95,1.1,65,0.51,240.0,TSMC,PCIe 2.0 x16,8,0.064,https://www.techpowerup.com/gpu-specs/geforce-9600-gt.c206
NVIDIA,GeForce 9600 GT Green Edition,G94,Tesla,GeForce 9(9600),2008-02-21,600.0,600.0,700.0,0.5,GDDR3,256,44.8,64,,,0.19,,,95,1.1,65,0.51,240.0,TSMC,PCIe 2.0 x16,8,0.064,https://www.techpowerup.com/gpu-specs/geforce-9600-gt-green-edition.c3687
NVIDIA,GeForce 9600 GT Mac Edition,G94,Tesla,GeForce 9(9600),2008-12-22,600.0,600.0,266.0,1.0,DDR2,256,17.02,64,,,0.19,,,95,1.1,65,0.51,240.0,TSMC,PCIe 2.0 x16,8,0.064,https://www.techpowerup.com/gpu-specs/geforce-9600-gt-mac-edition.c2239
NVIDIA,GeForce 9600 GT Rev. 2,G94B,Tesla,GeForce 9(9600),2008-02-21,650.0,650.0,900.0,0.5,GDDR3,256,57.6,64,,,0.21,,,95,1.1,55,0.51,196.0,TSMC,PCIe 2.0 x16,8,0.064,https://www.techpowerup.com/gpu-specs/geforce-9600-gt-rev-2.c4029
NVIDIA,GeForce 9600M GS,G96C,Tesla,GeForce 9M(9600M),2008-06-03,430.0,430.0,800.0,1.0,GDDR3,128,25.6,32,,,0.07,,,20,1.1,55,0.31,121.0,TSMC,MXM-II,4,0.032,https://www.techpowerup.com/gpu-specs/geforce-9600m-gs.c1519
NVIDIA,GeForce 9600M GT,G96C,Tesla,GeForce 9M(9600M),2008-06-04,500.0,500.0,792.0,0.5,GDDR3,128,25.34,32,,,0.08,,,23,1.1,55,0.31,121.0,TSMC,MXM-II,4,0.032,https://www.techpowerup.com/gpu-specs/geforce-9600m-gt.c1518
NVIDIA,GeForce 9600M GT Mac Edition,G96C,Tesla,GeForce 9M(9600M),2008-10-25,500.0,500.0,792.0,0.5,GDDR3,128,25.34,32,,,0.08,,,23,1.1,55,0.31,121.0,TSMC,MXM-II,4,0.032,https://www.techpowerup.com/gpu-specs/geforce-9600m-gt-mac-edition.c2331
NVIDIA,GeForce 9650M GS,G84,Tesla,GeForce 9M(9600M),2008-03-13,625.0,625.0,800.0,0.5,GDDR3,128,25.6,32,,,0.08,,,29,1.1,80,0.29,169.0,TSMC,PCIe 2.0 x16,4,0.032,https://www.techpowerup.com/gpu-specs/geforce-9650m-gs.c1517
NVIDIA,GeForce 9650M GT,G96C,Tesla,GeForce 9M(9600M),2008-08-19,550.0,550.0,800.0,1.0,GDDR3,128,25.6,32,,,0.08,,,23,1.1,55,0.31,121.0,TSMC,MXM-II,4,0.032,https://www.techpowerup.com/gpu-specs/geforce-9650m-gt.c937
NVIDIA,GeForce 9700M GT,G96,Tesla,GeForce 9M(9700M),2008-07-29,625.0,625.0,800.0,0.5,GDDR3,128,25.6,32,,,0.1,,,45,1.1,65,0.31,144.0,UMC,MXM-II,4,0.032,https://www.techpowerup.com/gpu-specs/geforce-9700m-gt.c1516
NVIDIA,GeForce 9700M GTS,G94,Tesla,GeForce 9M(9700M),2008-07-29,530.0,530.0,800.0,0.5,GDDR3,256,51.2,48,,,0.13,,,60,1.1,65,0.51,240.0,TSMC,PCIe 2.0 x16,6,0.064,https://www.techpowerup.com/gpu-specs/geforce-9700m-gts.c1515
NVIDIA,GeForce 9800 GT,G92,Tesla,GeForce 9(9800),2008-07-21,600.0,600.0,900.0,0.5,GDDR3,256,57.6,112,,,0.34,,,125,1.1,65,0.75,324.0,TSMC,PCIe 2.0 x16,14,0.064,https://www.techpowerup.com/gpu-specs/geforce-9800-gt.c635
NVIDIA,GeForce 9800 GT Rebrand,G92,Tesla,GeForce 9(9800),2008-07-21,725.0,725.0,1000.0,0.5,GDDR3,256,64.0,128,,,0.45,,,125,1.1,65,0.75,324.0,TSMC,PCIe 2.0 x16,16,0.064,https://www.techpowerup.com/gpu-specs/geforce-9800-gt-rebrand.c2916
NVIDIA,GeForce 9800 GTX+,G92B,Tesla,GeForce 9(9800),2009-01-16,738.0,738.0,1100.0,0.5,GDDR3,256,70.4,128,,,0.47,,,141,1.1,55,0.75,260.0,TSMC,PCIe 2.0 x16,16,0.064,https://www.techpowerup.com/gpu-specs/geforce-9800-gtx.c237
NVIDIA,GeForce 9800 GX2,G92,Tesla,GeForce 9(9800),2008-03-18,600.0,600.0,1000.0,0.5,GDDR3,256,64.0,128,,,0.38,,,197,1.1,65,0.75,324.0,TSMC,PCIe 2.0 x16,16,0.064,https://www.techpowerup.com/gpu-specs/geforce-9800-gx2.c208
NVIDIA,GeForce 9800M GS,G94,Tesla,GeForce 9M(9800M),2008-11-01,530.0,530.0,800.0,0.5,GDDR3,256,51.2,64,,,0.17,,,60,1.1,65,0.51,240.0,TSMC,PCIe 2.0 x16,8,0.064,https://www.techpowerup.com/gpu-specs/geforce-9800m-gs.c1514
NVIDIA,GeForce 9800M GT,G92,Tesla,GeForce 9M(9800M),2008-07-29,500.0,500.0,800.0,0.5,GDDR3,256,51.2,96,,,0.24,,,65,1.1,65,0.75,324.0,TSMC,PCIe 2.0 x16,12,0.064,https://www.techpowerup.com/gpu-specs/geforce-9800m-gt.c1512
NVIDIA,GeForce 9800M GTS,G94,Tesla,GeForce 9M(9800M),2008-08-21,600.0,600.0,800.0,1.0,GDDR3,256,51.2,64,,,0.19,,,75,1.1,65,0.51,240.0,TSMC,PCIe 2.0 x16,8,0.064,https://www.techpowerup.com/gpu-specs/geforce-9800m-gts.c2672
NVIDIA,GeForce 9800M GTX,G92,Tesla,GeForce 9M(9800M),2008-07-15,500.0,500.0,800.0,1.0,GDDR3,256,51.2,112,,,0.28,,,75,1.1,65,0.75,324.0,TSMC,PCIe 2.0 x16,14,0.064,https://www.techpowerup.com/gpu-specs/geforce-9800m-gtx.c941
NVIDIA,GeForce 9800S,G94,Tesla,GeForce 9M(9800M),2008-07-15,600.0,600.0,799.0,0.5,GDDR3,256,51.14,64,,,0.19,,,75,1.1,65,0.51,240.0,TSMC,PCIe 2.0 x16,8,0.064,https://www.techpowerup.com/gpu-specs/geforce-9800s.c1531
NVIDIA,GeForce GT 120M Mac Edition,G96C,Tesla,GeForce 100M,2008-12-12,500.0,500.0,792.0,0.25,GDDR3,128,25.34,32,,,0.08,,,14,1.1,55,0.31,121.0,TSMC,PCIe 2.0 x16,4,0.032,https://www.techpowerup.com/gpu-specs/geforce-gt-120m-mac-edition.c2258
NVIDIA,GeForce GT 130 Mac Edition,G94B,Tesla,GeForce 100,2008-12-12,600.0,600.0,792.0,0.5,GDDR3,192,38.02,48,,,0.14,,,75,1.1,55,0.51,196.0,TSMC,PCIe 2.0 x16,6,0.048,https://www.techpowerup.com/gpu-specs/geforce-gt-130-mac-edition.c2238
NVIDIA,GeForce GTX 260,GT200,Tesla 2.0,GeForce 200,2008-06-16,576.0,576.0,999.0,0.896,GDDR3,448,111.9,192,,,0.48,,0.06,182,1.3,65,1.4,576.0,TSMC,PCIe 2.0 x16,24,0.224,https://www.techpowerup.com/gpu-specs/geforce-gtx-260.c217
NVIDIA,GeForce GTX 260 Core 216,GT200,Tesla 2.0,GeForce 200,2008-09-16,576.0,576.0,999.0,0.896,GDDR3,448,111.9,216,,,0.54,,0.07,182,1.3,65,1.4,576.0,TSMC,PCIe 2.0 x16,27,0.224,https://www.techpowerup.com/gpu-specs/geforce-gtx-260-core-216.c2422
NVIDIA,GeForce GTX 260 Core 216 Rev. 2,GT200B,Tesla 2.0,GeForce 200,2008-11-27,576.0,576.0,999.0,0.896,GDDR3,448,111.9,216,,,0.54,,0.07,171,1.3,55,1.4,470.0,TSMC,PCIe 2.0 x16,27,0.224,https://www.techpowerup.com/gpu-specs/geforce-gtx-260-core-216-rev-2.c593
NVIDIA,GeForce GTX 260 Rev. 2,GT200B,Tesla 2.0,GeForce 200,2008-07-23,576.0,576.0,999.0,0.896,GDDR3,448,111.9,192,,,0.48,,0.06,182,1.3,55,1.4,470.0,TSMC,PCIe 2.0 x16,24,0.224,https://www.techpowerup.com/gpu-specs/geforce-gtx-260-rev-2.c2669
NVIDIA,GeForce GTX 280,GT200,Tesla 2.0,GeForce 200,2008-06-16,602.0,602.0,1107.0,1.0,GDDR3,512,141.7,240,,,0.62,,0.08,236,1.3,65,1.4,576.0,TSMC,PCIe 2.0 x16,30,0.25,https://www.techpowerup.com/gpu-specs/geforce-gtx-280.c216
NVIDIA,GeForce GTX 285,GT200B,Tesla 2.0,GeForce 200,2008-12-23,648.0,648.0,1242.0,1.0,GDDR3,512,159.0,240,,,0.71,,0.09,204,1.3,55,1.4,470.0,TSMC,PCIe 2.0 x16,30,0.25,https://www.techpowerup.com/gpu-specs/geforce-gtx-285.c238
NVIDIA,ION,C79,Tesla,ION,2008-06-18,450.0,450.0,,,System Shared,,,16,,,0.04,,,20,,65,0.31,144.0,,PCI,1,,https://www.techpowerup.com/gpu-specs/ion.c2164
NVIDIA,ION 2,GT218S,Tesla 2.0,ION,2008-06-03,500.0,500.0,,,System Shared,,,16,,,0.03,,,20,1.2,40,0.26,57.0,TSMC,PCIe 2.0 x16,1,0.032,https://www.techpowerup.com/gpu-specs/ion-2.c2168
NVIDIA,ION HX,ION,Tesla,ION,2008-06-03,450.0,450.0,,,System Shared,,,16,,,0.04,,,20,,65,0.28,162.0,,PCI,1,,https://www.techpowerup.com/gpu-specs/ion-hx.c2166
NVIDIA,ION LE,ION,Tesla,ION,2008-06-03,450.0,450.0,,,System Shared,,,16,,,0.04,,,20,,65,0.28,162.0,,PCI,1,,https://www.techpowerup.com/gpu-specs/ion-le.c2165
NVIDIA,Playstation 3 GPU 65nm,RSX-65nm,Curie,Console GPU(Sony),2008-08-01,550.0,550.0,650.0,0.25,GDDR3,128,20.8,,,,,,,58,,65,0.3,186.0,Sony,,,,https://www.techpowerup.com/gpu-specs/playstation-3-gpu-65nm.c1682
NVIDIA,Quadro CX,GT200B,Tesla 2.0,Quadro FX Tesla(x800),2008-11-11,602.0,602.0,800.0,1.5,GDDR3,384,76.8,192,,,0.46,,0.06,150,1.3,55,1.4,470.0,TSMC,PCIe 2.0 x16,24,0.192,https://www.techpowerup.com/gpu-specs/quadro-cx.c1326
NVIDIA,Quadro FX 1700 Mac Edition,G84,Tesla,Quadro FX Tesla(x700),2008-09-27,520.0,520.0,650.0,0.5,GDDR3,128,20.8,32,,,0.07,,,42,1.1,80,0.29,169.0,TSMC,PCIe 1.0 x16,4,0.032,https://www.techpowerup.com/gpu-specs/quadro-fx-1700-mac-edition.c2334
NVIDIA,Quadro FX 1700M,G96,Tesla,Quadro FX Mobile(x700M),2008-10-01,625.0,625.0,800.0,0.5,GDDR3,128,25.6,32,,,0.1,,,50,1.1,65,0.31,144.0,UMC,MXM-II,4,0.032,https://www.techpowerup.com/gpu-specs/quadro-fx-1700m.c1435
NVIDIA,Quadro FX 2700M,G94,Tesla,Quadro FX Mobile(x700M),2008-08-14,530.0,530.0,799.0,0.5,GDDR3,256,51.14,48,,,0.13,,,65,1.1,65,0.51,240.0,TSMC,MXM-HE,6,0.064,https://www.techpowerup.com/gpu-specs/quadro-fx-2700m.c1434
NVIDIA,Quadro FX 3600M,G92,Tesla,Quadro FX Mobile(x600M),2008-02-23,500.0,500.0,800.0,0.5,GDDR3,256,51.2,96,,,0.24,,,70,1.1,65,0.75,324.0,TSMC,MXM-HE,12,0.064,https://www.techpowerup.com/gpu-specs/quadro-fx-3600m.c1439
NVIDIA,Quadro FX 370 LP,G98S,Tesla,Quadro FX Tesla(x700),2008-11-06,540.0,540.0,500.0,0.25,DDR2,64,8.0,8,,,0.02,,,25,1.1,65,0.21,86.0,UMC,PCIe 1.0 x16,1,0.016,https://www.techpowerup.com/gpu-specs/quadro-fx-370-lp.c1329
NVIDIA,Quadro FX 3700,G92,Tesla,Quadro FX Tesla(x700),2008-01-08,500.0,500.0,800.0,0.5,GDDR3,256,51.2,112,,,0.28,,,78,1.1,65,0.75,324.0,TSMC,PCIe 2.0 x16,14,0.064,https://www.techpowerup.com/gpu-specs/quadro-fx-3700.c1344
NVIDIA,Quadro FX 3700M,G92,Tesla,Quadro FX Mobile(x700M),2008-08-14,550.0,550.0,800.0,1.0,GDDR3,256,51.2,128,,,0.35,,,75,1.1,65,0.75,324.0,TSMC,MXM-HE,16,0.064,https://www.techpowerup.com/gpu-specs/quadro-fx-3700m.c1433
NVIDIA,Quadro FX 370M,G98S,Tesla,Quadro FX Mobile(x700M),2008-08-15,580.0,580.0,400.0,0.25,GDDR3,64,6.4,8,,,0.02,,,20,1.1,65,0.21,86.0,UMC,MXM-II,1,0.016,https://www.techpowerup.com/gpu-specs/quadro-fx-370m.c1438
NVIDIA,Quadro FX 3800M,G92B,Tesla,Quadro FX Mobile(x800M),2008-08-14,675.0,675.0,1000.0,1.0,GDDR3,256,64.0,128,,,0.42,,,100,1.1,55,0.75,260.0,TSMC,MXM-B (3.0),16,0.064,https://www.techpowerup.com/gpu-specs/quadro-fx-3800m.c1392
NVIDIA,Quadro FX 470 mGPU,C79,Tesla,Quadro FX Tesla(x700),2008-11-06,580.0,580.0,,,System Shared,,,16,,,0.04,,,38,,65,0.31,144.0,,PCI,1,,https://www.techpowerup.com/gpu-specs/quadro-fx-470-mgpu.c2057
NVIDIA,Quadro FX 4700 X2,G92,Tesla,Quadro FX Tesla(x700),2008-04-18,600.0,600.0,800.0,1.0,GDDR3,256,51.2,128,,,0.38,,,226,1.1,65,0.75,324.0,TSMC,PCIe 2.0 x16,16,0.064,https://www.techpowerup.com/gpu-specs/quadro-fx-4700-x2.c1337
NVIDIA,Quadro FX 4800,GT200B,Tesla 2.0,Quadro FX Tesla(x800),2008-11-11,602.0,602.0,800.0,1.5,GDDR3,384,76.8,192,,,0.46,,0.06,150,1.3,55,1.4,470.0,TSMC,PCIe 2.0 x16,24,0.192,https://www.techpowerup.com/gpu-specs/quadro-fx-4800.c1320
AMD,FireStream 9250,RV770,TeraScale,FireStream,2008-06-16,625.0,625.0,993.0,1.0,GDDR3,256,63.55,800,,,1.0,,0.2,150,,55,0.96,256.0,TSMC,PCIe 2.0 x16,,0.25,https://www.techpowerup.com/gpu-specs/firestream-9250.c772
AMD,FireStream 9270,RV770,TeraScale,FireStream,2008-11-13,750.0,750.0,900.0,2.0,GDDR5,256,115.2,800,,,1.2,,0.24,160,,55,0.96,256.0,TSMC,PCIe 2.0 x16,,0.25,https://www.techpowerup.com/gpu-specs/firestream-9270.c840
Intel,GMA 3600,Cedarview,PowerVR SGX545,GMA Graphics-M(GMA 3600 IGP),2008-10-01,400.0,400.0,,,System Shared,,,32,,,0.03,,,13,,65,,,Intel,PCI,,,https://www.techpowerup.com/gpu-specs/gma-3600.c1797
Intel,GMA 3650,Cedarview,PowerVR SGX545,GMA Graphics-M(GMA 3600 IGP),2008-10-01,640.0,640.0,,,System Shared,,,32,,,0.04,,,13,,65,,,Intel,PCI,,,https://www.techpowerup.com/gpu-specs/gma-3650.c3143
Intel,GMA 500,Poulsbo,PowerVR SGX535,GMA Graphics-T(GMA 500 IGP),2008-03-02,200.0,200.0,,,System Shared,,,32,,,0.01,,,,,130,,,Intel,PCIe 1.0 x16,,,https://www.techpowerup.com/gpu-specs/gma-500.c1222
Intel,GMA X4500,Eaglelake,Generation 5.0,GMA Graphics(GMA 4500 IGP),2008-06-01,533.0,533.0,,,System Shared,,,80,,,0.09,,,13,,65,,,Intel,FSB,,,https://www.techpowerup.com/gpu-specs/gma-x4500.c3116
Intel,GMA X4500M,Eaglelake,Generation 5.0,GMA Graphics-M(GMA 4500M IGP),2008-10-01,400.0,400.0,,,System Shared,,,80,,,0.06,,,13,,65,,,Intel,FSB,,,https://www.techpowerup.com/gpu-specs/gma-x4500m.c1236
Intel,GMA X4500MHD,Cantiga,Generation 5.0,GMA Graphics-M(GMA 4500M IGP),2008-09-01,533.0,533.0,,,System Shared,,,80,,,0.09,,,13,,65,,,Intel,FSB,,,https://www.techpowerup.com/gpu-specs/gma-x4500mhd.c3125
Intel,GMA X4700MHD,Montevina,Generation 5.0,GMA Graphics-M(GMA 4700M IGP),2008-10-01,640.0,640.0,,,System Shared,,,80,,,0.1,,,13,,65,,,Intel,FSB,,,https://www.techpowerup.com/gpu-specs/gma-x4700mhd.c1240
ATI,All-In-Wonder HD 3650,Theater 650 PRO,TeraScale,All-In-Wonder(HD),2008-06-28,725.0,725.0,600.0,0.5,DDR2,128,19.2,120,,,0.17,,,55,,55,,,TSMC,PCIe 2.0 x16,,0.128,https://www.techpowerup.com/gpu-specs/all-in-wonder-hd-3650.c844
ATI,FireMV 2260,RV620,TeraScale,FireMV Multi-View(2000),2008-01-01,500.0,500.0,500.0,0.25,DDR2,64,8.0,40,,,0.04,,,15,,55,0.18,67.0,TSMC,PCIe 2.0 x16,,,https://www.techpowerup.com/gpu-specs/firemv-2260.c581
ATI,FireMV 2260 PCIe x1,RV620,TeraScale,FireMV Multi-View(2000),2008-01-01,500.0,500.0,500.0,0.25,DDR2,64,8.0,40,,,0.04,,,15,,55,0.18,67.0,TSMC,PCIe 2.0 x1,,,https://www.techpowerup.com/gpu-specs/firemv-2260-pcie-x1.c1865
ATI,FireMV 2400 PCI,RV380,R300,FireMV Multi-View(2000),2008-01-01,500.0,500.0,500.0,0.128,DDR,128,16.0,,,,,,,20,,130,0.07,92.0,TSMC,PCI,,,https://www.techpowerup.com/gpu-specs/firemv-2400-pci.c2439
ATI,FireMV 2400 PCIe x1,RV380,R300,FireMV Multi-View(2000),2008-01-01,250.0,250.0,203.0,0.064,DDR3,128,6.496,,,,,,,20,,130,0.07,92.0,TSMC,PCIe 2.0 x1,,,https://www.techpowerup.com/gpu-specs/firemv-2400-pcie-x1.c1386
ATI,FirePro 2260 PCI,RV620,TeraScale,FirePro Multi-View(2000),2008-01-01,500.0,500.0,500.0,0.25,DDR2,64,8.0,40,,,0.04,,,15,,55,0.18,67.0,TSMC,PCI,,,https://www.techpowerup.com/gpu-specs/firepro-2260-pci.c575
ATI,FirePro V3700,RV620,TeraScale,FirePro Terascale(Vx700),2008-08-08,800.0,800.0,950.0,0.25,GDDR3,64,15.2,40,,,0.06,,,32,,55,0.18,67.0,TSMC,PCIe 2.0 x16,,0.064,https://www.techpowerup.com/gpu-specs/firepro-v3700.c857
ATI,FirePro V3750,RV730,TeraScale,FirePro Terascale(Vx700),2008-09-11,550.0,550.0,700.0,0.25,GDDR3,128,22.4,320,,,0.35,,,48,,55,0.51,146.0,TSMC,PCIe 2.0 x16,,0.128,https://www.techpowerup.com/gpu-specs/firepro-v3750.c859
ATI,FirePro V5700,RV730,TeraScale,FirePro Terascale(Vx700),2008-08-08,700.0,700.0,900.0,0.5,GDDR3,128,28.8,320,,,0.45,,,56,,55,0.51,146.0,TSMC,PCIe 2.0 x16,,0.128,https://www.techpowerup.com/gpu-specs/firepro-v5700.c858
ATI,FirePro V8700,RV770,TeraScale,FirePro Terascale(Vx700),2008-09-11,750.0,750.0,850.0,1.0,GDDR5,256,108.8,800,,,1.2,,0.24,151,,55,0.96,256.0,TSMC,PCIe 2.0 x16,,0.25,https://www.techpowerup.com/gpu-specs/firepro-v8700.c861
ATI,FirePro V8750,RV770,TeraScale,FirePro Terascale(Vx700),2008-07-28,750.0,750.0,900.0,2.0,GDDR5,256,115.2,800,,,1.2,,0.24,151,,55,0.96,256.0,TSMC,PCIe 2.0 x16,,0.25,https://www.techpowerup.com/gpu-specs/firepro-v8750.c862
ATI,Mobility FireGL V5700,M86,TeraScale,Mobility FireGL(V5xxx),2008-01-07,600.0,600.0,700.0,0.5,GDDR3,128,22.4,120,,,0.14,,,,,55,0.38,135.0,TSMC,PCIe 2.0 x16,,0.128,https://www.techpowerup.com/gpu-specs/mobility-firegl-v5700.c1668
ATI,Mobility Radeon HD 3410,M82,TeraScale,M8x(Mobility HD 3400),2008-07-25,400.0,400.0,400.0,0.25,DDR2,64,6.4,40,,,0.03,,,7,,55,0.18,67.0,TSMC,MXM-II,,0.064,https://www.techpowerup.com/gpu-specs/mobility-radeon-hd-3410.c1216
ATI,Mobility Radeon HD 3430,M82,TeraScale,M8x(Mobility HD 3400),2008-07-25,450.0,450.0,400.0,0.25,DDR2,64,6.4,40,,,0.04,,,12,,55,0.18,67.0,TSMC,MXM-II,,0.064,https://www.techpowerup.com/gpu-specs/mobility-radeon-hd-3430.c1171
ATI,Mobility Radeon HD 3450,M82,TeraScale,M8x(Mobility HD 3400),2008-01-07,500.0,500.0,400.0,0.25,DDR2,64,6.4,40,,,0.04,,,,,55,0.18,67.0,TSMC,MXM-II,,0.064,https://www.techpowerup.com/gpu-specs/mobility-radeon-hd-3450.c1404
ATI,Mobility Radeon HD 3470,M82,TeraScale,M8x(Mobility HD 3400),2008-01-07,680.0,680.0,400.0,0.25,DDR2,64,6.4,40,,,0.05,,,,,55,0.18,67.0,TSMC,MXM-II,,0.064,https://www.techpowerup.com/gpu-specs/mobility-radeon-hd-3470.c1401
ATI,Mobility Radeon HD 3650,M86,TeraScale,M8x(Mobility HD 3600),2008-01-07,500.0,500.0,700.0,0.5,GDDR3,128,22.4,120,,,0.12,,,,,55,0.38,135.0,TSMC,MXM-II,,0.128,https://www.techpowerup.com/gpu-specs/mobility-radeon-hd-3650.c1406
ATI,Mobility Radeon HD 3670,M86,TeraScale,M8x(Mobility HD 3600),2008-01-07,680.0,680.0,800.0,0.25,GDDR3,128,25.6,120,,,0.16,,,30,,55,0.38,135.0,TSMC,MXM-II,,0.128,https://www.techpowerup.com/gpu-specs/mobility-radeon-hd-3670.c1622
ATI,Mobility Radeon HD 3850,M88,TeraScale,M8x(Mobility HD 3800),2008-06-04,580.0,580.0,750.0,0.5,GDDR3,256,48.0,320,,,0.37,,0.07,35,,55,0.67,192.0,TSMC,PCIe 2.0 x16,,0.25,https://www.techpowerup.com/gpu-specs/mobility-radeon-hd-3850.c1623
ATI,Mobility Radeon HD 3850 X2,M88,TeraScale,M8x(Mobility HD 3800),2008-06-04,580.0,580.0,750.0,0.5,GDDR3,256,48.0,320,,,0.37,,0.07,70,,55,0.67,192.0,TSMC,PCIe 2.0 x16,,0.25,https://www.techpowerup.com/gpu-specs/mobility-radeon-hd-3850-x2.c1625
ATI,Mobility Radeon HD 3870,M88,TeraScale,M8x(Mobility HD 3800),2008-06-04,660.0,660.0,850.0,0.5,GDDR3,256,54.4,320,,,0.42,,0.08,55,,55,0.67,192.0,TSMC,PCIe 2.0 x16,,0.25,https://www.techpowerup.com/gpu-specs/mobility-radeon-hd-3870.c1624
ATI,Mobility Radeon HD 3870 X2,M88,TeraScale,M8x(Mobility HD 3800),2008-09-01,660.0,660.0,850.0,0.5,GDDR3,256,54.4,320,,,0.42,,0.08,110,,55,0.67,192.0,TSMC,PCIe 2.0 x16,,0.25,https://www.techpowerup.com/gpu-specs/mobility-radeon-hd-3870-x2.c1626
ATI,Radeon 2100 IGP,RS740,R400,Radeon IGP(2000),2008-03-04,400.0,400.0,,,System Shared,,,,,,,,,,,55,0.12,73.0,,PCIe 1.0 x16,,,https://www.techpowerup.com/gpu-specs/radeon-2100-igp.c2124
ATI,Radeon 3100 IGP,RS780,TeraScale,TeraScale IGP(3000),2008-03-04,350.0,350.0,,,System Shared,,,40,,,0.03,,,,,65,0.18,85.0,,PCIe 1.0 x16,,,https://www.techpowerup.com/gpu-specs/radeon-3100-igp.c229
ATI,Radeon 3100 Mobile IGP,RS780,TeraScale,TeraScale IGP(Mobility HD 3000),2008-08-15,350.0,350.0,,,System Shared,,,40,,,0.03,,,,,65,0.18,85.0,,PCIe 1.0 x16,,,https://www.techpowerup.com/gpu-specs/radeon-3100-mobile-igp.c2114
ATI,Radeon HD 2400,RV610,TeraScale,Radeon R600(HD 2400),2008-02-19,398.0,398.0,495.0,0.25,DDR2,64,7.92,40,,,0.03,,,20,,65,0.18,85.0,TSMC,PCIe 1.0 x16,,0.032,https://www.techpowerup.com/gpu-specs/radeon-hd-2400.c2087
ATI,Radeon HD 2600 XT Mac Edition,RV630,TeraScale,Radeon R600(HD 2600),2008-02-21,700.0,700.0,800.0,0.25,GDDR3,128,25.6,120,,,0.17,,,45,,65,0.39,153.0,TSMC,PCIe 1.0 x16,,0.064,https://www.techpowerup.com/gpu-specs/radeon-hd-2600-xt-mac-edition.c2236
ATI,Radeon HD 3200 IGP,RS780,TeraScale,TeraScale IGP(3000),2008-03-04,500.0,500.0,,,System Shared,,,40,,,0.04,,,,,65,0.18,85.0,,PCIe 1.0 x16,,,https://www.techpowerup.com/gpu-specs/radeon-hd-3200-igp.c230
ATI,Radeon HD 3300 IGP,RS780,TeraScale,TeraScale IGP(3000),2008-08-06,500.0,500.0,,,System Shared,,,40,,,0.04,,,,,65,0.18,85.0,,PCIe 1.0 x16,,,https://www.techpowerup.com/gpu-specs/radeon-hd-3300-igp.c231
ATI,Radeon HD 3450 AGP,RV620,TeraScale,Radeon R600(HD 3400),2008-01-23,600.0,600.0,500.0,0.5,DDR2,64,8.0,40,,,0.05,,,25,,55,0.18,67.0,TSMC,AGP 8x,,0.064,https://www.techpowerup.com/gpu-specs/radeon-hd-3450-agp.c553
ATI,Radeon HD 3450 PCI,RV620,TeraScale,Radeon R600(HD 3400),2008-01-23,600.0,600.0,400.0,0.5,DDR2,64,6.4,40,,,0.05,,,25,,55,0.18,67.0,TSMC,PCI,,0.064,https://www.techpowerup.com/gpu-specs/radeon-hd-3450-pci.c551
ATI,Radeon HD 3470,RV620,TeraScale,Radeon R600(HD 3400),2008-01-23,800.0,800.0,950.0,0.25,GDDR3,64,15.2,40,,,0.06,,,30,,55,0.18,67.0,TSMC,PCIe 2.0 x16,,0.064,https://www.techpowerup.com/gpu-specs/radeon-hd-3470.c225
ATI,Radeon HD 3550,RV620,TeraScale,Radeon R600(HD 3500),2008-08-04,594.0,594.0,396.0,0.5,DDR2,64,6.336,40,,,0.05,,,30,,55,0.18,67.0,TSMC,PCIe 2.0 x16,,0.064,https://www.techpowerup.com/gpu-specs/radeon-hd-3550.c2075
ATI,Radeon HD 3650,RV635,TeraScale,Radeon R600(HD 3600),2008-01-20,725.0,725.0,800.0,0.25,GDDR3,128,25.6,120,,,0.17,,,65,,55,0.38,135.0,TSMC,PCIe 2.0 x16,,0.128,https://www.techpowerup.com/gpu-specs/radeon-hd-3650.c226
ATI,Radeon HD 3650 AGP,RV635,TeraScale,Radeon R600(HD 3600),2008-01-23,725.0,725.0,500.0,0.5,DDR2,128,16.0,120,,,0.17,,,65,,55,0.38,135.0,TSMC,AGP 8x,,0.128,https://www.techpowerup.com/gpu-specs/radeon-hd-3650-agp.c313
ATI,Radeon HD 3690,RV670,TeraScale,Radeon R600(HD 3600),2008-03-30,670.0,670.0,830.0,0.25,GDDR3,128,26.56,320,,,0.43,,0.09,75,,55,0.67,192.0,TSMC,PCIe 2.0 x16,,0.128,https://www.techpowerup.com/gpu-specs/radeon-hd-3690.c305
ATI,Radeon HD 3730,RV635,TeraScale,Radeon R600(HD 3700),2008-10-05,722.0,722.0,396.0,0.5,DDR2,128,12.67,120,,,0.17,,,65,,55,0.38,135.0,TSMC,PCIe 2.0 x16,,0.128,https://www.techpowerup.com/gpu-specs/radeon-hd-3730.c2072
ATI,Radeon HD 3750,RV635,TeraScale,Radeon R600(HD 3700),2008-09-11,796.0,796.0,693.0,0.5,GDDR3,128,22.18,120,,,0.19,,,65,,55,0.38,135.0,TSMC,PCIe 2.0 x16,,0.128,https://www.techpowerup.com/gpu-specs/radeon-hd-3750.c2073
ATI,Radeon HD 3830,RV670,TeraScale,Radeon R600(HD 3800),2008-04-01,668.0,668.0,828.0,0.25,GDDR3,128,26.5,320,,,0.43,,0.09,75,,55,0.67,192.0,TSMC,PCIe 2.0 x16,,0.128,https://www.techpowerup.com/gpu-specs/radeon-hd-3830.c227
ATI,Radeon HD 3850 AGP,RV670,TeraScale,Radeon R600(HD 3800),2008-01-03,668.0,668.0,828.0,0.5,GDDR3,256,52.99,320,,,0.43,,0.09,75,,55,0.67,192.0,TSMC,AGP 8x,,0.25,https://www.techpowerup.com/gpu-specs/radeon-hd-3850-agp.c312
ATI,Radeon HD 3850 X2,RV670,TeraScale,Radeon R600(HD 3800),2008-04-04,669.0,669.0,828.0,0.5,GDDR3,256,52.99,320,,,0.43,,0.09,140,,55,0.67,192.0,TSMC,PCIe 2.0 x16,,0.25,https://www.techpowerup.com/gpu-specs/radeon-hd-3850-x2.c228
ATI,Radeon HD 3870 Mac Edition,RV670,TeraScale,Radeon R600(HD 3800),2008-06-12,777.0,777.0,1126.0,0.5,GDDR4,256,72.06,320,,,0.5,,0.1,106,,55,0.67,192.0,TSMC,PCIe 2.0 x16,,0.25,https://www.techpowerup.com/gpu-specs/radeon-hd-3870-mac-edition.c2452
ATI,Radeon HD 3870 X2,R680,TeraScale,Radeon R600(HD 3800),2008-01-26,825.0,825.0,901.0,0.5,GDDR3,256,57.66,320,,,0.53,,0.11,165,,55,0.67,192.0,TSMC,PCIe 2.0 x16,,0.25,https://www.techpowerup.com/gpu-specs/radeon-hd-3870-x2.c209
ATI,Radeon HD 4350,RV710,TeraScale,Radeon R700(HD 4300),2008-09-30,600.0,600.0,400.0,0.5,DDR3,64,6.4,80,,,0.1,,,20,,55,0.24,73.0,TSMC,PCIe 2.0 x16,,0.064,https://www.techpowerup.com/gpu-specs/radeon-hd-4350.c423
ATI,Radeon HD 4350 AGP,RV710,TeraScale,Radeon R700(HD 4300),2008-09-30,600.0,600.0,650.0,0.5,DDR3,64,10.4,80,,,0.1,,,20,,55,0.24,73.0,TSMC,AGP 8x,,0.064,https://www.techpowerup.com/gpu-specs/radeon-hd-4350-agp.c310
ATI,Radeon HD 4350 PCI,RV710,TeraScale,Radeon R700(HD 4300),2008-09-30,600.0,600.0,400.0,0.5,DDR2,64,6.4,80,,,0.1,,,20,,55,0.24,73.0,TSMC,PCI,,0.064,https://www.techpowerup.com/gpu-specs/radeon-hd-4350-pci.c311
ATI,Radeon HD 4350 PCIe x1,RV710,TeraScale,Radeon R700(HD 4300),2008-09-30,600.0,600.0,400.0,0.5,DDR2,64,6.4,80,,,0.1,,,20,,55,0.24,73.0,TSMC,PCIe 2.0 x1,,0.064,https://www.techpowerup.com/gpu-specs/radeon-hd-4350-pcie-x1.c921
ATI,Radeon HD 4550,RV710,TeraScale,Radeon R700(HD 4500),2008-09-30,600.0,600.0,655.0,0.25,DDR2,64,10.48,80,,,0.1,,,25,,55,0.24,73.0,TSMC,PCIe 2.0 x16,,0.064,https://www.techpowerup.com/gpu-specs/radeon-hd-4550.c232
ATI,Radeon HD 4570,RV710,TeraScale,Radeon R700(HD 4500),2008-11-25,650.0,650.0,500.0,1.0,DDR2,64,8.0,80,,,0.1,,,25,,55,0.24,73.0,TSMC,PCIe 2.0 x16,,0.064,https://www.techpowerup.com/gpu-specs/radeon-hd-4570.c2076
ATI,Radeon HD 4650,RV730,TeraScale,Radeon R700(HD 4600),2008-09-10,600.0,600.0,700.0,0.25,GDDR3,128,22.4,320,,,0.38,,,48,,55,0.51,146.0,TSMC,PCIe 2.0 x16,,0.128,https://www.techpowerup.com/gpu-specs/radeon-hd-4650.c233
ATI,Radeon HD 4650 AGP,RV730,TeraScale,Radeon R700(HD 4600),2008-09-10,600.0,600.0,400.0,0.5,DDR2,128,12.8,320,,,0.38,,,48,,55,0.51,146.0,TSMC,AGP 8x,,0.128,https://www.techpowerup.com/gpu-specs/radeon-hd-4650-agp.c491
ATI,Radeon HD 4670,RV730,TeraScale,Radeon R700(HD 4600),2008-09-10,750.0,750.0,1000.0,0.5,GDDR3,128,32.0,320,,,0.48,,,59,,55,0.51,146.0,TSMC,PCIe 2.0 x16,,0.128,https://www.techpowerup.com/gpu-specs/radeon-hd-4670.c234
ATI,Radeon HD 4670 X2,RV730,TeraScale,Radeon R700(HD 4600),2008-09-10,750.0,750.0,700.0,0.5,GDDR3,128,22.4,320,,,0.48,,,118,,55,0.51,146.0,TSMC,PCIe 2.0 x16,,0.128,https://www.techpowerup.com/gpu-specs/radeon-hd-4670-x2.c1169
ATI,Radeon HD 4710,RV730,TeraScale,Radeon R700(HD 4700),2008-09-10,750.0,750.0,800.0,1.0,GDDR3,128,25.6,320,,,0.48,,,59,,55,0.51,146.0,TSMC,PCIe 2.0 x16,,0.128,https://www.techpowerup.com/gpu-specs/radeon-hd-4710.c2606
ATI,Radeon HD 4730 OEM,RV670,TeraScale,Radeon R700(HD 4700),2008-12-26,669.0,669.0,396.0,1.0,DDR2,256,25.34,320,,,0.43,,0.09,110,,55,0.67,192.0,TSMC,PCIe 2.0 x16,,0.25,https://www.techpowerup.com/gpu-specs/radeon-hd-4730-oem.c2280
ATI,Radeon HD 4830,RV770,TeraScale,Radeon R700(HD 4800),2008-10-21,575.0,575.0,900.0,0.5,GDDR3,256,57.6,640,,,0.74,,0.15,95,,55,0.96,256.0,TSMC,PCIe 2.0 x16,,0.25,https://www.techpowerup.com/gpu-specs/radeon-hd-4830.c282
ATI,Radeon HD 4850,RV770,TeraScale,Radeon R700(HD 4800),2008-06-25,625.0,625.0,993.0,0.5,GDDR3,256,63.55,800,,,1.0,,0.2,110,,55,0.96,256.0,TSMC,PCIe 2.0 x16,,0.25,https://www.techpowerup.com/gpu-specs/radeon-hd-4850.c493
ATI,Radeon HD 4850 X2,R700,TeraScale,Radeon R700(HD 4800),2008-11-07,625.0,625.0,995.0,0.5,GDDR3,256,63.68,800,,,1.0,,0.2,250,,55,0.96,256.0,TSMC,PCIe 2.0 x16,,0.25,https://www.techpowerup.com/gpu-specs/radeon-hd-4850-x2.c1026
ATI,Radeon HD 4870,RV770,TeraScale,Radeon R700(HD 4800),2008-06-25,750.0,750.0,900.0,0.5,GDDR5,256,115.2,800,,,1.2,,0.24,150,,55,0.96,256.0,TSMC,PCIe 2.0 x16,,0.25,https://www.techpowerup.com/gpu-specs/radeon-hd-4870.c219
ATI,Radeon HD 4870 X2,R700,TeraScale,Radeon R700(HD 4800),2008-08-12,750.0,750.0,900.0,1.0,GDDR5,256,115.2,800,,,1.2,,0.24,286,,55,0.96,256.0,TSMC,PCIe 2.0 x16,,0.25,https://www.techpowerup.com/gpu-specs/radeon-hd-4870-x2.c236
ATI,Radeon Xpress 2100 IGP,RS780,TeraScale,Radeon IGP(2000),2008-03-04,500.0,500.0,,,System Shared,,,40,,,0.04,,,,,65,0.18,85.0,,PCIe 1.0 x16,,,https://www.techpowerup.com/gpu-specs/radeon-xpress-2100-igp.c670
ATI,Xbox 360 GPU 65nm,Xenos Jasper,TeraScale,Console GPU(Microsoft),2008-08-01,500.0,500.0,700.0,0.5,GDDR3,128,22.4,240,,,0.24,,,150,,65,0.23,121.0,TSMC,,,,https://www.techpowerup.com/gpu-specs/xbox-360-gpu-65nm.c3508
NVIDIA,GeForce 205 OEM,GT218S,Tesla 2.0,GeForce 200,2009-11-26,589.0,589.0,400.0,0.5,DDR2,64,6.4,16,,,0.04,,,31,1.2,40,0.26,57.0,TSMC,PCIe 2.0 x16,2,0.032,https://www.techpowerup.com/gpu-specs/geforce-205-oem.c611
NVIDIA,GeForce 210,GT218S,Tesla 2.0,GeForce 200,2009-10-12,520.0,520.0,400.0,0.5,DDR3,64,6.4,16,,,0.04,,,31,1.2,40,0.26,57.0,TSMC,PCIe 2.0 x16,2,0.032,https://www.techpowerup.com/gpu-specs/geforce-210.c2020
NVIDIA,GeForce 210 OEM,GT216,Tesla 2.0,GeForce 200,2009-09-04,475.0,475.0,400.0,1.0,DDR2,64,6.4,16,,,0.04,,,31,1.2,40,0.49,100.0,TSMC,PCIe 2.0 x16,2,0.032,https://www.techpowerup.com/gpu-specs/geforce-210-oem.c613
NVIDIA,GeForce 210 PCI,GT216,Tesla 2.0,GeForce 200,2009-10-12,475.0,475.0,400.0,0.5,DDR2,64,6.4,16,,,0.04,,,31,1.2,40,0.49,100.0,TSMC,PCI,2,0.032,https://www.techpowerup.com/gpu-specs/geforce-210-pci.c612
NVIDIA,GeForce 210 Rev. 2,GT218S,Tesla 2.0,GeForce 200,2009-10-12,520.0,520.0,400.0,1.0,DDR3,64,6.4,16,,,0.04,,,31,1.2,40,0.26,57.0,TSMC,PCIe 2.0 x16,2,0.032,https://www.techpowerup.com/gpu-specs/geforce-210-rev-2.c3279
NVIDIA,GeForce 310 OEM,GT218S,Tesla 2.0,GeForce 300,2009-11-27,589.0,589.0,333.0,0.5,DDR2,64,5.328,16,,,0.04,,,31,1.2,40,0.26,57.0,TSMC,PCIe 2.0 x16,2,0.032,https://www.techpowerup.com/gpu-specs/geforce-310-oem.c610
NVIDIA,GeForce 9600 GTX,G92,Tesla,GeForce 9(9600),2009-05-27,580.0,580.0,700.0,0.5,GDDR3,256,44.8,96,,,0.28,,,140,1.1,65,0.75,324.0,TSMC,PCIe 2.0 x16,12,0.064,https://www.techpowerup.com/gpu-specs/geforce-9600-gtx.c1942
NVIDIA,GeForce G100 OEM,G98S,Tesla,GeForce 100,2009-03-10,540.0,540.0,400.0,0.25,DDR2,64,6.4,8,,,0.02,,,35,1.1,65,0.21,86.0,UMC,PCIe 2.0 x16,1,0.016,https://www.techpowerup.com/gpu-specs/geforce-g100-oem.c639
NVIDIA,GeForce G102M,C79,Tesla,GeForce 100M,2009-01-08,450.0,450.0,,,System Shared,,,16,,,0.04,,,14,,65,0.31,144.0,,PCIe 1.0 x16,2,,https://www.techpowerup.com/gpu-specs/geforce-g102m.c1479
NVIDIA,GeForce G103M,G98S,Tesla,GeForce 100M,2009-09-01,640.0,640.0,500.0,0.5,DDR2,64,8.0,8,,,0.03,,,14,1.1,65,0.21,86.0,UMC,PCIe 1.0 x16,1,0.016,https://www.techpowerup.com/gpu-specs/geforce-g103m.c1848
NVIDIA,GeForce G105M,G98S,Tesla,GeForce 100M,2009-01-08,640.0,640.0,700.0,0.5,GDDR3,64,11.2,8,,,0.03,,,14,1.1,65,0.21,86.0,UMC,PCIe 2.0 x16,1,0.016,https://www.techpowerup.com/gpu-specs/geforce-g105m.c1476
NVIDIA,GeForce G110M,G96C,Tesla,GeForce 100M,2009-01-08,400.0,400.0,700.0,1.0,GDDR3,64,11.2,16,,,0.03,,,14,1.1,55,0.31,121.0,TSMC,PCIe 2.0 x16,2,,https://www.techpowerup.com/gpu-specs/geforce-g110m.c1477
NVIDIA,GeForce G205M,C79,Tesla,GeForce 200M,2009-01-08,450.0,450.0,,,System Shared,,,16,,,0.04,,,14,,65,0.31,144.0,,PCIe 1.0 x16,2,,https://www.techpowerup.com/gpu-specs/geforce-g205m.c2174
NVIDIA,GeForce G210 OEM,G96C,Tesla,GeForce 200,2009-05-26,550.0,550.0,504.0,0.5,DDR2,64,8.064,16,,,0.04,,,31,1.1,55,0.31,121.0,TSMC,PCIe 1.0 x16,2,,https://www.techpowerup.com/gpu-specs/geforce-g210-oem.c2169
NVIDIA,GeForce G210 OEM Rev. 2,GT218S,Tesla 2.0,GeForce 200,2009-08-24,589.0,589.0,400.0,0.128,DDR2,64,6.4,16,,,0.04,,,31,1.2,40,0.26,57.0,TSMC,PCIe 2.0 x16,2,0.032,https://www.techpowerup.com/gpu-specs/geforce-g210-oem-rev-2.c2170
NVIDIA,GeForce G210M,GT218S,Tesla 2.0,GeForce 200M,2009-06-15,606.0,606.0,790.0,0.5,GDDR3,64,12.64,16,,,0.05,,,14,1.2,40,0.26,57.0,TSMC,MXM,2,0.032,https://www.techpowerup.com/gpu-specs/geforce-g210m.c1480
NVIDIA,GeForce GT 120 Mac Edition,G96C,Tesla,GeForce 100,2009-01-20,550.0,550.0,800.0,0.5,GDDR3,128,25.6,32,,,0.09,,,50,1.1,55,0.31,121.0,TSMC,PCIe 2.0 x16,4,0.032,https://www.techpowerup.com/gpu-specs/geforce-gt-120-mac-edition.c2237
NVIDIA,GeForce GT 120 OEM,G96C,Tesla,GeForce 100,2009-03-10,738.0,738.0,504.0,0.5,DDR2,128,16.13,32,,,0.12,,,50,1.1,55,0.31,121.0,TSMC,PCIe 2.0 x16,4,0.032,https://www.techpowerup.com/gpu-specs/geforce-gt-120-oem.c638
NVIDIA,GeForce GT 120M,G96C,Tesla,GeForce 100M,2009-06-15,500.0,500.0,500.0,1.0,DDR2,128,16.0,32,,,0.08,,,14,1.1,55,0.31,121.0,TSMC,PCIe 2.0 x16,4,0.032,https://www.techpowerup.com/gpu-specs/geforce-gt-120m.c1847
NVIDIA,GeForce GT 130 OEM,G94B,Tesla,GeForce 100,2009-03-10,500.0,500.0,500.0,0.5,DDR2,192,24.0,48,,,0.12,,,75,1.1,55,0.51,196.0,TSMC,PCIe 2.0 x16,6,0.048,https://www.techpowerup.com/gpu-specs/geforce-gt-130-oem.c640
NVIDIA,GeForce GT 130M,G96C,Tesla,GeForce 100M,2009-01-08,600.0,600.0,800.0,1.0,GDDR3,128,25.6,32,,,0.1,,,23,1.1,55,0.31,121.0,TSMC,PCIe 2.0 x16,4,0.032,https://www.techpowerup.com/gpu-specs/geforce-gt-130m.c1478
NVIDIA,GeForce GT 140 OEM,G94B,Tesla,GeForce 100,2009-03-10,650.0,650.0,900.0,1.0,GDDR3,256,57.6,64,,,0.21,,,105,1.1,55,0.51,196.0,TSMC,PCIe 2.0 x16,8,0.064,https://www.techpowerup.com/gpu-specs/geforce-gt-140-oem.c642
NVIDIA,GeForce GT 220,G94,Tesla,GeForce 200,2010-01-26,600.0,600.0,700.0,1.0,GDDR3,128,22.4,48,,,0.14,,,58,1.1,65,0.51,240.0,TSMC,PCIe 2.0 x16,6,0.064,https://www.techpowerup.com/gpu-specs/geforce-gt-220.c2246
NVIDIA,GeForce GT 220 OEM,GT215,Tesla 2.0,GeForce 200,2009-10-12,506.0,506.0,700.0,0.5,GDDR3,128,22.4,48,,,0.1,,,58,1.2,40,0.73,144.0,TSMC,PCIe 2.0 x16,6,0.064,https://www.techpowerup.com/gpu-specs/geforce-gt-220-oem.c2010
NVIDIA,GeForce GT 220M,G96C,Tesla,GeForce 200M,2009-06-15,550.0,550.0,500.0,1.0,DDR2,128,16.0,32,,,0.09,,,14,1.1,55,0.31,121.0,TSMC,MXM-II,4,0.032,https://www.techpowerup.com/gpu-specs/geforce-gt-220m.c1846
NVIDIA,GeForce GT 230,G94B,Tesla,GeForce 200,2009-10-12,650.0,650.0,900.0,0.5,GDDR3,256,57.6,48,,,0.16,,,75,1.1,55,0.51,196.0,TSMC,PCIe 2.0 x16,6,0.064,https://www.techpowerup.com/gpu-specs/geforce-gt-230.c617
NVIDIA,GeForce GT 230 OEM,G92B,Tesla,GeForce 200,2009-04-27,500.0,500.0,500.0,1.5,DDR2,192,24.0,96,,,0.24,,,75,1.1,55,0.75,260.0,TSMC,PCIe 2.0 x16,12,0.048,https://www.techpowerup.com/gpu-specs/geforce-gt-230-oem.c618
NVIDIA,GeForce GT 230M,GT216,Tesla 2.0,GeForce 200M,2009-06-15,500.0,500.0,790.0,1.0,GDDR3,128,25.28,48,,,0.11,,,23,1.2,40,0.49,100.0,TSMC,PCIe 2.0 x16,6,0.064,https://www.techpowerup.com/gpu-specs/geforce-gt-230m.c1507
NVIDIA,GeForce GT 240,GT215,Tesla 2.0,GeForce 200,2009-11-17,550.0,550.0,850.0,1.0,GDDR5,128,54.4,96,,,0.26,,,69,1.2,40,0.73,144.0,TSMC,PCIe 2.0 x16,12,0.064,https://www.techpowerup.com/gpu-specs/geforce-gt-240.c619
NVIDIA,GeForce GT 240M,GT216,Tesla 2.0,GeForce 200M,2009-06-15,550.0,550.0,790.0,1.0,GDDR3,128,25.28,48,,,0.12,,,23,1.2,40,0.49,100.0,TSMC,PCIe 2.0 x16,6,0.064,https://www.techpowerup.com/gpu-specs/geforce-gt-240m.c1508
NVIDIA,GeForce GT 320M,GT216,Tesla 2.0,GeForce 300M,2010-03-03,500.0,500.0,790.0,1.0,DDR3,128,25.28,24,,,0.05,,,23,1.2,40,0.49,100.0,TSMC,PCIe 2.0 x16,3,0.064,https://www.techpowerup.com/gpu-specs/geforce-gt-320m.c2272
NVIDIA,GeForce GTS 150 OEM,G92,Tesla,GeForce 100,2009-03-10,738.0,738.0,1000.0,1.0,GDDR3,256,64.0,128,,,0.47,,,141,1.1,65,0.75,324.0,TSMC,PCIe 2.0 x16,16,0.064,https://www.techpowerup.com/gpu-specs/geforce-gts-150-oem.c637
NVIDIA,GeForce GTS 150M,G94,Tesla,GeForce 100M,2009-03-03,400.0,400.0,800.0,1.0,GDDR3,256,51.2,64,,,0.13,,,45,1.1,65,0.51,240.0,TSMC,PCIe 2.0 x16,8,0.064,https://www.techpowerup.com/gpu-specs/geforce-gts-150m.c1486
NVIDIA,GeForce GTS 160M,G94,Tesla,GeForce 100M,2009-03-03,600.0,600.0,800.0,1.0,GDDR3,256,51.2,64,,,0.19,,,60,1.1,65,0.51,240.0,TSMC,PCIe 2.0 x16,8,0.064,https://www.techpowerup.com/gpu-specs/geforce-gts-160m.c1487
NVIDIA,GeForce GTS 240 OEM,G92B,Tesla,GeForce 200,2009-07-01,675.0,675.0,1100.0,1.0,GDDR3,256,70.4,112,,,0.36,,,120,1.1,55,0.75,260.0,TSMC,PCIe 2.0 x16,14,0.064,https://www.techpowerup.com/gpu-specs/geforce-gts-240-oem.c242
NVIDIA,GeForce GTS 250,G92B,Tesla,GeForce 200,2009-03-04,675.0,675.0,1008.0,1.0,GDDR3,256,64.51,128,,,0.41,,,150,1.1,55,0.75,260.0,TSMC,PCIe 2.0 x16,16,0.064,https://www.techpowerup.com/gpu-specs/geforce-gts-250.c3178
NVIDIA,GeForce GTS 250M,GT215,Tesla 2.0,GeForce 200M,2009-06-15,450.0,450.0,790.0,1.0,GDDR5,128,50.56,96,,,0.21,,,28,1.2,40,0.73,144.0,TSMC,PCIe 2.0 x16,12,0.064,https://www.techpowerup.com/gpu-specs/geforce-gts-250m.c1509
NVIDIA,GeForce GTS 260M,GT215,Tesla 2.0,GeForce 200M,2009-06-15,550.0,550.0,850.0,0.5,GDDR5,128,54.4,96,,,0.26,,,38,1.2,40,0.73,144.0,TSMC,PCIe 2.0 x16,12,0.064,https://www.techpowerup.com/gpu-specs/geforce-gts-260m.c1313
NVIDIA,GeForce GTX 260 OEM,GT200,Tesla 2.0,GeForce 200,2009-12-08,518.0,518.0,1008.0,1.75,GDDR3,448,112.9,192,,,0.41,,0.05,150,1.3,65,1.4,576.0,TSMC,PCIe 2.0 x16,24,0.224,https://www.techpowerup.com/gpu-specs/geforce-gtx-260-oem.c2423
NVIDIA,GeForce GTX 260M,G92,Tesla,GeForce 200M,2009-03-03,550.0,550.0,950.0,1.0,GDDR3,256,60.8,112,,,0.31,,,65,1.1,65,0.75,324.0,TSMC,PCIe 2.0 x16,14,0.064,https://www.techpowerup.com/gpu-specs/geforce-gtx-260m.c1510
NVIDIA,GeForce GTX 275,GT200B,Tesla 2.0,GeForce 200,2009-01-15,633.0,633.0,1134.0,0.896,GDDR3,448,127.0,240,,,0.67,,0.08,219,1.3,55,1.4,470.0,TSMC,PCIe 2.0 x16,30,0.224,https://www.techpowerup.com/gpu-specs/geforce-gtx-275.c621
NVIDIA,GeForce GTX 280M,G92B,Tesla,GeForce 200M,2009-03-03,585.0,585.0,950.0,1.0,GDDR3,256,60.8,128,,,0.37,,,75,1.1,55,0.75,260.0,TSMC,MXM-HE,16,0.064,https://www.techpowerup.com/gpu-specs/geforce-gtx-280m.c1511
NVIDIA,GeForce GTX 285 Mac Edition,GT200B,Tesla 2.0,GeForce 200,2009-01-15,648.0,648.0,1242.0,1.0,GDDR3,512,159.0,240,,,0.71,,0.09,204,1.3,55,1.4,470.0,TSMC,PCIe 2.0 x16,30,0.25,https://www.techpowerup.com/gpu-specs/geforce-gtx-285-mac-edition.c893
NVIDIA,GeForce GTX 285 X2,GT200B,Tesla 2.0,GeForce 200,2009-06-17,648.0,648.0,1152.0,2.0,GDDR3,512,147.5,240,,,0.71,,0.09,315,1.3,55,1.4,470.0,TSMC,PCIe 2.0 x16,30,0.25,https://www.techpowerup.com/gpu-specs/geforce-gtx-285-x2.c4140
NVIDIA,GeForce GTX 295,GT200B,Tesla 2.0,GeForce 200,2009-01-08,576.0,576.0,999.0,0.896,GDDR3,448,111.9,240,,,0.6,,0.07,289,1.3,55,1.4,470.0,TSMC,PCIe 2.0 x16,30,0.224,https://www.techpowerup.com/gpu-specs/geforce-gtx-295.c239
NVIDIA,GeForce GTX 295 Single PCB,GT200B,Tesla 2.0,GeForce 200,2009-06-16,576.0,576.0,1008.0,0.896,GDDR3,448,112.9,240,,,0.6,,0.07,289,1.3,55,1.4,470.0,TSMC,PCIe 2.0 x16,30,0.224,https://www.techpowerup.com/gpu-specs/geforce-gtx-295-single-pcb.c4141
NVIDIA,Quadro FX 1800,G94,Tesla,Quadro FX Tesla(x800),2009-03-30,550.0,550.0,800.0,0.75,GDDR3,192,38.4,64,,,0.18,,,59,1.1,65,0.51,240.0,TSMC,PCIe 2.0 x16,8,0.048,https://www.techpowerup.com/gpu-specs/quadro-fx-1800.c1323
NVIDIA,Quadro FX 1800M,GT215,Tesla 2.0,Quadro FX Mobile(x800M),2009-06-15,560.0,560.0,790.0,1.0,GDDR3,128,25.28,72,,,0.16,,,45,1.2,40,0.73,144.0,TSMC,MXM-A (3.0),9,0.064,https://www.techpowerup.com/gpu-specs/quadro-fx-1800m.c1391
NVIDIA,Quadro FX 2800M,G92B,Tesla,Quadro FX Mobile(x800M),2009-12-01,600.0,600.0,1000.0,1.0,GDDR3,256,64.0,96,,,0.29,,,75,1.1,55,0.75,260.0,TSMC,MXM-B (3.0),12,0.064,https://www.techpowerup.com/gpu-specs/quadro-fx-2800m.c1393
NVIDIA,Quadro FX 380,G96,Tesla,Quadro FX Tesla(x800),2009-03-30,450.0,450.0,700.0,0.25,GDDR3,128,22.4,16,,,0.04,,,34,1.1,65,0.31,144.0,UMC,PCIe 2.0 x16,2,0.032,https://www.techpowerup.com/gpu-specs/quadro-fx-380.c1327
NVIDIA,Quadro FX 380 LP,GT218S,Tesla 2.0,Quadro FX Tesla(x800),2009-12-01,550.0,550.0,800.0,0.5,GDDR3,64,12.8,16,,,0.04,,,28,1.2,40,0.26,57.0,TSMC,PCIe 2.0 x16,2,0.032,https://www.techpowerup.com/gpu-specs/quadro-fx-380-lp.c1328
NVIDIA,Quadro FX 3800,GT200B,Tesla 2.0,Quadro FX Tesla(x800),2009-03-30,600.0,600.0,800.0,1.0,GDDR3,256,51.2,192,,,0.46,,0.06,108,1.3,55,1.4,470.0,TSMC,PCIe 2.0 x16,24,0.128,https://www.techpowerup.com/gpu-specs/quadro-fx-3800.c1321
NVIDIA,Quadro FX 580,G96C,Tesla,Quadro FX Tesla(x800),2009-04-09,450.0,450.0,800.0,0.5,GDDR3,128,25.6,32,,,0.07,,,40,1.1,55,0.31,121.0,TSMC,PCIe 2.0 x16,4,0.032,https://www.techpowerup.com/gpu-specs/quadro-fx-580.c1324
NVIDIA,Quadro NVS 295,G98S,Tesla,Quadro NVS,2009-05-07,540.0,540.0,695.0,0.25,GDDR3,64,11.12,8,,,0.02,,,23,1.1,65,0.21,86.0,UMC,PCIe 1.0 x16,1,0.016,https://www.techpowerup.com/gpu-specs/quadro-nvs-295.c1450
NVIDIA,Quadro NVS 420,G98S,Tesla,Quadro NVS,2009-01-20,550.0,550.0,700.0,0.25,GDDR3,64,11.2,8,,,0.02,,,40,1.1,65,0.21,86.0,UMC,PCIe 2.0 x16,1,0.016,https://www.techpowerup.com/gpu-specs/quadro-nvs-420.c1448
NVIDIA,Tesla C1060,GT200B,Tesla 2.0,Tesla(x10xx),2009-04-09,610.0,610.0,800.0,1.0,GDDR3,512,102.4,240,,,0.62,,0.08,188,1.3,55,1.4,470.0,TSMC,PCIe 2.0 x16,30,0.25,https://www.techpowerup.com/gpu-specs/tesla-c1060.c1539
NVIDIA,Tesla C1080,GT200B,Tesla 2.0,Tesla(x10xx),2009-04-09,610.0,610.0,800.0,4.0,GDDR3,512,102.4,240,,,0.62,,0.08,188,1.3,55,1.4,470.0,TSMC,PCIe 2.0 x16,30,0.25,https://www.techpowerup.com/gpu-specs/tesla-c1080.c2449
AMD,Radeon HD 6570M Mac Edition,Capilano,TeraScale 2,Vancouver(HD 6500M),2009-10-28,600.0,600.0,800.0,1.0,GDDR3,128,25.6,400,,,0.48,,,30,,40,0.63,104.0,TSMC,MXM-II,,0.25,https://www.techpowerup.com/gpu-specs/radeon-hd-6570m-mac-edition.c2251
ATI,FirePro 2450 Multi-View,RV620,TeraScale,FirePro Multi-View(2000),2009-01-01,400.0,400.0,400.0,0.25,DDR3,64,6.4,40,,,0.03,,,32,,55,0.18,67.0,TSMC,PCIe 2.0 x16,,,https://www.techpowerup.com/gpu-specs/firepro-2450-multi-view.c1384
ATI,FirePro 2450 Multi-View PCIe x1,RV620,TeraScale,FirePro Multi-View(2000),2009-01-01,400.0,400.0,400.0,0.25,DDR3,64,6.4,40,,,0.03,,,32,,55,0.18,67.0,TSMC,PCIe 2.0 x1,,,https://www.techpowerup.com/gpu-specs/firepro-2450-multi-view-pcie-x1.c2012
ATI,FirePro M5725,M96,TeraScale,FirePro Mobility(M5xxx),2009-01-09,675.0,675.0,800.0,0.5,GDDR3,128,25.6,320,,,0.43,,,35,,55,0.51,146.0,TSMC,PCIe 2.0 x16,,0.128,https://www.techpowerup.com/gpu-specs/firepro-m5725.c1670
ATI,FirePro M7740,M97,TeraScale,FirePro Mobility(M7xxx),2009-08-04,650.0,650.0,846.0,1.0,GDDR5,128,54.14,640,,,0.83,,0.17,60,,40,0.83,137.0,TSMC,PCIe 2.0 x16,,0.128,https://www.techpowerup.com/gpu-specs/firepro-m7740.c1675
ATI,FirePro V7750,RV730,TeraScale,FirePro Terascale(Vx700),2009-03-27,800.0,800.0,900.0,1.0,GDDR3,128,28.8,320,,,0.51,,,76,,55,0.51,146.0,TSMC,PCIe 2.0 x16,,0.128,https://www.techpowerup.com/gpu-specs/firepro-v7750.c860
ATI,Mobility FireGL V5725,M86,TeraScale,Mobility FireGL(V5xxx),2009-01-01,680.0,680.0,800.0,0.25,GDDR3,128,25.6,120,,,0.16,,,,,55,0.38,135.0,TSMC,PCIe 2.0 x16,,0.128,https://www.techpowerup.com/gpu-specs/mobility-firegl-v5725.c1669
ATI,Mobility Radeon HD 4100 IGP,RS880,TeraScale,TeraScale IGP(Mobility HD 4000),2009-11-01,400.0,400.0,,,System Shared,,,40,,,0.03,,,,,55,0.18,67.0,,PCIe 1.0 x16,,,https://www.techpowerup.com/gpu-specs/mobility-radeon-hd-4100-igp.c2009
ATI,Mobility Radeon HD 4200 IGP,RS880,TeraScale,TeraScale IGP(Mobility HD 4000),2009-09-10,500.0,500.0,,,System Shared,,,40,,,0.04,,,,,55,0.18,67.0,,PCIe 1.0 x16,,,https://www.techpowerup.com/gpu-specs/mobility-radeon-hd-4200-igp.c1657
ATI,Mobility Radeon HD 4330,M92,TeraScale,M9x(Mobility HD 4300),2009-01-09,450.0,450.0,600.0,0.5,GDDR3,64,9.6,80,,,0.07,,,,,55,0.24,73.0,TSMC,PCIe 2.0 x16,,0.064,https://www.techpowerup.com/gpu-specs/mobility-radeon-hd-4330.c1627
ATI,Mobility Radeon HD 4350,M93,TeraScale,M9x(Mobility HD 4300),2009-01-09,450.0,450.0,800.0,0.5,GDDR3,64,12.8,80,,,0.07,,,,,55,0.24,73.0,TSMC,PCIe 2.0 x16,,0.064,https://www.techpowerup.com/gpu-specs/mobility-radeon-hd-4350.c2421
ATI,Mobility Radeon HD 4530,M92,TeraScale,M9x(Mobility HD 4500),2009-01-09,500.0,500.0,700.0,0.5,GDDR3,64,11.2,80,,,0.08,,,,,55,0.24,73.0,TSMC,MXM-II,,0.064,https://www.techpowerup.com/gpu-specs/mobility-radeon-hd-4530.c1628
ATI,Mobility Radeon HD 4570,M92,TeraScale,M9x(Mobility HD 4500),2009-01-09,680.0,680.0,800.0,0.5,GDDR3,64,12.8,80,,,0.11,,,,,55,0.24,73.0,TSMC,MXM-II,,0.064,https://www.techpowerup.com/gpu-specs/mobility-radeon-hd-4570.c1630
ATI,Mobility Radeon HD 4650,M96,TeraScale,M9x(Mobility HD 4600),2009-01-09,550.0,550.0,667.0,1.0,GDDR3,128,21.34,320,,,0.35,,,35,,55,0.51,146.0,TSMC,PCIe 2.0 x16,,0.128,https://www.techpowerup.com/gpu-specs/mobility-radeon-hd-4650.c1632
ATI,Mobility Radeon HD 4670,M96,TeraScale,M9x(Mobility HD 4600),2009-01-09,675.0,675.0,800.0,0.5,GDDR3,128,25.6,320,,,0.43,,,35,,55,0.51,146.0,TSMC,MXM-A (3.0),,0.128,https://www.techpowerup.com/gpu-specs/mobility-radeon-hd-4670.c1150
ATI,Mobility Radeon HD 4670 Mac Edition,M96,TeraScale,M9x(Mobility HD 4600),2009-09-16,680.0,680.0,790.0,0.25,GDDR3,128,25.28,320,,,0.44,,,35,,55,0.51,146.0,TSMC,MXM-A (3.0),,0.128,https://www.techpowerup.com/gpu-specs/mobility-radeon-hd-4670-mac-edition.c2252
ATI,Mobility Radeon HD 4830,M97,TeraScale,M9x(Mobility HD 4800),2009-03-03,500.0,500.0,800.0,1.0,GDDR3,128,25.6,640,,,0.64,,0.13,,,40,0.83,137.0,TSMC,PCIe 2.0 x16,,0.128,https://www.techpowerup.com/gpu-specs/mobility-radeon-hd-4830.c1634
ATI,Mobility Radeon HD 4850,M98,TeraScale,M9x(Mobility HD 4800),2009-01-09,503.0,503.0,850.0,1.0,GDDR3,256,54.4,800,,,0.8,,0.16,,,55,0.96,256.0,TSMC,PCIe 2.0 x16,,0.25,https://www.techpowerup.com/gpu-specs/mobility-radeon-hd-4850.c1636
ATI,Mobility Radeon HD 4850 Mac Edition,M98,TeraScale,M9x(Mobility HD 4800),2009-08-28,503.0,503.0,850.0,0.5,GDDR3,256,54.4,800,,,0.8,,0.16,,,55,0.96,256.0,TSMC,MXM-B (3.0),,0.25,https://www.techpowerup.com/gpu-specs/mobility-radeon-hd-4850-mac-edition.c2249
ATI,Mobility Radeon HD 4850 X2,M98,TeraScale,M9x(Mobility HD 4800),2009-01-09,500.0,500.0,700.0,1.0,GDDR5,256,89.6,800,,,0.8,,0.16,,,55,0.96,256.0,TSMC,PCIe 2.0 x16,,0.25,https://www.techpowerup.com/gpu-specs/mobility-radeon-hd-4850-x2.c1792
ATI,Mobility Radeon HD 4860,M97,TeraScale,M9x(Mobility HD 4800),2009-03-03,650.0,650.0,1000.0,1.0,GDDR5,128,64.0,640,,,0.83,,0.17,,,40,0.83,137.0,TSMC,PCIe 2.0 x16,,0.128,https://www.techpowerup.com/gpu-specs/mobility-radeon-hd-4860.c1633
ATI,Mobility Radeon HD 4870,M98,TeraScale,M9x(Mobility HD 4800),2009-01-09,550.0,550.0,888.0,0.5,GDDR3,256,56.83,800,,,0.88,,0.18,,,55,0.96,256.0,TSMC,PCIe 2.0 x16,,0.25,https://www.techpowerup.com/gpu-specs/mobility-radeon-hd-4870.c1637
ATI,Mobility Radeon HD 4870 X2,M98,TeraScale,M9x(Mobility HD 4800),2009-01-09,550.0,550.0,700.0,1.0,GDDR5,256,89.6,800,,,0.88,,0.18,,,55,0.96,256.0,TSMC,PCIe 2.0 x16,,0.25,https://www.techpowerup.com/gpu-specs/mobility-radeon-hd-4870-x2.c1639
ATI,Radeon 3000 IGP,RS780,TeraScale,TeraScale IGP(3000),2009-01-01,350.0,350.0,,,System Shared,,,40,,,0.03,,,,,65,0.18,85.0,,PCIe 1.0 x16,,,https://www.techpowerup.com/gpu-specs/radeon-3000-igp.c482
ATI,Radeon E4690 MXM,M96,TeraScale,Embedded(4000),2009-06-01,600.0,600.0,700.0,0.5,GDDR3,128,22.4,320,,,0.38,,,30,,55,0.51,146.0,TSMC,MXM-A (3.0),,0.128,https://www.techpowerup.com/gpu-specs/radeon-e4690-mxm.c1737
ATI,Radeon E4690 PCIe,M96,TeraScale,Embedded(4000),2009-06-01,600.0,600.0,700.0,0.5,GDDR3,128,22.4,320,,,0.38,,,30,,55,0.51,146.0,TSMC,PCIe 2.0 x16,,0.128,https://www.techpowerup.com/gpu-specs/radeon-e4690-pcie.c3012
ATI,Radeon HD 3200 Mobile IGP,RS780,TeraScale,TeraScale IGP(Mobility HD 3000),2009-11-01,380.0,380.0,,,System Shared,,,40,,,0.03,,,,,65,0.18,85.0,,PCIe 1.0 x16,,,https://www.techpowerup.com/gpu-specs/radeon-hd-3200-mobile-igp.c2115
ATI,Radeon HD 3410,RV610,TeraScale,Radeon R600(HD 3400),2009-05-07,519.0,519.0,396.0,0.25,DDR2,64,6.336,40,,,0.04,,,20,,65,0.18,85.0,TSMC,PCIe 1.0 x16,,0.032,https://www.techpowerup.com/gpu-specs/radeon-hd-3410.c2071
ATI,Radeon HD 3610,RV630,TeraScale,Radeon R600(HD 3600),2009-09-24,594.0,594.0,396.0,0.5,DDR2,128,12.67,120,,,0.14,,,35,,65,0.39,153.0,TSMC,PCIe 1.0 x16,,0.064,https://www.techpowerup.com/gpu-specs/radeon-hd-3610.c2095
ATI,Radeon HD 4200 IGP,RS880,TeraScale,TeraScale IGP(HD 4000),2009-08-01,500.0,500.0,,,System Shared,,,40,,,0.04,,,,,55,0.18,67.0,,PCIe 1.0 x16,,,https://www.techpowerup.com/gpu-specs/radeon-hd-4200-igp.c775
ATI,Radeon HD 4250,RV620,TeraScale,Radeon R600(HD 4200),2009-02-25,594.0,594.0,396.0,0.5,DDR2,64,6.336,40,,,0.05,,,25,,55,0.18,67.0,TSMC,PCIe 2.0 x16,,0.064,https://www.techpowerup.com/gpu-specs/radeon-hd-4250.c2074
ATI,Radeon HD 4520,RV710,TeraScale,Radeon R700(HD 4500),2009-12-02,600.0,600.0,400.0,0.5,DDR2,64,6.4,80,,,0.1,,,25,,55,0.24,73.0,TSMC,PCIe 2.0 x16,,0.064,https://www.techpowerup.com/gpu-specs/radeon-hd-4520.c2083
ATI,Radeon HD 4570 Rebrand,RV635,TeraScale,Radeon R700(HD 4500),2009-11-22,796.0,796.0,396.0,1.0,DDR2,128,12.67,120,,,0.19,,,65,,55,0.38,135.0,TSMC,PCIe 2.0 x16,,0.128,https://www.techpowerup.com/gpu-specs/radeon-hd-4570-rebrand.c2082
ATI,Radeon HD 4670 AGP,RV730,TeraScale,Radeon R700(HD 4600),2009-07-17,750.0,750.0,800.0,1.0,GDDR3,128,25.6,320,,,0.48,,,59,,55,0.51,146.0,TSMC,AGP 8x,,0.128,https://www.techpowerup.com/gpu-specs/radeon-hd-4670-agp.c292
ATI,Radeon HD 4730,RV770,TeraScale,Radeon R700(HD 4700),2009-06-08,750.0,750.0,900.0,0.5,GDDR5,128,57.6,640,,,0.96,,0.19,110,,55,0.96,256.0,TSMC,PCIe 2.0 x16,,0.128,https://www.techpowerup.com/gpu-specs/radeon-hd-4730.c291
ATI,Radeon HD 4750,RV740,TeraScale,Radeon R700(HD 4700),2009-09-09,730.0,730.0,800.0,0.5,GDDR5,128,51.2,640,,,0.93,,0.19,100,,40,0.83,137.0,TSMC,PCIe 2.0 x16,,0.128,https://www.techpowerup.com/gpu-specs/radeon-hd-4750.c935
ATI,Radeon HD 4770,RV740,TeraScale,Radeon R700(HD 4700),2009-04-28,750.0,750.0,800.0,0.5,GDDR5,128,51.2,640,,,0.96,,0.19,80,,40,0.83,137.0,TSMC,PCIe 2.0 x16,,0.128,https://www.techpowerup.com/gpu-specs/radeon-hd-4770.c290
ATI,Radeon HD 4810,RV770,TeraScale,Radeon R700(HD 4800),2009-05-28,625.0,625.0,900.0,0.5,GDDR5,128,57.6,640,,,0.8,,0.16,95,,55,0.96,256.0,TSMC,PCIe 2.0 x16,,0.128,https://www.techpowerup.com/gpu-specs/radeon-hd-4810.c2096
ATI,Radeon HD 4860,RV790,TeraScale,Radeon R700(HD 4800),2009-09-09,700.0,700.0,750.0,0.5,GDDR5,256,96.0,640,,,0.9,,0.18,130,,55,0.96,282.0,TSMC,PCIe 2.0 x16,,0.25,https://www.techpowerup.com/gpu-specs/radeon-hd-4860.c288
ATI,Radeon HD 4870 Mac Edition,RV770,TeraScale,Radeon R700(HD 4800),2009-01-06,750.0,750.0,850.0,0.5,GDDR5,256,108.8,800,,,1.2,,0.24,150,,55,0.96,256.0,TSMC,PCIe 2.0 x16,,0.25,https://www.techpowerup.com/gpu-specs/radeon-hd-4870-mac-edition.c2235
ATI,Radeon HD 4890,RV790,TeraScale,Radeon R700(HD 4800),2009-04-02,850.0,850.0,975.0,1.0,GDDR5,256,124.8,800,,,1.36,,0.27,190,,55,0.96,282.0,TSMC,PCIe 2.0 x16,,0.25,https://www.techpowerup.com/gpu-specs/radeon-hd-4890.c244
ATI,Radeon HD 5750,Juniper,TeraScale 2,Evergreen(HD 5700),2009-10-13,700.0,700.0,1150.0,1.0,GDDR5,128,73.6,720,,,1.01,,,86,,40,1.04,166.0,TSMC,PCIe 2.0 x16,,0.25,https://www.techpowerup.com/gpu-specs/radeon-hd-5750.c249
ATI,Radeon HD 5770,Juniper,TeraScale 2,Evergreen(HD 5700),2009-10-13,850.0,850.0,1200.0,1.0,GDDR5,128,76.8,800,,,1.36,,,108,,40,1.04,166.0,TSMC,PCIe 2.0 x16,,0.25,https://www.techpowerup.com/gpu-specs/radeon-hd-5770.c250
ATI,Radeon HD 5850,Cypress,TeraScale 2,Evergreen(HD 5800),2009-09-30,725.0,725.0,1000.0,1.0,GDDR5,256,128.0,1440,,,2.09,,0.42,151,,40,2.15,334.0,TSMC,PCIe 2.0 x16,,0.5,https://www.techpowerup.com/gpu-specs/radeon-hd-5850.c252
ATI,Radeon HD 5870,Cypress,TeraScale 2,Evergreen(HD 5800),2009-09-23,850.0,850.0,1200.0,1.0,GDDR5,256,153.6,1600,,,2.72,,0.54,188,,40,2.15,334.0,TSMC,PCIe 2.0 x16,,0.5,https://www.techpowerup.com/gpu-specs/radeon-hd-5870.c253
ATI,Radeon HD 5970,Hemlock,TeraScale 2,Evergreen(HD 5900),2009-11-18,725.0,725.0,1000.0,1.0,GDDR5,256,128.0,1600,,,2.32,,0.46,294,,40,2.15,334.0,TSMC,PCIe 2.0 x16,,0.5,https://www.techpowerup.com/gpu-specs/radeon-hd-5970.c254
NVIDIA,GeForce 305M,GT218,Tesla 2.0,GeForce 300M,2010-01-10,525.0,525.0,700.0,0.5,GDDR3,64,11.2,16,,,0.04,,,14,1.2,40,0.26,57.0,TSMC,PCIe 2.0 x16,2,0.032,https://www.techpowerup.com/gpu-specs/geforce-305m.c1481
NVIDIA,GeForce 310M,GT218,Tesla 2.0,GeForce 300M,2010-01-10,606.0,606.0,667.0,1.0,DDR3,64,10.67,16,,,0.05,,,14,1.2,40,0.26,57.0,TSMC,PCIe 2.0 x16,2,0.032,https://www.techpowerup.com/gpu-specs/geforce-310m.c2374
NVIDIA,GeForce 315 OEM,GT218S,Tesla 2.0,GeForce 300,2011-02-22,589.0,589.0,600.0,1.0,DDR3,64,9.6,16,,,0.04,,,33,1.2,40,0.26,57.0,TSMC,PCIe 2.0 x16,2,0.032,https://www.techpowerup.com/gpu-specs/geforce-315-oem.c2271
NVIDIA,GeForce 320M Mac Edition,C89,Tesla 2.0,GeForce 300M,2010-04-01,450.0,450.0,,,System Shared,,,48,,,0.09,,,23,,40,0.49,100.0,,PCIe 2.0 x16,4,,https://www.techpowerup.com/gpu-specs/geforce-320m-mac-edition.c1852
NVIDIA,GeForce 405 OEM,GT216,Tesla 2.0,GeForce 400,2010-09-03,475.0,475.0,400.0,1.0,DDR2,128,12.8,24,,,0.05,,,25,1.2,40,0.49,100.0,TSMC,PCIe 2.0 x16,3,0.032,https://www.techpowerup.com/gpu-specs/geforce-405-oem.c3759
NVIDIA,GeForce 8400 GS Rev. 3,GT218S,Tesla 2.0,GeForce 8(8400),2010-07-12,520.0,520.0,400.0,0.5,DDR2,64,6.4,8,,,0.02,,,25,1.2,40,0.26,57.0,TSMC,PCIe 2.0 x16,1,0.032,https://www.techpowerup.com/gpu-specs/geforce-8400-gs-rev-3.c1993
NVIDIA,GeForce 9500 GT Mac Edition,G96C,Tesla,GeForce 9(9500),2010-05-19,550.0,550.0,800.0,0.5,GDDR3,128,25.6,32,,,0.09,,,50,1.1,55,0.31,121.0,TSMC,PCIe 2.0 x16,4,0.032,https://www.techpowerup.com/gpu-specs/geforce-9500-gt-mac-edition.c2330
NVIDIA,GeForce GT 240M LE,G96C,Tesla,GeForce 200M,2010-01-15,600.0,600.0,800.0,0.5,GDDR3,128,25.6,32,,,0.1,,,23,1.1,55,0.31,121.0,TSMC,PCIe 2.0 x16,4,0.032,https://www.techpowerup.com/gpu-specs/geforce-gt-240m-le.c2303
NVIDIA,GeForce GT 320 OEM,GT215,Tesla 2.0,GeForce 300,2010-02-02,540.0,540.0,790.0,1.0,GDDR3,128,25.28,72,,,0.19,,,43,1.2,40,0.73,144.0,TSMC,PCIe 2.0 x16,9,0.064,https://www.techpowerup.com/gpu-specs/geforce-gt-320-oem.c294
NVIDIA,GeForce GT 325M,GT216,Tesla 2.0,GeForce 300M,2010-01-10,450.0,450.0,700.0,1.0,DDR3,128,22.4,48,,,0.1,,,23,1.2,40,0.49,100.0,TSMC,PCIe 2.0 x16,6,0.064,https://www.techpowerup.com/gpu-specs/geforce-gt-325m.c1504
NVIDIA,GeForce GT 330 OEM,GT215,Tesla 2.0,GeForce 300,2010-02-02,540.0,540.0,790.0,1.0,GDDR3,128,25.28,96,,,0.25,,,75,1.2,40,0.73,144.0,TSMC,PCIe 2.0 x16,12,0.064,https://www.techpowerup.com/gpu-specs/geforce-gt-330-oem.c4054
NVIDIA,GeForce GT 330M,GT216,Tesla 2.0,GeForce 300M,2010-01-10,575.0,575.0,790.0,1.0,GDDR3,128,25.28,48,,,0.12,,,23,1.2,40,0.49,100.0,TSMC,MXM-A (3.0),6,0.064,https://www.techpowerup.com/gpu-specs/geforce-gt-330m.c1505
NVIDIA,GeForce GT 330M Mac Edition,GT216,Tesla 2.0,GeForce 300M,2010-04-26,500.0,500.0,790.0,0.5,GDDR3,128,25.28,48,,,0.11,,,23,1.2,40,0.49,100.0,TSMC,MXM-A (3.0),6,0.064,https://www.techpowerup.com/gpu-specs/geforce-gt-330m-mac-edition.c2273
NVIDIA,GeForce GT 335M,GT215,Tesla 2.0,GeForce 300M,2010-01-07,450.0,450.0,790.0,1.0,GDDR3,128,25.28,72,,,0.16,,,28,1.2,40,0.73,144.0,TSMC,PCIe 2.0 x16,9,0.064,https://www.techpowerup.com/gpu-specs/geforce-gt-335m.c1506
NVIDIA,GeForce GT 340 OEM,GT215,Tesla 2.0,GeForce 300,2010-02-02,550.0,550.0,850.0,1.0,GDDR3,128,27.2,96,,,0.26,,,69,1.2,40,0.73,144.0,TSMC,PCIe 2.0 x16,12,0.064,https://www.techpowerup.com/gpu-specs/geforce-gt-340-oem.c293
NVIDIA,GeForce GT 415 OEM,GT216,Tesla 2.0,GeForce 400,2010-09-03,625.0,625.0,333.0,0.5,DDR3,128,10.66,48,,,0.13,,,32,1.2,40,0.49,100.0,TSMC,PCIe 2.0 x16,6,0.064,https://www.techpowerup.com/gpu-specs/geforce-gt-415-oem.c2105
NVIDIA,GeForce GT 415M,GF108,Fermi,GeForce 400M,2010-09-03,500.0,500.0,800.0,1.0,DDR3,128,25.6,48,,,0.1,,0.01,12,2.1,40,0.58,116.0,TSMC,PCIe 2.0 x16,1,0.25,https://www.techpowerup.com/gpu-specs/geforce-gt-415m.c1496
NVIDIA,GeForce GT 420 OEM,GF108,Fermi,GeForce 400,2010-09-03,700.0,700.0,900.0,1.0,DDR3,128,28.8,48,,,0.13,,0.01,50,2.1,40,0.58,116.0,TSMC,PCIe 2.0 x16,1,0.25,https://www.techpowerup.com/gpu-specs/geforce-gt-420-oem.c259
NVIDIA,GeForce GT 420M,GF108,Fermi,GeForce 400M,2010-09-03,500.0,500.0,800.0,1.0,DDR3,128,25.6,96,,,0.19,,0.02,23,2.1,40,0.58,116.0,TSMC,PCIe 2.0 x16,2,0.25,https://www.techpowerup.com/gpu-specs/geforce-gt-420m.c1497
NVIDIA,GeForce GT 425M,GF108,Fermi,GeForce 400M,2010-09-03,560.0,560.0,800.0,1.0,DDR3,128,25.6,96,,,0.21,,0.02,23,2.1,40,0.58,116.0,TSMC,PCIe 2.0 x16,2,0.25,https://www.techpowerup.com/gpu-specs/geforce-gt-425m.c1498
NVIDIA,GeForce GT 430,GF108,Fermi,GeForce 400,2010-10-11,700.0,700.0,800.0,0.5,DDR3,64,12.8,96,,,0.27,,0.02,49,2.1,40,0.58,116.0,TSMC,PCIe 2.0 x16,2,0.128,https://www.techpowerup.com/gpu-specs/geforce-gt-430.c603
NVIDIA,GeForce GT 430 OEM,GF108,Fermi,GeForce 400,2010-10-11,700.0,700.0,800.0,2.0,DDR3,128,25.6,96,,,0.27,,0.02,49,2.1,40,0.58,116.0,TSMC,PCIe 2.0 x16,2,0.25,https://www.techpowerup.com/gpu-specs/geforce-gt-430-oem.c1957
NVIDIA,GeForce GT 430 PCI,GF108,Fermi,GeForce 400,2010-10-11,700.0,700.0,600.0,0.5,DDR3,64,9.6,96,,,0.27,,0.02,49,2.1,40,0.58,116.0,TSMC,PCI,2,0.128,https://www.techpowerup.com/gpu-specs/geforce-gt-430-pci.c3327
NVIDIA,GeForce GT 435M,GF106,Fermi,GeForce 400M,2011-01-15,590.0,590.0,800.0,1.0,DDR3,128,25.6,96,,,0.23,,0.02,35,2.1,40,1.17,238.0,TSMC,PCIe 2.0 x16,2,0.25,https://www.techpowerup.com/gpu-specs/geforce-gt-435m.c2337
NVIDIA,GeForce GT 440 OEM,GF106,Fermi,GeForce 400,2010-10-11,810.0,810.0,900.0,1.5,DDR3,192,43.2,144,,,0.47,,0.04,65,2.1,40,1.17,238.0,TSMC,PCIe 2.0 x16,3,0.384,https://www.techpowerup.com/gpu-specs/geforce-gt-440-oem.c261
NVIDIA,GeForce GT 445M,GF106,Fermi,GeForce 400M,2010-09-03,570.0,570.0,625.0,1.0,GDDR5,128,40.0,144,,,0.33,,0.03,35,2.1,40,1.17,238.0,TSMC,PCIe 2.0 x16,3,0.25,https://www.techpowerup.com/gpu-specs/geforce-gt-445m.c1500
NVIDIA,GeForce GTS 350M,GT215,Tesla 2.0,GeForce 300M,2010-01-07,450.0,450.0,790.0,1.0,GDDR5,128,50.56,96,,,0.21,,,28,1.2,40,0.73,144.0,TSMC,MXM-II,12,0.064,https://www.techpowerup.com/gpu-specs/geforce-gts-350m.c1314
NVIDIA,GeForce GTS 360M,GT215,Tesla 2.0,GeForce 300M,2010-01-07,550.0,550.0,900.0,1.0,GDDR5,128,57.6,96,,,0.25,,,38,1.2,40,0.73,144.0,TSMC,MXM-II,12,0.064,https://www.techpowerup.com/gpu-specs/geforce-gts-360m.c939
NVIDIA,GeForce GTS 450,GF106,Fermi,GeForce 400,2010-09-13,783.0,783.0,902.0,1.0,GDDR5,128,57.73,192,,,0.6,,0.05,106,2.1,40,1.17,238.0,TSMC,PCIe 2.0 x16,4,0.25,https://www.techpowerup.com/gpu-specs/geforce-gts-450.c1778
NVIDIA,GeForce GTS 450 OEM,GF106,Fermi,GeForce 400,2010-09-13,783.0,783.0,902.0,0.5,GDDR5,128,57.73,144,,,0.45,,0.04,106,2.1,40,1.17,238.0,TSMC,PCIe 2.0 x16,3,0.25,https://www.techpowerup.com/gpu-specs/geforce-gts-450-oem.c3011
NVIDIA,GeForce GTX 275 PhysX Edition,G92B,Tesla,GeForce 200,2010-02-16,633.0,633.0,1134.0,0.896,GDDR3,448,127.0,240,,,0.62,,0.08,219,1.3,55,0.75,260.0,TSMC,PCIe 2.0 x16,30,0.224,https://www.techpowerup.com/gpu-specs/geforce-gtx-275-physx-edition.c1951
NVIDIA,GeForce GTX 285M,G92B,Tesla,GeForce 200M,2010-02-01,600.0,600.0,1000.0,1.0,GDDR3,256,64.0,128,,,0.38,,,75,1.1,55,0.75,260.0,TSMC,MXM-B (3.0),16,0.064,https://www.techpowerup.com/gpu-specs/geforce-gtx-285m.c391
NVIDIA,GeForce GTX 460,GF104,Fermi,GeForce 400,2010-07-12,675.0,675.0,900.0,0.75,GDDR5,192,86.4,336,,,0.91,,0.08,160,2.1,40,1.95,332.0,TSMC,PCIe 2.0 x16,7,0.384,https://www.techpowerup.com/gpu-specs/geforce-gtx-460.c2125
NVIDIA,GeForce GTX 460 OEM,GF104,Fermi,GeForce 400,2010-10-11,650.0,650.0,850.0,1.0,GDDR5,256,108.8,336,,,0.87,,0.07,150,2.1,40,1.95,332.0,TSMC,PCIe 2.0 x16,7,0.5,https://www.techpowerup.com/gpu-specs/geforce-gtx-460-oem.c1723
NVIDIA,GeForce GTX 460 SE,GF104,Fermi,GeForce 400,2010-11-15,650.0,650.0,850.0,1.0,GDDR5,256,108.8,288,,,0.75,,0.06,150,2.1,40,1.95,332.0,TSMC,PCIe 2.0 x16,6,0.5,https://www.techpowerup.com/gpu-specs/geforce-gtx-460-se.c357
NVIDIA,GeForce GTX 460 SE v2,GF114,Fermi 2.0,GeForce 400,2010-11-15,650.0,650.0,850.0,0.75,GDDR5,192,81.6,288,,,0.75,,0.06,150,2.1,40,1.95,332.0,TSMC,PCIe 2.0 x16,6,0.384,https://www.techpowerup.com/gpu-specs/geforce-gtx-460-se-v2.c1873
NVIDIA,GeForce GTX 460M,GF106,Fermi,GeForce 400M,2010-09-03,675.0,675.0,625.0,1.5,GDDR5,192,60.0,192,,,0.52,,0.04,50,2.1,40,1.17,238.0,TSMC,PCIe 2.0 x16,4,0.384,https://www.techpowerup.com/gpu-specs/geforce-gtx-460m.c1502
NVIDIA,GeForce GTX 465,GF100,Fermi,GeForce 400,2010-05-31,608.0,608.0,802.0,1.0,GDDR5,256,102.7,352,,,0.86,,0.11,200,2.0,40,3.1,529.0,TSMC,PCIe 2.0 x16,11,0.5,https://www.techpowerup.com/gpu-specs/geforce-gtx-465.c266
NVIDIA,GeForce GTX 470,GF100,Fermi,GeForce 400,2010-03-26,608.0,608.0,837.0,1.25,GDDR5,320,133.9,448,,,1.09,,0.14,215,2.0,40,3.1,529.0,TSMC,PCIe 2.0 x16,14,0.64,https://www.techpowerup.com/gpu-specs/geforce-gtx-470.c267
NVIDIA,GeForce GTX 470M,GF104,Fermi,GeForce 400M,2010-09-03,535.0,535.0,750.0,1.5,GDDR5,192,72.0,288,,,0.62,,0.05,75,2.1,40,1.95,332.0,TSMC,MXM-B (3.0),6,0.384,https://www.techpowerup.com/gpu-specs/geforce-gtx-470m.c1503
NVIDIA,GeForce GTX 480,GF100,Fermi,GeForce 400,2010-03-26,701.0,701.0,924.0,1.5,GDDR5,384,177.4,480,,,1.34,,0.17,250,2.0,40,3.1,529.0,TSMC,PCIe 2.0 x16,15,0.75,https://www.techpowerup.com/gpu-specs/geforce-gtx-480.c268
NVIDIA,GeForce GTX 480M,GF100,Fermi,GeForce 400M,2010-05-25,425.0,425.0,600.0,2.0,GDDR5,256,76.8,352,,,0.6,,0.07,100,2.0,40,3.1,529.0,TSMC,MXM-B (3.0),11,0.5,https://www.techpowerup.com/gpu-specs/geforce-gtx-480m.c944
NVIDIA,GeForce GTX 570,GF110,Fermi 2.0,GeForce 500,2010-12-07,732.0,732.0,950.0,1.25,GDDR5,320,152.0,480,,,1.41,,0.18,219,2.0,40,3.0,520.0,TSMC,PCIe 2.0 x16,15,0.64,https://www.techpowerup.com/gpu-specs/geforce-gtx-570.c269
NVIDIA,GeForce GTX 570 Rev. 2,GF110,Fermi 2.0,GeForce 500,2010-12-07,732.0,732.0,950.0,1.25,GDDR5,320,152.0,480,,,1.41,,0.18,219,2.0,40,3.0,520.0,TSMC,PCIe 2.0 x16,15,0.64,https://www.techpowerup.com/gpu-specs/geforce-gtx-570-rev-2.c3189
NVIDIA,GeForce GTX 580,GF110,Fermi 2.0,GeForce 500,2010-11-09,772.0,772.0,1002.0,1.5,GDDR5,384,192.4,512,,,1.58,,0.2,244,2.0,40,3.0,520.0,TSMC,PCIe 2.0 x16,16,0.75,https://www.techpowerup.com/gpu-specs/geforce-gtx-580.c270
NVIDIA,NVS 2100M,GT218S,Tesla 2.0,NVS Mobile(x100M),2010-01-07,535.0,535.0,790.0,0.5,GDDR3,64,12.64,16,,,0.04,,,11,1.2,40,0.26,57.0,TSMC,PCIe 2.0 x16,2,0.032,https://www.techpowerup.com/gpu-specs/nvs-2100m.c1469
NVIDIA,NVS 3100M,GT218S,Tesla 2.0,NVS Mobile(x100M),2010-01-07,606.0,606.0,790.0,0.5,GDDR3,64,12.64,16,,,0.05,,,14,1.2,40,0.26,57.0,TSMC,PCIe 2.0 x16,2,0.032,https://www.techpowerup.com/gpu-specs/nvs-3100m.c1468
NVIDIA,NVS 5100M,GT216,Tesla 2.0,NVS Mobile(x100M),2010-01-07,550.0,550.0,800.0,1.0,GDDR3,128,25.6,48,,,0.12,,,35,1.2,40,0.49,100.0,TSMC,MXM-A (3.0),6,0.064,https://www.techpowerup.com/gpu-specs/nvs-5100m.c1466
NVIDIA,Quadro 2000,GF106,Fermi,Quadro Fermi(x000),2010-12-24,625.0,625.0,650.0,1.0,GDDR5,128,41.6,192,,,0.48,,0.04,62,2.1,40,1.17,238.0,TSMC,PCIe 2.0 x16,4,0.25,https://www.techpowerup.com/gpu-specs/quadro-2000.c900
NVIDIA,Quadro 4000,GF100,Fermi,Quadro Fermi(x000),2010-11-02,475.0,475.0,702.0,2.0,GDDR5,256,89.86,256,,,0.49,,0.24,142,2.0,40,3.1,529.0,TSMC,PCIe 2.0 x16,8,0.5,https://www.techpowerup.com/gpu-specs/quadro-4000.c898
NVIDIA,Quadro 5000M,GF100,Fermi,Quadro Fermi-M(x000M),2010-07-27,405.0,405.0,600.0,2.0,GDDR5,256,76.8,320,,,0.52,,,100,2.0,40,3.1,529.0,TSMC,MXM-B (3.0),10,0.5,https://www.techpowerup.com/gpu-specs/quadro-5000m.c1396
NVIDIA,Quadro 600,GF108,Fermi,Quadro Fermi(x000),2010-12-13,640.0,640.0,800.0,1.0,DDR3,128,25.6,96,,,0.25,,0.02,40,2.1,40,0.58,116.0,TSMC,PCIe 2.0 x16,2,0.25,https://www.techpowerup.com/gpu-specs/quadro-600.c1318
NVIDIA,Quadro 6000,GF100,Fermi,Quadro Fermi(x000),2010-12-10,574.0,574.0,747.0,6.0,GDDR5,384,143.4,448,,,1.03,,0.51,204,2.0,40,3.1,529.0,TSMC,PCIe 2.0 x16,14,0.75,https://www.techpowerup.com/gpu-specs/quadro-6000.c896
NVIDIA,Quadro FX 380M,GT218S,Tesla 2.0,Quadro FX Mobile(x800M),2010-01-07,606.0,606.0,790.0,0.5,GDDR3,64,12.64,16,,,0.05,,,25,1.2,40,0.26,57.0,TSMC,PCIe 2.0 x16,2,0.032,https://www.techpowerup.com/gpu-specs/quadro-fx-380m.c1395
NVIDIA,Quadro FX 880M,GT216,Tesla 2.0,Quadro FX Mobile(x800M),2010-01-07,550.0,550.0,790.0,1.0,GDDR3,128,25.28,48,,,0.12,,,35,1.2,40,0.49,100.0,TSMC,MXM-A (3.0),6,0.064,https://www.techpowerup.com/gpu-specs/quadro-fx-880m.c1394
NVIDIA,Tegra 2 GPU,Tegra 2,VLIW Vec4,Tegra,2010-06-03,300.0,400.0,333.0,0.25,DDR2,32,2.664,,,,,,,20,,40,,,TSMC,IGP,,,https://www.techpowerup.com/gpu-specs/tegra-2-gpu.c3225
AMD,FirePro M3900,Seymour,TeraScale 2,FirePro Mobile(Mx900),2010-10-19,750.0,750.0,900.0,1.0,GDDR3,64,14.4,160,,,0.24,,,20,,40,0.37,67.0,TSMC,PCIe 2.0 x16,,0.128,https://www.techpowerup.com/gpu-specs/firepro-m3900.c2287
AMD,FirePro RG220,RV711,TeraScale,FirePro Remote,2010-05-04,500.0,500.0,800.0,0.5,GDDR3,256,51.2,80,,,0.08,,,35,,55,0.24,73.0,TSMC,PCIe 2.0 x16,,,https://www.techpowerup.com/gpu-specs/firepro-rg220.c582
AMD,FirePro RG220A,RV711,TeraScale,FirePro Remote,2010-05-04,500.0,500.0,800.0,0.5,GDDR3,256,51.2,80,,,0.08,,,35,,55,0.24,73.0,TSMC,PCIe 2.0 x16,,,https://www.techpowerup.com/gpu-specs/firepro-rg220a.c584
AMD,FireStream 9350,Cypress,TeraScale 2,FireStream,2010-06-01,700.0,700.0,1000.0,2.0,GDDR5,256,128.0,1440,,,2.02,,0.4,150,,40,2.15,334.0,TSMC,PCIe 2.0 x16,,0.5,https://www.techpowerup.com/gpu-specs/firestream-9350.c1184
AMD,FireStream 9370,Cypress,TeraScale 2,FireStream,2010-06-23,825.0,825.0,1150.0,4.0,GDDR5,256,147.2,1600,,,2.64,,0.53,225,,40,2.15,334.0,TSMC,PCIe 2.0 x16,,0.5,https://www.techpowerup.com/gpu-specs/firestream-9370.c1185
AMD,Radeon HD 6250 IGP,Loveland,TeraScale 2,TeraScale 2 IGP(Palm Mobile),2012-10-09,276.0,276.0,,,System Shared,,,80,,,0.04,,,7,,40,0.45,75.0,TSMC,IGP,,,https://www.techpowerup.com/gpu-specs/radeon-hd-6250-igp.c2417
AMD,Radeon HD 6310 IGP,Loveland,TeraScale 2,TeraScale 2 IGP(Palm Mobile),2010-11-09,276.0,276.0,,,System Shared,,,80,,,0.04,,,18,,40,0.45,75.0,TSMC,IGP,,,https://www.techpowerup.com/gpu-specs/radeon-hd-6310-igp.c2284
AMD,Radeon HD 6330M,Robson,TeraScale 2,Vancouver(HD 6300M),2010-11-26,500.0,500.0,800.0,1.0,GDDR3,64,12.8,80,,,0.08,,,7,,40,0.29,59.0,TSMC,PCIe 2.0 x16,,0.128,https://www.techpowerup.com/gpu-specs/radeon-hd-6330m.c337
AMD,Radeon HD 6350M,Robson,TeraScale 2,Vancouver(HD 6300M),2010-11-26,500.0,500.0,800.0,1.0,GDDR3,64,12.8,80,,,0.08,,,7,,40,0.29,59.0,TSMC,PCIe 2.0 x16,,0.128,https://www.techpowerup.com/gpu-specs/radeon-hd-6350m.c336
AMD,Radeon HD 6370M,Robson,TeraScale 2,Vancouver(HD 6300M),2010-11-26,750.0,750.0,800.0,1.0,GDDR3,64,12.8,80,,,0.12,,,11,,40,0.29,59.0,TSMC,PCIe 2.0 x16,,0.128,https://www.techpowerup.com/gpu-specs/radeon-hd-6370m.c335
AMD,Radeon HD 6530M,Capilano,TeraScale 2,Vancouver(HD 6500M),2010-11-26,450.0,450.0,900.0,1.0,DDR3,128,28.8,400,,,0.36,,,26,,40,0.63,104.0,TSMC,MXM-II,,0.25,https://www.techpowerup.com/gpu-specs/radeon-hd-6530m.c330
AMD,Radeon HD 6550M,Lexington,TeraScale 2,Vancouver(HD 6500M),2010-11-26,650.0,650.0,900.0,1.0,DDR3,128,28.8,400,,,0.52,,,26,,40,2.15,334.0,TSMC,MXM-II,,0.25,https://www.techpowerup.com/gpu-specs/radeon-hd-6550m.c3275
AMD,Radeon HD 6570M,Whistler,TeraScale 2,Vancouver(HD 6500M),2011-04-25,600.0,600.0,800.0,1.0,GDDR3,128,25.6,480,,,0.58,,,30,,40,0.72,118.0,TSMC,MXM-A (3.0),,0.25,https://www.techpowerup.com/gpu-specs/radeon-hd-6570m.c2289
AMD,Radeon HD 6850,Barts,TeraScale 2,Northern Islands(HD 6800),2010-10-21,775.0,775.0,1000.0,1.0,GDDR5,256,128.0,960,,,1.49,,,127,,40,1.7,255.0,TSMC,PCIe 2.0 x16,,0.5,https://www.techpowerup.com/gpu-specs/radeon-hd-6850.c255
AMD,Radeon HD 6870,Barts,TeraScale 2,Northern Islands(HD 6800),2010-10-21,900.0,900.0,1050.0,1.0,GDDR5,256,134.4,1120,,,2.02,,,151,,40,1.7,255.0,TSMC,PCIe 2.0 x16,,0.5,https://www.techpowerup.com/gpu-specs/radeon-hd-6870.c256
AMD,Radeon HD 6950,Cayman,TeraScale 3,Northern Islands(HD 6900),2010-12-14,800.0,800.0,1250.0,2.0,GDDR5,256,160.0,1408,,,2.25,,0.56,200,,40,2.64,389.0,TSMC,PCIe 2.0 x16,,0.5,https://www.techpowerup.com/gpu-specs/radeon-hd-6950.c405
AMD,Radeon HD 6970,Cayman,TeraScale 3,Northern Islands(HD 6900),2010-12-14,880.0,880.0,1375.0,2.0,GDDR5,256,176.0,1536,,,2.7,,0.68,250,,40,2.64,389.0,TSMC,PCIe 2.0 x16,,0.5,https://www.techpowerup.com/gpu-specs/radeon-hd-6970.c258
Intel,Aubrey Isle,Knights Ferry,Knights,Knights Ferry,2010-05-31,1200.0,1200.0,1200.0,2.0,GDDR5,256,153.6,512,,,1.23,,,300,,45,2.3,684.0,Intel,PCIe 2.0 x16,,,https://www.techpowerup.com/gpu-specs/aubrey-isle.c1549
Intel,GMA,Cloverview,PowerVR SGX545,GMA Graphics-T(GMA IGP),2010-05-04,533.0,533.0,,,System Shared,,,,,,,,,,,32,,,Intel,PCIe 1.0 x16,,,https://www.techpowerup.com/gpu-specs/gma.c3378
Intel,GMA 600,Lincroft,PowerVR SGX535,GMA Graphics-T(GMA 600 IGP),2010-05-04,400.0,400.0,,,System Shared,,,32,,,0.03,,,,,45,0.14,62.0,Intel,PCIe 1.0 x16,,,https://www.techpowerup.com/gpu-specs/gma-600.c1225
Intel,HD Graphics 12EU,Ironlake,Generation 5.75,HD Graphics(Westmere),2010-01-10,533.0,533.0,,,System Shared,,,96,,,0.1,,,35,,45,0.18,114.0,Intel,QPI,,,https://www.techpowerup.com/gpu-specs/hd-graphics-12eu.c2028
Intel,HD Graphics 16EU Mobile,Ironlake,Generation 5.75,HD Graphics-M(Westmere),2010-01-10,133.0,500.0,,,System Shared,,,96,,,0.1,,,35,,45,0.18,114.0,Intel,QPI,,,https://www.techpowerup.com/gpu-specs/hd-graphics-16eu-mobile.c1241
ATI,FirePro 2460 Multi-View,Cedar,TeraScale 2,FirePro Multi-View(2000),2010-04-01,500.0,500.0,500.0,0.5,DDR3,256,32.0,80,,,0.08,,,17,,40,0.29,59.0,TSMC,PCIe 2.0 x16,,,https://www.techpowerup.com/gpu-specs/firepro-2460-multi-view.c1385
ATI,FirePro M5800,Madison,TeraScale 2,FirePro Mobility(M5xxx),2010-03-01,650.0,650.0,800.0,1.0,GDDR5,128,51.2,400,,,0.52,,,26,,40,0.63,104.0,TSMC,PCIe 2.0 x16,,0.25,https://www.techpowerup.com/gpu-specs/firepro-m5800.c1671
ATI,FirePro M7820,Broadway,TeraScale 2,FirePro Mobility(M7xxx),2010-05-01,700.0,700.0,1000.0,1.0,GDDR5,128,64.0,800,,,1.12,,,50,,40,1.04,166.0,TSMC,PCIe 2.0 x16,,0.25,https://www.techpowerup.com/gpu-specs/firepro-m7820.c1672
ATI,FirePro V3800,Redwood,TeraScale 2,FirePro Terascale(Vx800),2010-04-26,650.0,650.0,900.0,0.5,DDR3,64,14.4,400,,,0.52,,,43,,40,0.63,104.0,TSMC,PCIe 2.0 x16,,0.128,https://www.techpowerup.com/gpu-specs/firepro-v3800.c571
ATI,FirePro V4800,Redwood,TeraScale 2,FirePro Terascale(Vx800),2010-04-26,775.0,775.0,900.0,1.0,GDDR5,128,57.6,400,,,0.62,,,69,,40,0.63,104.0,TSMC,PCIe 2.0 x16,,0.25,https://www.techpowerup.com/gpu-specs/firepro-v4800.c572
ATI,FirePro V5800,Juniper,TeraScale 2,FirePro Terascale(Vx800),2010-04-26,690.0,690.0,1000.0,1.0,GDDR5,128,64.0,800,,,1.1,,,74,,40,1.04,166.0,TSMC,PCIe 2.0 x16,,0.25,https://www.techpowerup.com/gpu-specs/firepro-v5800.c2441
ATI,FirePro V5800 DVI,Juniper,TeraScale 2,FirePro Terascale(Vx800),2010-04-26,690.0,690.0,1000.0,1.0,GDDR5,128,64.0,800,,,1.1,,,74,,40,1.04,166.0,TSMC,PCIe 2.0 x16,,0.25,https://www.techpowerup.com/gpu-specs/firepro-v5800-dvi.c561
ATI,FirePro V7800,Cypress,TeraScale 2,FirePro Terascale(Vx800),2010-04-26,700.0,700.0,1000.0,2.0,GDDR5,256,128.0,1440,,,2.02,,0.4,150,,40,2.15,334.0,TSMC,PCIe 2.0 x16,,0.5,https://www.techpowerup.com/gpu-specs/firepro-v7800.c568
ATI,FirePro V8800,Cypress,TeraScale 2,FirePro Terascale(Vx800),2010-04-07,825.0,825.0,1150.0,2.0,GDDR5,256,147.2,1600,,,2.64,,0.53,208,,40,2.15,334.0,TSMC,PCIe 2.0 x16,,0.5,https://www.techpowerup.com/gpu-specs/firepro-v8800.c570
ATI,FirePro V9800,Cypress,TeraScale 2,FirePro Terascale(Vx800),2010-09-09,850.0,850.0,1150.0,4.0,GDDR5,256,147.2,1600,,,2.72,,0.54,250,,40,2.15,334.0,TSMC,PCIe 2.0 x16,,0.5,https://www.techpowerup.com/gpu-specs/firepro-v9800.c569
ATI,FirePro V9800P,Cypress,TeraScale 2,FirePro Terascale(Vx800),2010-09-09,850.0,850.0,1150.0,4.0,GDDR5,256,147.2,1600,,,2.72,,0.54,225,,40,2.15,334.0,TSMC,PCIe 2.0 x16,,0.5,https://www.techpowerup.com/gpu-specs/firepro-v9800p.c1875
ATI,Mobility Radeon HD 4225 IGP,RS880,TeraScale,TeraScale IGP(Mobility HD 4000),2010-05-01,380.0,380.0,,,System Shared,,,40,,,0.03,,,9,,55,0.18,67.0,,PCIe 1.0 x16,,,https://www.techpowerup.com/gpu-specs/mobility-radeon-hd-4225-igp.c1219
ATI,Mobility Radeon HD 4250 IGP,RS880,TeraScale,TeraScale IGP(Mobility HD 4000),2010-05-01,500.0,560.0,,,System Shared,,,40,,,0.04,,,,,55,0.18,67.0,,PCI,,,https://www.techpowerup.com/gpu-specs/mobility-radeon-hd-4250-igp.c1656
ATI,Mobility Radeon HD 4270 IGP,RS880,TeraScale,TeraScale IGP(Mobility HD 4000),2010-05-01,590.0,590.0,,,System Shared,,,40,,,0.05,,,,,55,0.18,67.0,,PCIe 1.0 x16,,,https://www.techpowerup.com/gpu-specs/mobility-radeon-hd-4270-igp.c1220
ATI,Mobility Radeon HD 4550,M93,TeraScale,M9x(Mobility HD 4500),2010-01-01,550.0,550.0,700.0,0.5,GDDR3,64,11.2,80,,,0.09,,,,,55,0.24,73.0,TSMC,MXM-II,,0.064,https://www.techpowerup.com/gpu-specs/mobility-radeon-hd-4550.c1629
ATI,Mobility Radeon HD 5145,M92,TeraScale,M9x(Mobility HD 5100),2010-01-07,720.0,720.0,900.0,0.5,GDDR3,64,14.4,80,,,0.12,,,15,,55,0.24,73.0,TSMC,PCIe 2.0 x16,,0.064,https://www.techpowerup.com/gpu-specs/mobility-radeon-hd-5145.c1640
ATI,Mobility Radeon HD 5165,M96,TeraScale,M9x(Mobility HD 5100),2010-01-07,600.0,600.0,800.0,1.0,GDDR3,128,25.6,320,,,0.38,,,35,,55,0.51,146.0,TSMC,PCIe 2.0 x16,,0.128,https://www.techpowerup.com/gpu-specs/mobility-radeon-hd-5165.c1641
ATI,Mobility Radeon HD 530v,M93,TeraScale,M9x(Mobility HD 500v),2010-05-05,450.0,450.0,600.0,0.5,GDDR3,64,9.6,80,,,0.07,,,10,,55,0.24,73.0,TSMC,MXM-A (3.0),,0.064,https://www.techpowerup.com/gpu-specs/mobility-radeon-hd-530v.c1727
ATI,Mobility Radeon HD 540v,M93,TeraScale,M9x(Mobility HD 500v),2010-05-05,550.0,550.0,800.0,0.5,GDDR3,64,12.8,80,,,0.09,,,15,,55,0.24,73.0,TSMC,MXM-A (3.0),,0.064,https://www.techpowerup.com/gpu-specs/mobility-radeon-hd-540v.c4003
ATI,Mobility Radeon HD 5430,Park,TeraScale 2,Manhattan(Mobility HD 5400),2010-01-07,500.0,500.0,800.0,1.0,GDDR3,64,12.8,80,,,0.08,,,7,,40,0.29,59.0,TSMC,PCIe 2.0 x16,,0.128,https://www.techpowerup.com/gpu-specs/mobility-radeon-hd-5430.c1642
ATI,Mobility Radeon HD 5450,Park,TeraScale 2,Manhattan(Mobility HD 5400),2010-01-07,675.0,675.0,800.0,1.0,GDDR3,64,12.8,80,,,0.11,,,11,,40,0.29,59.0,TSMC,PCIe 2.0 x16,,0.128,https://www.techpowerup.com/gpu-specs/mobility-radeon-hd-5450.c1644
ATI,Mobility Radeon HD 545v,M92,TeraScale,M9x(Mobility HD 500v),2010-05-05,720.0,720.0,800.0,0.5,GDDR3,64,12.8,80,,,0.12,,,15,,55,0.24,73.0,TSMC,MXM-A (3.0),,0.064,https://www.techpowerup.com/gpu-specs/mobility-radeon-hd-545v.c1728
ATI,Mobility Radeon HD 5470,Park,TeraScale 2,Manhattan(Mobility HD 5400),2010-01-07,750.0,750.0,800.0,0.5,GDDR5,64,25.6,80,,,0.12,,,15,,40,0.29,59.0,TSMC,PCIe 2.0 x16,,0.128,https://www.techpowerup.com/gpu-specs/mobility-radeon-hd-5470.c1646
ATI,Mobility Radeon HD 550v,M96,TeraScale,M9x(Mobility HD 500v),2010-05-05,450.0,450.0,600.0,1.0,GDDR3,128,19.2,320,,,0.29,,,10,,55,0.51,146.0,TSMC,PCIe 2.0 x16,,0.128,https://www.techpowerup.com/gpu-specs/mobility-radeon-hd-550v.c1729
ATI,Mobility Radeon HD 560v,M96,TeraScale,M9x(Mobility HD 500v),2010-05-05,550.0,550.0,700.0,1.0,GDDR3,128,22.4,320,,,0.35,,,15,,55,0.51,146.0,TSMC,PCIe 2.0 x16,,0.128,https://www.techpowerup.com/gpu-specs/mobility-radeon-hd-560v.c1730
ATI,Mobility Radeon HD 5650,Madison,TeraScale 2,Manhattan(Mobility HD 5600),2010-01-07,450.0,450.0,800.0,1.0,GDDR3,128,25.6,400,,,0.36,,,15,,40,0.63,104.0,TSMC,PCIe 2.0 x16,,0.25,https://www.techpowerup.com/gpu-specs/mobility-radeon-hd-5650.c1647
ATI,Mobility Radeon HD 565v,M96,TeraScale,M9x(Mobility HD 500v),2010-05-05,675.0,675.0,800.0,1.0,GDDR3,128,25.6,320,,,0.43,,,20,,55,0.51,146.0,TSMC,PCIe 2.0 x16,,0.128,https://www.techpowerup.com/gpu-specs/mobility-radeon-hd-565v.c1731
ATI,Mobility Radeon HD 5670 Mac Edition,Madison,TeraScale 2,Manhattan(Mobility HD 5600),2010-04-22,650.0,650.0,795.0,0.5,GDDR3,128,25.44,400,,,0.52,,,15,,40,0.63,104.0,TSMC,PCIe 2.0 x16,,0.25,https://www.techpowerup.com/gpu-specs/mobility-radeon-hd-5670-mac-edition.c2247
ATI,Mobility Radeon HD 5730,Madison,TeraScale 2,Manhattan(Mobility HD 5700),2010-01-07,650.0,650.0,800.0,1.0,GDDR3,128,25.6,400,,,0.52,,,26,,40,0.63,104.0,TSMC,PCIe 2.0 x16,,0.25,https://www.techpowerup.com/gpu-specs/mobility-radeon-hd-5730.c1649
ATI,Mobility Radeon HD 5750,Madison,TeraScale 2,Manhattan(Mobility HD 5700),2010-01-07,550.0,550.0,800.0,1.0,GDDR5,128,51.2,400,,,0.44,,,25,,40,0.63,104.0,TSMC,PCIe 2.0 x16,,0.25,https://www.techpowerup.com/gpu-specs/mobility-radeon-hd-5750.c1650
ATI,Mobility Radeon HD 5770,Madison,TeraScale 2,Manhattan(Mobility HD 5700),2010-01-07,650.0,650.0,800.0,1.0,GDDR5,128,51.2,400,,,0.52,,,30,,40,0.63,104.0,TSMC,PCIe 2.0 x16,,0.25,https://www.techpowerup.com/gpu-specs/mobility-radeon-hd-5770.c1651
ATI,Mobility Radeon HD 5830,Broadway,TeraScale 2,Manhattan(Mobility HD 5800),2010-01-07,500.0,500.0,800.0,1.0,GDDR3,128,25.6,800,,,0.8,,,24,,40,1.04,166.0,TSMC,PCIe 2.0 x16,,0.25,https://www.techpowerup.com/gpu-specs/mobility-radeon-hd-5830.c1652
ATI,Mobility Radeon HD 5850,Broadway,TeraScale 2,Manhattan(Mobility HD 5800),2010-01-07,500.0,500.0,1000.0,1.0,GDDR5,128,64.0,800,,,0.8,,,30,,40,1.04,166.0,TSMC,PCIe 2.0 x16,,0.25,https://www.techpowerup.com/gpu-specs/mobility-radeon-hd-5850.c1654
ATI,Mobility Radeon HD 5850 Mac Edition,Broadway,TeraScale 2,Manhattan(Mobility HD 5800),2010-01-07,628.0,628.0,1000.0,1.0,GDDR5,128,64.0,800,,,1.0,,,30,,40,1.04,166.0,TSMC,MXM-B (3.0),,0.25,https://www.techpowerup.com/gpu-specs/mobility-radeon-hd-5850-mac-edition.c2212
ATI,Mobility Radeon HD 5870,Broadway,TeraScale 2,Manhattan(Mobility HD 5800),2010-01-07,700.0,700.0,1000.0,1.0,GDDR5,128,64.0,800,,,1.12,,,50,,40,1.04,166.0,TSMC,MXM-B (3.0),,0.25,https://www.techpowerup.com/gpu-specs/mobility-radeon-hd-5870.c338
ATI,Radeon HD 3570,RV620,TeraScale,Radeon R600(HD 3500),2010-07-05,796.0,796.0,495.0,0.5,DDR2,64,7.92,40,,,0.06,,,30,,55,0.18,67.0,TSMC,PCIe 2.0 x16,,0.064,https://www.techpowerup.com/gpu-specs/radeon-hd-3570.c2077
ATI,Radeon HD 4250 IGP,RS880,TeraScale,TeraScale IGP(HD 4000),2010-03-01,560.0,560.0,,,System Shared,,,40,,,0.04,,,,,55,0.18,67.0,,PCIe 1.0 x16,,,https://www.techpowerup.com/gpu-specs/radeon-hd-4250-igp.c484
ATI,Radeon HD 4290 IGP,RS880,TeraScale,TeraScale IGP(HD 4000),2010-03-01,500.0,500.0,,,System Shared,,,40,,,0.04,,,,,55,0.18,67.0,,PCIe 1.0 x16,,,https://www.techpowerup.com/gpu-specs/radeon-hd-4290-igp.c485
ATI,Radeon HD 4700,RV730,TeraScale,Radeon R700(HD 4700),2010-02-11,600.0,600.0,400.0,0.5,DDR2,128,12.8,320,,,0.38,,,50,,55,0.51,146.0,TSMC,PCIe 2.0 x16,,0.128,https://www.techpowerup.com/gpu-specs/radeon-hd-4700.c2081
ATI,Radeon HD 4855,RV770,TeraScale,Radeon R700(HD 4800),2010-01-03,575.0,575.0,900.0,0.5,GDDR5,256,115.2,640,,,0.74,,0.15,110,,55,0.96,256.0,TSMC,PCIe 2.0 x16,,0.25,https://www.techpowerup.com/gpu-specs/radeon-hd-4855.c2324
ATI,Radeon HD 5450,Cedar,TeraScale 2,Evergreen(HD 5400),2010-02-04,650.0,650.0,400.0,0.5,DDR2,64,6.4,80,,,0.1,,,19,,40,0.29,59.0,TSMC,PCIe 2.0 x16,,0.128,https://www.techpowerup.com/gpu-specs/radeon-hd-5450.c503
ATI,Radeon HD 5450 PCI,Cedar,TeraScale 2,Evergreen(HD 5400),2010-02-04,650.0,650.0,333.0,0.5,DDR2,64,5.328,80,,,0.1,,,19,,40,0.29,59.0,TSMC,PCI,,0.128,https://www.techpowerup.com/gpu-specs/radeon-hd-5450-pci.c1937
ATI,Radeon HD 5450 PCIe x1,Cedar,TeraScale 2,Evergreen(HD 5400),2010-02-04,650.0,650.0,500.0,0.5,DDR3,64,8.0,80,,,0.1,,,19,,40,0.29,59.0,TSMC,PCIe 2.0 x1,,0.128,https://www.techpowerup.com/gpu-specs/radeon-hd-5450-pcie-x1.c920
ATI,Radeon HD 5550,Redwood,TeraScale 2,Evergreen(HD 5500),2010-02-09,550.0,550.0,800.0,0.5,GDDR5,128,51.2,320,,,0.35,,,39,,40,0.63,104.0,TSMC,PCIe 2.0 x16,,0.25,https://www.techpowerup.com/gpu-specs/radeon-hd-5550.c1034
ATI,Radeon HD 5570,Turks,TeraScale 2,Evergreen(HD 5500),2011-10-11,650.0,650.0,500.0,1.0,GDDR3,128,16.0,320,,,0.42,,,39,,40,0.72,118.0,TSMC,PCIe 2.0 x16,,0.25,https://www.techpowerup.com/gpu-specs/radeon-hd-5570.c2216
ATI,Radeon HD 5570 OEM,Redwood,TeraScale 2,Evergreen(HD 5500),2010-02-09,550.0,550.0,667.0,1.0,GDDR3,128,21.34,320,,,0.35,,,39,,40,0.63,104.0,TSMC,PCIe 2.0 x16,,0.25,https://www.techpowerup.com/gpu-specs/radeon-hd-5570-oem.c2450
ATI,Radeon HD 5670,Redwood,TeraScale 2,Evergreen(HD 5600),2010-01-14,775.0,775.0,1000.0,1.0,GDDR5,128,64.0,400,,,0.62,,,64,,40,0.63,104.0,TSMC,PCIe 2.0 x16,,0.25,https://www.techpowerup.com/gpu-specs/radeon-hd-5670.c248
ATI,Radeon HD 5670 640SP Edition,Juniper,TeraScale 2,Evergreen(HD 5600),2010-07-18,750.0,750.0,1000.0,0.5,GDDR5,128,64.0,640,,,0.96,,,64,,40,1.04,166.0,TSMC,PCIe 2.0 x16,,0.25,https://www.techpowerup.com/gpu-specs/radeon-hd-5670-640sp-edition.c2215
ATI,Radeon HD 5770 Mac Edition,Juniper,TeraScale 2,Evergreen(HD 5700),2010-07-04,850.0,850.0,1195.0,1.0,GDDR5,128,76.48,800,,,1.36,,,108,,40,1.04,166.0,TSMC,PCIe 2.0 x16,,0.25,https://www.techpowerup.com/gpu-specs/radeon-hd-5770-mac-edition.c2234
ATI,Radeon HD 5770 X2,Juniper,TeraScale 2,Evergreen(HD 5700),2010-10-13,850.0,850.0,1200.0,1.0,GDDR5,128,76.8,800,,,1.36,,,,,40,1.04,166.0,TSMC,PCIe 2.0 x16,,0.25,https://www.techpowerup.com/gpu-specs/radeon-hd-5770-x2.c1187
ATI,Radeon HD 5830,Cypress,TeraScale 2,Evergreen(HD 5800),2010-02-25,800.0,800.0,1000.0,1.0,GDDR5,256,128.0,1120,,,1.79,,0.36,175,,40,2.15,334.0,TSMC,PCIe 2.0 x16,,0.5,https://www.techpowerup.com/gpu-specs/radeon-hd-5830.c251
ATI,Radeon HD 5870 Eyefinity 6,Cypress,TeraScale 2,Evergreen(HD 5800),2010-03-11,850.0,850.0,1200.0,2.0,GDDR5,256,153.6,1600,,,2.72,,0.54,228,,40,2.15,334.0,TSMC,PCIe 2.0 x16,,0.5,https://www.techpowerup.com/gpu-specs/radeon-hd-5870-eyefinity-6.c497
ATI,Radeon HD 5870 Mac Edition,Cypress,TeraScale 2,Evergreen(HD 5800),2010-06-30,850.0,850.0,1195.0,1.0,GDDR5,256,153.0,1600,,,2.72,,0.54,228,,40,2.15,334.0,TSMC,PCIe 2.0 x16,,0.5,https://www.techpowerup.com/gpu-specs/radeon-hd-5870-mac-edition.c2189
ATI,Xbox 360 S GPU,Xenos Vejle,TeraScale,Console GPU(Microsoft),2010-06-19,500.0,500.0,700.0,0.5,GDDR3,128,22.4,240,,,0.24,,,133,,45,0.37,168.0,TSMC,,,,https://www.techpowerup.com/gpu-specs/xbox-360-s-gpu.c3509
NVIDIA,GeForce 315M,GT218,Tesla 2.0,GeForce 300M,2011-01-05,606.0,606.0,790.0,0.5,GDDR3,64,12.64,16,,,0.04,,,14,1.2,40,0.26,57.0,TSMC,PCIe 2.0 x16,2,0.032,https://www.techpowerup.com/gpu-specs/geforce-315m.c1483
NVIDIA,GeForce 405M,GT218,Tesla 2.0,GeForce 400M,2011-01-05,606.0,606.0,790.0,1.0,GDDR3,64,12.64,16,,,0.05,,,14,1.2,40,0.26,57.0,TSMC,PCIe 2.0 x16,2,0.032,https://www.techpowerup.com/gpu-specs/geforce-405m.c1484
NVIDIA,GeForce 410M,GF119S,Fermi 2.0,GeForce 400M,2011-01-05,574.0,574.0,800.0,1.0,DDR3,64,12.8,48,,,0.11,,0.01,12,2.1,40,0.29,79.0,TSMC,PCIe 2.0 x16,1,0.128,https://www.techpowerup.com/gpu-specs/geforce-410m.c1485
NVIDIA,GeForce 510 OEM,GF119S,Fermi 2.0,GeForce 500,2011-09-29,523.0,523.0,898.0,1.0,DDR3,64,14.37,48,,,0.1,,0.01,25,2.1,40,0.29,79.0,TSMC,PCIe 2.0 x16,1,0.128,https://www.techpowerup.com/gpu-specs/geforce-510-oem.c360
NVIDIA,GeForce 610,GF119S,Fermi 2.0,GeForce 600A,2011-12-01,738.0,738.0,900.0,1.0,DDR3,64,14.4,48,,,0.14,,0.01,12,2.1,40,0.29,79.0,TSMC,PCIe 2.0 x16,1,0.128,https://www.techpowerup.com/gpu-specs/geforce-610.c2380
NVIDIA,GeForce 610M,GF119,Fermi 2.0,GeForce 600M,2011-12-01,475.0,475.0,800.0,1.0,DDR3,64,12.8,48,,,0.09,,0.01,12,2.1,40,0.29,79.0,TSMC,PCIe 2.0 x16,1,0.128,https://www.techpowerup.com/gpu-specs/geforce-610m.c355
NVIDIA,GeForce 9300 GS Rev. 2,GT218S,Tesla 2.0,GeForce 9(9300),2011-03-12,589.0,589.0,333.0,0.25,DDR2,64,5.328,16,,,0.04,,,,1.2,40,0.26,57.0,TSMC,PCIe 2.0 x16,2,0.032,https://www.techpowerup.com/gpu-specs/geforce-9300-gs-rev-2.c2022
NVIDIA,GeForce GT 440,GF108,Fermi,GeForce 400,2011-02-01,810.0,810.0,900.0,1.0,DDR3,128,28.8,96,,,0.31,,0.03,65,2.1,40,0.58,116.0,TSMC,PCIe 2.0 x16,2,0.25,https://www.techpowerup.com/gpu-specs/geforce-gt-440.c600
NVIDIA,GeForce GT 440 Mac Edition,GF108,Fermi,GeForce 400,2011-02-09,810.0,810.0,667.0,1.0,DDR3,128,21.34,96,,,0.31,,0.03,65,2.1,40,0.58,116.0,TSMC,PCIe 1.0 x16,2,0.25,https://www.techpowerup.com/gpu-specs/geforce-gt-440-mac-edition.c2256
NVIDIA,GeForce GT 520,GF119S,Fermi 2.0,GeForce 500,2011-04-13,810.0,810.0,900.0,1.0,DDR3,64,14.4,48,,,0.16,,0.01,29,2.1,40,0.29,79.0,TSMC,PCIe 2.0 x16,1,0.128,https://www.techpowerup.com/gpu-specs/geforce-gt-520.c285
NVIDIA,GeForce GT 520 PCI,GF119S,Fermi 2.0,GeForce 500,2011-04-13,810.0,810.0,900.0,1.0,DDR3,64,14.4,48,,,0.16,,0.01,29,2.1,40,0.29,79.0,TSMC,PCI,1,0.128,https://www.techpowerup.com/gpu-specs/geforce-gt-520-pci.c913
NVIDIA,GeForce GT 520 PCIe x1,GF119S,Fermi 2.0,GeForce 500,2011-04-13,810.0,810.0,900.0,1.0,DDR3,64,14.4,48,,,0.16,,0.01,29,2.1,40,0.29,79.0,TSMC,PCIe 2.0 x1,1,0.128,https://www.techpowerup.com/gpu-specs/geforce-gt-520-pcie-x1.c912
NVIDIA,GeForce GT 520M,GF108,Fermi,GeForce 500M,2011-01-05,600.0,600.0,900.0,1.0,DDR3,64,14.4,48,,,0.12,,0.01,12,2.1,40,0.58,116.0,TSMC,PCIe 2.0 x16,1,0.128,https://www.techpowerup.com/gpu-specs/geforce-gt-520m.c3997
NVIDIA,GeForce GT 520MX,GF119,Fermi 2.0,GeForce 500M,2011-05-30,900.0,900.0,900.0,1.0,DDR3,64,14.4,48,,,0.17,,0.01,20,2.1,40,0.29,79.0,TSMC,PCIe 2.0 x16,1,0.128,https://www.techpowerup.com/gpu-specs/geforce-gt-520mx.c1489
NVIDIA,GeForce GT 525M,GF108,Fermi,GeForce 500M,2011-01-05,600.0,600.0,900.0,1.0,DDR3,128,28.8,96,,,0.23,,0.02,23,2.1,40,0.58,116.0,TSMC,PCIe 2.0 x16,2,0.25,https://www.techpowerup.com/gpu-specs/geforce-gt-525m.c1490
NVIDIA,GeForce GT 530 OEM,GF108,Fermi,GeForce 500,2011-05-14,700.0,700.0,900.0,1.0,DDR3,128,28.8,96,,,0.27,,0.02,50,2.1,40,0.58,116.0,TSMC,PCIe 2.0 x16,2,0.25,https://www.techpowerup.com/gpu-specs/geforce-gt-530-oem.c630
NVIDIA,GeForce GT 540M,GF108,Fermi,GeForce 500M,2011-01-05,672.0,672.0,900.0,1.0,DDR3,128,28.8,96,,,0.26,,0.02,35,2.1,40,0.58,116.0,TSMC,MXM-A (3.0),2,0.25,https://www.techpowerup.com/gpu-specs/geforce-gt-540m.c702
NVIDIA,GeForce GT 545,GF116,Fermi 2.0,GeForce 500,2011-05-14,720.0,720.0,800.0,1.5,DDR3,192,38.4,144,,,0.41,,0.03,70,2.1,40,1.17,238.0,TSMC,PCIe 2.0 x16,3,0.384,https://www.techpowerup.com/gpu-specs/geforce-gt-545.c627
NVIDIA,GeForce GT 545 OEM,GF116,Fermi 2.0,GeForce 500,2011-05-14,871.0,871.0,1000.0,1.0,GDDR5,128,64.0,144,,,0.5,,0.04,105,2.1,40,1.17,238.0,TSMC,PCIe 2.0 x16,3,0.25,https://www.techpowerup.com/gpu-specs/geforce-gt-545-oem.c626
NVIDIA,GeForce GT 550M,GF116,Fermi 2.0,GeForce 500M,2012-03-26,475.0,475.0,900.0,1.0,DDR3,128,28.8,144,,,0.27,,0.02,35,2.1,40,1.17,238.0,TSMC,PCIe 2.0 x16,2,0.25,https://www.techpowerup.com/gpu-specs/geforce-gt-550m.c3999
NVIDIA,GeForce GT 555M,GF106,Fermi,GeForce 500M,2011-07-02,590.0,590.0,900.0,1.0,DDR3,128,28.8,144,,,0.34,,0.03,35,2.1,40,1.17,238.0,TSMC,PCIe 2.0 x16,3,0.25,https://www.techpowerup.com/gpu-specs/geforce-gt-555m.c2225
NVIDIA,GeForce GT 555M 3 GB,GF116S,Fermi 2.0,GeForce 500M,2012-03-26,590.0,590.0,900.0,3.0,DDR3,192,43.2,144,,,0.34,,0.03,35,2.1,40,1.17,238.0,TSMC,PCIe 2.0 x16,2,0.25,https://www.techpowerup.com/gpu-specs/geforce-gt-555m-3-gb.c4001
NVIDIA,GeForce GTS 450 Rev. 2,GF116,Fermi 2.0,GeForce 400,2011-03-15,783.0,783.0,902.0,1.0,GDDR5,128,57.73,192,,,0.6,,0.05,106,2.1,40,1.17,238.0,TSMC,PCIe 2.0 x16,4,0.25,https://www.techpowerup.com/gpu-specs/geforce-gts-450-rev-2.c595
NVIDIA,GeForce GTX 460 v2,GF114,Fermi 2.0,GeForce 400,2011-09-24,779.0,779.0,1002.0,1.0,GDDR5,192,96.19,336,,,1.05,,0.09,160,2.1,40,1.95,332.0,TSMC,PCIe 2.0 x16,7,0.384,https://www.techpowerup.com/gpu-specs/geforce-gtx-460-v2.c356
NVIDIA,GeForce GTX 460 v2 ES,GF114,Fermi 2.0,GeForce 400,2011-09-24,779.0,779.0,1002.0,1.25,GDDR5,256,128.3,336,,,1.05,,0.09,160,2.1,40,1.95,332.0,TSMC,PCIe 2.0 x16,7,0.5,https://www.techpowerup.com/gpu-specs/geforce-gtx-460-v2-es.c3359
NVIDIA,GeForce GTX 460 X2,GF104,Fermi,GeForce 400,2011-03-11,701.0,701.0,900.0,1.0,GDDR5,256,115.2,336,,,0.94,,0.08,160,2.1,40,1.95,332.0,TSMC,PCIe 2.0 x16,7,0.5,https://www.techpowerup.com/gpu-specs/geforce-gtx-460-x2.c1928
NVIDIA,GeForce GTX 485M,GF104,Fermi,GeForce 400M,2011-01-05,575.0,575.0,750.0,2.0,GDDR5,256,96.0,384,,,0.88,,0.07,100,2.1,40,1.95,332.0,TSMC,MXM-B (3.0),8,0.5,https://www.techpowerup.com/gpu-specs/geforce-gtx-485m.c390
NVIDIA,GeForce GTX 550 Ti,GF116,Fermi 2.0,GeForce 500,2011-03-15,900.0,900.0,1026.0,1.0,GDDR5,192,98.5,192,,,0.69,,0.06,116,2.1,40,1.17,238.0,TSMC,PCIe 2.0 x16,4,0.384,https://www.techpowerup.com/gpu-specs/geforce-gtx-550-ti.c274
NVIDIA,GeForce GTX 555 OEM,GF114,Fermi 2.0,GeForce 500,2011-05-14,736.0,736.0,957.0,1.0,GDDR5,192,91.87,288,,,0.85,,0.07,150,2.1,40,1.95,332.0,TSMC,PCIe 2.0 x16,6,0.384,https://www.techpowerup.com/gpu-specs/geforce-gtx-555-oem.c882
NVIDIA,GeForce GTX 560,GF114,Fermi 2.0,GeForce 500,2011-05-17,810.0,810.0,1000.0,1.0,GDDR5,256,128.0,336,,,1.09,,0.09,150,2.1,40,1.95,332.0,TSMC,PCIe 2.0 x16,7,0.5,https://www.techpowerup.com/gpu-specs/geforce-gtx-560.c287
NVIDIA,GeForce GTX 560 OEM,GF110,Fermi 2.0,GeForce 500,2011-11-29,552.0,552.0,802.0,1.25,GDDR5,320,128.3,384,,,0.85,,0.11,150,2.0,40,3.0,520.0,TSMC,PCIe 2.0 x16,12,0.64,https://www.techpowerup.com/gpu-specs/geforce-gtx-560-oem.c891
NVIDIA,GeForce GTX 560 Ti,GF114,Fermi 2.0,GeForce 500,2011-01-25,823.0,823.0,1002.0,1.0,GDDR5,256,128.3,384,,,1.26,,0.11,170,2.1,40,1.95,332.0,TSMC,PCIe 2.0 x16,8,0.5,https://www.techpowerup.com/gpu-specs/geforce-gtx-560-ti.c273
NVIDIA,GeForce GTX 560 Ti 448,GF110,Fermi 2.0,GeForce 500,2011-11-29,732.0,732.0,950.0,1.25,GDDR5,320,152.0,448,,,1.31,,0.16,210,2.0,40,3.0,520.0,TSMC,PCIe 2.0 x16,14,0.64,https://www.techpowerup.com/gpu-specs/geforce-gtx-560-ti-448.c289
NVIDIA,GeForce GTX 560 Ti OEM,GF114,Fermi 2.0,GeForce 500,2011-03-08,823.0,823.0,1002.0,1.0,GDDR5,256,128.3,384,,,1.26,,0.11,170,2.1,40,1.95,332.0,TSMC,PCIe 2.0 x16,8,0.5,https://www.techpowerup.com/gpu-specs/geforce-gtx-560-ti-oem.c2434
NVIDIA,GeForce GTX 560 Ti X2,GF114,Fermi 2.0,GeForce 500,2011-01-25,850.0,850.0,1002.0,1.0,GDDR5,256,128.3,384,,,1.31,,0.11,170,2.1,40,1.95,332.0,TSMC,PCIe 2.0 x16,8,0.5,https://www.techpowerup.com/gpu-specs/geforce-gtx-560-ti-x2.c1927
NVIDIA,GeForce GTX 560M,GF116,Fermi 2.0,GeForce 500M,2011-05-30,775.0,775.0,625.0,1.5,GDDR5,192,60.0,192,,,0.6,,0.05,75,2.1,40,1.17,238.0,TSMC,MXM-B (3.0),4,0.384,https://www.techpowerup.com/gpu-specs/geforce-gtx-560m.c936
NVIDIA,GeForce GTX 570M,GF114,Fermi 2.0,GeForce 500M,2011-06-28,575.0,575.0,750.0,1.5,GDDR5,192,72.0,336,,,0.77,,0.06,75,2.1,40,1.95,332.0,TSMC,MXM-B (3.0),7,0.384,https://www.techpowerup.com/gpu-specs/geforce-gtx-570m.c1495
NVIDIA,GeForce GTX 580 Rev. 2,GF110,Fermi 2.0,GeForce 500,2011-06-06,772.0,772.0,1002.0,1.5,GDDR5,384,192.4,512,,,1.58,,0.2,244,2.0,40,3.0,520.0,TSMC,PCIe 2.0 x16,16,0.75,https://www.techpowerup.com/gpu-specs/geforce-gtx-580-rev-2.c3009
NVIDIA,GeForce GTX 580M,GF114,Fermi 2.0,GeForce 500M,2011-06-28,620.0,620.0,750.0,2.0,GDDR5,256,96.0,384,,,0.95,,0.08,100,2.1,40,1.95,332.0,TSMC,MXM-B (3.0),8,0.5,https://www.techpowerup.com/gpu-specs/geforce-gtx-580m.c940
NVIDIA,GeForce GTX 590,GF110,Fermi 2.0,GeForce 500,2011-03-24,608.0,608.0,854.0,1.5,GDDR5,384,164.0,512,,,1.24,,0.16,365,2.0,40,3.0,520.0,TSMC,PCIe 2.0 x16,16,0.75,https://www.techpowerup.com/gpu-specs/geforce-gtx-590.c281
NVIDIA,NVS 300,GT218S,Tesla 2.0,NVS,2011-01-08,520.0,520.0,790.0,0.5,DDR3,64,12.64,16,,,0.04,,,18,1.2,40,0.26,57.0,TSMC,PCIe 2.0 x16,2,0.032,https://www.techpowerup.com/gpu-specs/nvs-300.c1452
NVIDIA,NVS 4200M,GF119S,Fermi 2.0,NVS Mobile(x200M),2011-02-22,810.0,810.0,800.0,1.0,DDR3,64,12.8,48,,,0.16,,0.01,25,2.1,40,0.29,79.0,TSMC,MXM,1,0.128,https://www.techpowerup.com/gpu-specs/nvs-4200m.c1741
NVIDIA,Quadro 1000M,GF108,Fermi,Quadro Fermi-M(x000M),2011-01-13,700.0,700.0,900.0,2.0,DDR3,128,28.8,96,,,0.27,,0.02,45,2.1,40,0.58,116.0,TSMC,MXM-A (3.0),4,0.25,https://www.techpowerup.com/gpu-specs/quadro-1000m.c1431
NVIDIA,Quadro 2000D,GF106,Fermi,Quadro Fermi(x000),2011-10-05,625.0,625.0,650.0,1.0,GDDR5,128,41.6,192,,,0.48,,0.04,62,2.1,40,1.17,238.0,TSMC,PCIe 2.0 x16,4,0.25,https://www.techpowerup.com/gpu-specs/quadro-2000d.c901
NVIDIA,Quadro 2000M,GF106,Fermi,Quadro Fermi-M(x000M),2011-01-13,550.0,550.0,900.0,2.0,DDR3,128,28.8,192,,,0.42,,0.04,55,2.1,40,1.17,238.0,TSMC,MXM-A (3.0),4,0.25,https://www.techpowerup.com/gpu-specs/quadro-2000m.c1430
NVIDIA,Quadro 3000M,GF104,Fermi,Quadro Fermi-M(x000M),2011-02-22,450.0,450.0,625.0,2.0,GDDR5,256,80.0,240,,,0.43,,0.04,75,2.1,40,1.95,332.0,TSMC,MXM-B (3.0),5,0.5,https://www.techpowerup.com/gpu-specs/quadro-3000m.c1429
NVIDIA,Quadro 3000M X2,EXMF104,Fermi,Quadro Fermi-M(x000M),2011-02-22,450.0,450.0,625.0,2.0,GDDR5,256,80.0,240,,,0.43,,0.04,150,2.1,40,1.95,332.0,TSMC,MXM-B (3.0),5,0.5,https://www.techpowerup.com/gpu-specs/quadro-3000m-x2.c4124
NVIDIA,Quadro 400,GT216,Tesla 2.0,Quadro Fermi(x000),2011-04-05,450.0,450.0,770.0,0.5,DDR3,64,12.32,48,,,0.11,,,32,1.2,40,0.49,100.0,TSMC,PCIe 2.0 x16,6,0.032,https://www.techpowerup.com/gpu-specs/quadro-400.c1317
NVIDIA,Quadro 4000 Mac Edition,GF100,Fermi,Quadro Fermi(x000),2011-06-12,475.0,475.0,702.0,1.75,GDDR5,256,89.86,256,,,0.49,,0.24,142,2.0,40,3.1,529.0,TSMC,PCIe 2.0 x16,8,0.5,https://www.techpowerup.com/gpu-specs/quadro-4000-mac-edition.c899
NVIDIA,Quadro 4000M,GF104,Fermi,Quadro Fermi-M(x000M),2011-02-22,475.0,475.0,625.0,2.0,GDDR5,256,80.0,336,,,0.64,,0.05,100,2.1,40,1.95,332.0,TSMC,MXM-B (3.0),7,0.5,https://www.techpowerup.com/gpu-specs/quadro-4000m.c1428
NVIDIA,Quadro 5000,GF100,Fermi,Quadro Fermi(x000),2011-02-23,513.0,513.0,750.0,2.5,GDDR5,320,120.0,352,,,0.72,,0.36,152,2.0,40,3.1,529.0,TSMC,PCIe 2.0 x16,11,0.64,https://www.techpowerup.com/gpu-specs/quadro-5000.c897
NVIDIA,Quadro 5000 SDI,GF100,Fermi,Quadro Fermi(x000),2011-02-23,513.0,513.0,750.0,2.5,GDDR5,320,120.0,352,,,0.72,,0.36,172,2.0,40,3.1,529.0,TSMC,PCIe 2.0 x16,11,0.64,https://www.techpowerup.com/gpu-specs/quadro-5000-sdi.c2438
NVIDIA,Quadro 500M,GF108,Fermi,Quadro Fermi-M(x000M),2011-02-22,560.0,560.0,800.0,1.0,DDR3,128,25.6,96,,,0.21,,0.02,35,2.1,40,0.58,116.0,TSMC,MXM-A (3.0),2,0.25,https://www.techpowerup.com/gpu-specs/quadro-500m.c1432
NVIDIA,Quadro 5010M,GF110,Fermi 2.0,Quadro Fermi-M(x000M),2011-02-22,450.0,450.0,650.0,4.0,GDDR5,256,83.2,384,,,0.69,,,100,2.0,40,3.0,520.0,TSMC,MXM-B (3.0),12,0.5,https://www.techpowerup.com/gpu-specs/quadro-5010m.c1427
NVIDIA,Quadro 6000 SDI,GF100,Fermi,Quadro Fermi(x000),2011-07-25,574.0,574.0,747.0,6.0,GDDR5,384,143.4,448,,,1.03,,0.51,231,2.0,40,3.1,529.0,TSMC,PCIe 2.0 x16,14,0.75,https://www.techpowerup.com/gpu-specs/quadro-6000-sdi.c2141
NVIDIA,Quadro Plex 7000,GF110,Fermi 2.0,Quadro Plex,2011-07-25,574.0,574.0,750.0,6.0,GDDR5,384,144.0,512,,,1.18,,0.59,600,2.0,40,3.0,520.0,TSMC,PCIe 2.0 x16,16,0.75,https://www.techpowerup.com/gpu-specs/quadro-plex-7000.c902
NVIDIA,Tegra 3 GPU,Kal-El,VLIW Vec4,Tegra,2011-11-09,416.0,520.0,667.0,0.25,DDR3,32,5.336,,,,,,,20,,40,0.01,80.0,TSMC,IGP,,,https://www.techpowerup.com/gpu-specs/tegra-3-gpu.c3226
NVIDIA,Tesla C2050,GF100,Fermi,Tesla Fermi(x20xx),2011-07-25,574.0,574.0,750.0,3.0,GDDR5,384,144.0,448,,,1.03,,0.51,238,2.0,40,3.1,529.0,TSMC,PCIe 2.0 x16,14,0.75,https://www.techpowerup.com/gpu-specs/tesla-c2050.c923
NVIDIA,Tesla C2070,GF100,Fermi,Tesla Fermi(x20xx),2011-07-25,574.0,574.0,747.0,6.0,GDDR5,384,143.4,448,,,1.03,,0.51,238,2.0,40,3.1,529.0,TSMC,PCIe 2.0 x16,14,0.75,https://www.techpowerup.com/gpu-specs/tesla-c2070.c924
NVIDIA,Tesla C2075,GF110,Fermi 2.0,Tesla Fermi(x20xx),2011-07-25,574.0,574.0,783.0,6.0,GDDR5,384,150.3,448,,,1.03,,0.51,247,2.0,40,3.0,520.0,TSMC,PCIe 2.0 x16,14,0.75,https://www.techpowerup.com/gpu-specs/tesla-c2075.c563
NVIDIA,Tesla C2090,GF110,Fermi 2.0,Tesla Fermi(x20xx),2011-07-25,651.0,651.0,924.0,6.0,GDDR5,384,177.4,512,,,1.33,,0.67,250,2.0,40,3.0,520.0,TSMC,PCIe 2.0 x16,16,0.75,https://www.techpowerup.com/gpu-specs/tesla-c2090.c2317
NVIDIA,Tesla M2050,GF100,Fermi,Tesla Fermi(x20xx),2011-07-25,574.0,574.0,773.0,3.0,GDDR5,384,148.4,448,,,1.03,,0.52,225,2.0,40,3.1,529.0,TSMC,PCIe 2.0 x16,14,0.75,https://www.techpowerup.com/gpu-specs/tesla-m2050.c1534
NVIDIA,Tesla M2070,GF100,Fermi,Tesla Fermi(x20xx),2011-07-25,574.0,574.0,783.0,6.0,GDDR5,384,150.3,448,,,1.03,,0.52,225,2.0,40,3.1,529.0,TSMC,PCIe 2.0 x16,14,0.75,https://www.techpowerup.com/gpu-specs/tesla-m2070.c1535
NVIDIA,Tesla M2070-Q,GF100,Fermi,Tesla Fermi(x20xx),2011-07-25,574.0,574.0,783.0,6.0,GDDR5,384,150.3,448,,,1.03,,0.51,225,2.0,40,3.1,529.0,TSMC,PCIe 2.0 x16,14,0.75,https://www.techpowerup.com/gpu-specs/tesla-m2070-q.c1536
NVIDIA,Tesla M2075,GF110,Fermi 2.0,Tesla Fermi(x20xx),2011-07-25,574.0,574.0,783.0,6.0,GDDR5,384,150.3,448,,,1.03,,0.51,225,2.0,40,3.0,520.0,TSMC,PCIe 2.0 x16,14,0.75,https://www.techpowerup.com/gpu-specs/tesla-m2075.c2025
NVIDIA,Tesla M2090,GF110,Fermi 2.0,Tesla Fermi(x20xx),2011-07-25,651.0,651.0,924.0,6.0,GDDR5,384,177.4,512,,,1.33,,0.67,250,2.0,40,3.0,520.0,TSMC,PCIe 2.0 x16,16,0.75,https://www.techpowerup.com/gpu-specs/tesla-m2090.c1537
NVIDIA,Tesla S2050,GF100,Fermi,Tesla Fermi(x20xx),2011-07-25,574.0,574.0,773.0,3.0,GDDR5,384,148.4,448,,,1.03,,0.51,900,2.0,40,3.1,529.0,TSMC,PCIe 2.0 x16,14,0.75,https://www.techpowerup.com/gpu-specs/tesla-s2050.c1538
NVIDIA,Tesla X2070,GF100,Fermi,Tesla Fermi(x20xx),2011-07-25,651.0,651.0,924.0,6.0,GDDR5,384,177.4,448,,,1.17,,0.58,225,2.0,40,3.1,529.0,TSMC,MXM-B (3.0),14,0.75,https://www.techpowerup.com/gpu-specs/tesla-x2070.c2024
NVIDIA,Tesla X2090,GF110,Fermi 2.0,Tesla Fermi(x20xx),2011-07-25,651.0,651.0,924.0,6.0,GDDR5,384,177.4,512,,,1.33,,0.67,225,2.0,40,3.0,520.0,TSMC,PCIe 2.0 x16,16,0.75,https://www.techpowerup.com/gpu-specs/tesla-x2090.c1887
AMD,FirePro 2270,Cedar,TeraScale 2,FirePro Multi-View(2200),2011-01-31,600.0,600.0,600.0,0.5,GDDR3,64,9.6,80,,,0.1,,,15,,40,0.29,59.0,TSMC,PCIe 2.0 x16,,0.128,https://www.techpowerup.com/gpu-specs/firepro-2270.c1183
AMD,FirePro 2270 PCIe x1,Cedar,TeraScale 2,FirePro Multi-View(2200),2011-01-31,600.0,600.0,600.0,0.5,GDDR3,64,9.6,80,,,0.1,,,15,,40,0.29,59.0,TSMC,PCIe 2.0 x1,,0.128,https://www.techpowerup.com/gpu-specs/firepro-2270-pcie-x1.c3096
AMD,FirePro M5950,Whistler,TeraScale 2,FirePro Mobile(Mx900),2011-01-04,725.0,725.0,900.0,1.0,GDDR5,128,57.6,480,,,0.7,,,35,,40,0.72,118.0,TSMC,MXM-A (3.0),,0.25,https://www.techpowerup.com/gpu-specs/firepro-m5950.c1398
AMD,FirePro M8900,Blackcomb,TeraScale 2,FirePro Mobile(Mx900),2011-04-12,680.0,680.0,900.0,2.0,GDDR5,256,115.2,960,,,1.31,,,75,,40,1.7,212.0,TSMC,MXM-B (3.0),,0.5,https://www.techpowerup.com/gpu-specs/firepro-m8900.c1674
AMD,FirePro V4900,Turks,TeraScale 2,FirePro Terascale(Vx900),2011-11-01,800.0,800.0,1000.0,1.0,GDDR5,128,64.0,480,,,0.77,,,75,,40,0.72,118.0,TSMC,PCIe 2.0 x16,,0.25,https://www.techpowerup.com/gpu-specs/firepro-v4900.c578
AMD,FirePro V5900,Cayman,TeraScale 3,FirePro Terascale(Vx900),2011-05-24,600.0,600.0,500.0,2.0,GDDR5,256,64.0,512,,,0.61,,0.15,75,,40,2.64,389.0,TSMC,PCIe 2.0 x16,,0.5,https://www.techpowerup.com/gpu-specs/firepro-v5900.c577
AMD,FirePro V7900,Cayman,TeraScale 3,FirePro Terascale(Vx900),2011-05-24,725.0,725.0,1250.0,2.0,GDDR5,256,160.0,1280,,,1.86,,0.46,150,,40,2.64,389.0,TSMC,PCIe 2.0 x16,,0.5,https://www.techpowerup.com/gpu-specs/firepro-v7900.c580
AMD,FirePro V7900 SDI,Cayman,TeraScale 3,FirePro Terascale(Vx900),2011-05-24,725.0,725.0,1250.0,2.0,GDDR5,256,160.0,1280,,,1.86,,0.46,150,,40,2.64,389.0,TSMC,PCIe 2.0 x16,,0.5,https://www.techpowerup.com/gpu-specs/firepro-v7900-sdi.c576
AMD,Radeon E6460,Caicos,TeraScale 2,Embedded(6000),2011-04-07,600.0,600.0,800.0,0.5,GDDR5,64,25.6,160,,,0.19,,,25,,40,0.37,67.0,TSMC,PCIe 2.0 x16,,0.128,https://www.techpowerup.com/gpu-specs/radeon-e6460.c1738
AMD,Radeon E6760 MXM,Whistler,TeraScale 2,Embedded(6000),2011-05-02,600.0,600.0,800.0,1.0,GDDR5,128,51.2,480,,,0.58,,,45,,40,0.72,118.0,TSMC,MXM-A (3.0),,0.25,https://www.techpowerup.com/gpu-specs/radeon-e6760-mxm.c1736
AMD,Radeon E6760 PCIe,Whistler,TeraScale 2,Embedded(6000),2011-05-02,600.0,600.0,800.0,1.0,GDDR5,128,51.2,480,,,0.58,,,45,,40,0.72,118.0,TSMC,PCIe 2.0 x16,,0.25,https://www.techpowerup.com/gpu-specs/radeon-e6760-pcie.c3022
AMD,Radeon HD 6230,Park,TeraScale 2,Northern Islands(HD 6200),2011-07-02,650.0,650.0,667.0,0.5,DDR2,64,10.67,80,,,0.1,,,19,,40,0.29,59.0,TSMC,PCIe 2.0 x16,,0.128,https://www.techpowerup.com/gpu-specs/radeon-hd-6230.c2070
AMD,Radeon HD 6250,Cedar,TeraScale 2,Northern Islands(HD 6200),2011-01-31,650.0,650.0,500.0,0.5,GDDR3,64,8.0,80,,,0.1,,,19,,40,0.29,59.0,TSMC,PCIe 2.0 x16,,0.128,https://www.techpowerup.com/gpu-specs/radeon-hd-6250.c2066
AMD,Radeon HD 6290,Cedar,TeraScale 2,Northern Islands(HD 6200),2011-12-04,650.0,650.0,800.0,1.0,GDDR3,64,12.8,80,,,0.1,,,19,,40,0.29,59.0,TSMC,PCIe 2.0 x16,,0.128,https://www.techpowerup.com/gpu-specs/radeon-hd-6290.c2069
AMD,Radeon HD 6290 IGP,Loveland,TeraScale 2,TeraScale 2 IGP(Wrestler Mobile),2011-01-07,276.0,276.0,,,System Shared,,,80,,,0.04,,,9,,40,0.45,75.0,TSMC,IGP,,,https://www.techpowerup.com/gpu-specs/radeon-hd-6290-igp.c831
AMD,Radeon HD 6320 IGP,Loveland,TeraScale 2,TeraScale 2 IGP(Wrestler Mobile),2011-08-15,508.0,508.0,,,System Shared,,,80,,,0.08,,,18,,40,0.45,75.0,TSMC,IGP,,,https://www.techpowerup.com/gpu-specs/radeon-hd-6320-igp.c675
AMD,Radeon HD 6350,Park,TeraScale 2,Northern Islands(HD 6300),2011-02-07,650.0,650.0,400.0,0.5,GDDR3,64,6.4,80,,,0.1,,,19,,40,0.29,59.0,TSMC,PCIe 2.0 x16,,0.128,https://www.techpowerup.com/gpu-specs/radeon-hd-6350.c3992
AMD,Radeon HD 6350A,Cedar,TeraScale 2,All-In-One(HD 6000),2011-04-07,650.0,650.0,800.0,0.5,DDR3,64,12.8,80,,,0.1,,,25,,40,0.29,59.0,TSMC,MXM-A (3.0),,0.128,https://www.techpowerup.com/gpu-specs/radeon-hd-6350a.c1874
AMD,Radeon HD 6370D IGP,SuperSumo,TeraScale 2,TeraScale 2 IGP(Sumo),2011-11-01,444.0,444.0,,,System Shared,,,160,,,0.14,,,65,,32,1.18,227.0,TSMC,IGP,,,https://www.techpowerup.com/gpu-specs/radeon-hd-6370d-igp.c833
AMD,Radeon HD 6380G IGP,SuperSumo,TeraScale 2,TeraScale 2 IGP(Sumo Mobile),2011-06-14,400.0,400.0,,,System Shared,,,160,,,0.13,,,35,,32,1.18,227.0,TSMC,IGP,,,https://www.techpowerup.com/gpu-specs/radeon-hd-6380g-igp.c826
AMD,Radeon HD 6390,Redwood,TeraScale 2,Northern Islands(HD 6300),2011-07-04,550.0,550.0,500.0,1.0,DDR2,128,16.0,320,,,0.35,,,39,,40,0.63,104.0,TSMC,PCIe 2.0 x16,,0.25,https://www.techpowerup.com/gpu-specs/radeon-hd-6390.c2068
AMD,Radeon HD 6410D IGP,SuperSumo,TeraScale 2,TeraScale 2 IGP(Sumo),2011-06-20,444.0,444.0,,,System Shared,,,160,,,0.14,,,65,,32,1.18,227.0,TSMC,IGP,,,https://www.techpowerup.com/gpu-specs/radeon-hd-6410d-igp.c2410
AMD,Radeon HD 6430M,Seymour,TeraScale 2,Vancouver(HD 6400M),2011-01-04,480.0,480.0,800.0,1.0,DDR3,64,12.8,160,,,0.15,,,,,40,0.37,67.0,TSMC,PCIe 2.0 x16,,0.128,https://www.techpowerup.com/gpu-specs/radeon-hd-6430m.c334
AMD,Radeon HD 6450,Caicos,TeraScale 2,Northern Islands(HD 6400),2011-04-07,625.0,625.0,500.0,0.5,GDDR3,64,8.0,160,,,0.2,,,18,,40,0.37,67.0,TSMC,PCIe 2.0 x16,,0.128,https://www.techpowerup.com/gpu-specs/radeon-hd-6450.c402
AMD,Radeon HD 6450 OEM,Caicos,TeraScale 2,Northern Islands(HD 6400),2011-02-07,625.0,625.0,533.0,0.5,GDDR3,64,8.528,160,,,0.2,,,18,,40,0.37,67.0,TSMC,PCIe 2.0 x16,,0.128,https://www.techpowerup.com/gpu-specs/radeon-hd-6450-oem.c1416
AMD,Radeon HD 6450A,Caicos,TeraScale 2,All-In-One(HD 6000),2011-04-07,625.0,625.0,533.0,0.5,DDR3,64,8.528,160,,,0.2,,,25,,40,0.37,67.0,TSMC,MXM-A (3.0),,0.128,https://www.techpowerup.com/gpu-specs/radeon-hd-6450a.c1691
AMD,Radeon HD 6450M,Seymour,TeraScale 2,Vancouver(HD 6400M),2011-01-04,600.0,600.0,800.0,1.0,DDR3,64,12.8,160,,,0.19,,,,,40,0.37,67.0,TSMC,PCIe 2.0 x16,,0.128,https://www.techpowerup.com/gpu-specs/radeon-hd-6450m.c333
AMD,Radeon HD 6470M,Seymour,TeraScale 2,Vancouver(HD 6400M),2011-01-04,700.0,700.0,800.0,0.5,DDR3,64,12.8,160,,,0.22,,,25,,40,0.37,67.0,TSMC,PCIe 2.0 x16,,0.128,https://www.techpowerup.com/gpu-specs/radeon-hd-6470m.c332
AMD,Radeon HD 6480G IGP,SuperSumo,TeraScale 2,TeraScale 2 IGP(Sumo Mobile),2011-06-14,593.0,593.0,,,System Shared,,,160,,,0.19,,,35,,32,1.18,227.0,TSMC,IGP,,,https://www.techpowerup.com/gpu-specs/radeon-hd-6480g-igp.c2413
AMD,Radeon HD 6490,Redwood,TeraScale 2,Northern Islands(HD 6400),2011-07-04,550.0,550.0,500.0,1.0,DDR2,128,16.0,320,,,0.35,,,39,,40,0.63,104.0,TSMC,PCIe 2.0 x16,,0.25,https://www.techpowerup.com/gpu-specs/radeon-hd-6490.c2475
AMD,Radeon HD 6490M,Seymour,TeraScale 2,Vancouver(HD 6400M),2011-01-04,800.0,800.0,800.0,0.5,GDDR5,64,25.6,160,,,0.26,,,,,40,0.37,67.0,TSMC,PCIe 2.0 x16,,0.128,https://www.techpowerup.com/gpu-specs/radeon-hd-6490m.c414
AMD,Radeon HD 6490M Mac Edition,Seymour,TeraScale 2,Vancouver(HD 6400M),2011-05-02,750.0,750.0,794.0,0.25,GDDR5,64,25.41,160,,,0.24,,,,,40,0.37,67.0,TSMC,PCIe 2.0 x16,,0.128,https://www.techpowerup.com/gpu-specs/radeon-hd-6490m-mac-edition.c2288
AMD,Radeon HD 6510,Turks,TeraScale 2,Northern Islands(HD 6500),2011-05-14,650.0,650.0,667.0,1.0,GDDR3,128,21.34,320,,,0.42,,,39,,40,0.72,118.0,TSMC,PCIe 2.0 x16,,0.25,https://www.techpowerup.com/gpu-specs/radeon-hd-6510.c2395
AMD,Radeon HD 6520G IGP,Sumo,TeraScale 2,TeraScale 2 IGP(Sumo Mobile),2011-12-07,400.0,400.0,,,System Shared,,,320,,,0.26,,,35,,32,1.18,227.0,TSMC,IGP,,,https://www.techpowerup.com/gpu-specs/radeon-hd-6520g-igp.c829
AMD,Radeon HD 6530,Redwood,TeraScale 2,Northern Islands(HD 6500),2011-05-14,650.0,650.0,600.0,1.0,GDDR3,128,19.2,400,,,0.52,,,39,,40,0.63,104.0,TSMC,PCIe 2.0 x16,,0.25,https://www.techpowerup.com/gpu-specs/radeon-hd-6530.c2361
AMD,Radeon HD 6530D IGP,Sumo,TeraScale 2,TeraScale 2 IGP(Sumo),2011-06-20,444.0,444.0,,,System Shared,,,320,,,0.28,,,65,,32,1.18,227.0,TSMC,IGP,,,https://www.techpowerup.com/gpu-specs/radeon-hd-6530d-igp.c835
AMD,Radeon HD 6550A,Pinewood,TeraScale 2,All-In-One(HD 6000),2011-02-07,550.0,550.0,800.0,2.0,GDDR3,128,25.6,480,,,0.53,,,35,,40,0.63,104.0,TSMC,MXM-A (3.0),,0.25,https://www.techpowerup.com/gpu-specs/radeon-hd-6550a.c1693
AMD,Radeon HD 6550D IGP,Sumo,TeraScale 2,TeraScale 2 IGP(Sumo),2011-06-20,600.0,600.0,,,System Shared,,,400,,,0.48,,,65,,32,1.18,227.0,TSMC,IGP,,,https://www.techpowerup.com/gpu-specs/radeon-hd-6550d-igp.c836
AMD,Radeon HD 6570,Turks,TeraScale 2,Northern Islands(HD 6500),2011-04-19,650.0,650.0,1000.0,2.0,GDDR5,128,64.0,480,,,0.62,,,60,,40,0.72,118.0,TSMC,PCIe 2.0 x16,,0.25,https://www.techpowerup.com/gpu-specs/radeon-hd-6570.c277
AMD,Radeon HD 6570 OEM,Turks,TeraScale 2,Northern Islands(HD 6500),2011-02-07,650.0,650.0,900.0,1.0,GDDR3,128,28.8,480,,,0.62,,,44,,40,0.72,118.0,TSMC,PCIe 2.0 x16,,0.25,https://www.techpowerup.com/gpu-specs/radeon-hd-6570-oem.c408
AMD,Radeon HD 6610M,Whistler,TeraScale 2,Vancouver(HD 6600M),2011-01-04,450.0,450.0,800.0,1.0,DDR3,128,25.6,400,,,0.36,,,26,,40,0.72,118.0,TSMC,PCIe 2.0 x16,,0.25,https://www.techpowerup.com/gpu-specs/radeon-hd-6610m.c1734
AMD,Radeon HD 6620G IGP,Sumo,TeraScale 2,TeraScale 2 IGP(Sumo Mobile),2011-12-07,444.0,444.0,,,System Shared,,,400,,,0.36,,,35,,32,1.18,227.0,TSMC,IGP,,,https://www.techpowerup.com/gpu-specs/radeon-hd-6620g-igp.c830
AMD,Radeon HD 6625M,Whistler,TeraScale 2,Vancouver(HD 6600M),2011-01-04,450.0,450.0,800.0,1.0,DDR3,128,25.6,480,,,0.43,,,26,,40,0.72,118.0,TSMC,PCIe 2.0 x16,,0.25,https://www.techpowerup.com/gpu-specs/radeon-hd-6625m.c2207
AMD,Radeon HD 6630M,Whistler,TeraScale 2,Vancouver(HD 6600M),2011-01-04,500.0,500.0,800.0,1.0,DDR3,128,25.6,480,,,0.48,,,26,,40,0.72,118.0,TSMC,PCIe 2.0 x16,,0.25,https://www.techpowerup.com/gpu-specs/radeon-hd-6630m.c327
AMD,Radeon HD 6630M Mac Edition,Whistler,TeraScale 2,Vancouver(HD 6600M),2011-01-04,500.0,500.0,600.0,0.25,GDDR5,64,19.2,480,,,0.48,,,26,,40,0.72,118.0,TSMC,PCIe 2.0 x16,,,https://www.techpowerup.com/gpu-specs/radeon-hd-6630m-mac-edition.c2294
AMD,Radeon HD 6650A,Onega,TeraScale 2,All-In-One(HD 6000),2011-04-19,600.0,600.0,900.0,1.0,DDR3,128,28.8,480,,,0.58,,,45,,40,0.72,118.0,TSMC,MXM-A (3.0),,0.25,https://www.techpowerup.com/gpu-specs/radeon-hd-6650a.c1726
AMD,Radeon HD 6650M,Whistler,TeraScale 2,Vancouver(HD 6600M),2011-01-04,600.0,600.0,800.0,1.0,DDR3,128,25.6,480,,,0.58,,,,,40,0.72,118.0,TSMC,PCIe 2.0 x16,,0.25,https://www.techpowerup.com/gpu-specs/radeon-hd-6650m.c326
AMD,Radeon HD 6670,Turks,TeraScale 2,Northern Islands(HD 6600),2011-04-19,800.0,800.0,1000.0,1.0,GDDR5,128,64.0,480,,,0.77,,,66,,40,0.72,118.0,TSMC,PCIe 2.0 x16,,0.25,https://www.techpowerup.com/gpu-specs/radeon-hd-6670.c406
AMD,Radeon HD 6670A,Turks,TeraScale 2,All-In-One(HD 6000),2011-04-19,600.0,600.0,1000.0,1.0,GDDR5,128,64.0,480,,,0.58,,,45,,40,0.72,118.0,TSMC,MXM-A (3.0),,0.25,https://www.techpowerup.com/gpu-specs/radeon-hd-6670a.c1690
AMD,Radeon HD 6730M,Whistler,TeraScale 2,Vancouver(HD 6700M),2011-01-04,725.0,725.0,800.0,1.0,GDDR3,128,25.6,480,,,0.7,,,35,,40,0.72,118.0,TSMC,MXM-A (3.0),,0.25,https://www.techpowerup.com/gpu-specs/radeon-hd-6730m.c325
AMD,Radeon HD 6750,Juniper,TeraScale 2,Northern Islands(HD 6700),2011-01-21,700.0,700.0,1150.0,1.0,GDDR5,128,73.6,720,,,1.01,,,86,,40,1.04,166.0,TSMC,PCIe 2.0 x16,,0.25,https://www.techpowerup.com/gpu-specs/radeon-hd-6750.c279
AMD,Radeon HD 6750M,Whistler,TeraScale 2,Vancouver(HD 6700M),2011-01-04,600.0,600.0,800.0,1.0,GDDR3,128,25.6,480,,,0.58,,,35,,40,0.72,118.0,TSMC,MXM-A (3.0),,0.25,https://www.techpowerup.com/gpu-specs/radeon-hd-6750m.c324
AMD,Radeon HD 6750M Mac Edition,Whistler,TeraScale 2,Vancouver(HD 6700M),2011-04-18,598.0,598.0,794.0,0.5,GDDR5,128,50.82,480,,,0.57,,,35,,40,0.72,118.0,TSMC,MXM-A (3.0),,0.25,https://www.techpowerup.com/gpu-specs/radeon-hd-6750m-mac-edition.c2248
AMD,Radeon HD 6770,Juniper,TeraScale 2,Northern Islands(HD 6700),2011-01-21,850.0,850.0,1200.0,1.0,GDDR5,128,76.8,800,,,1.36,,,108,,40,1.04,166.0,TSMC,PCIe 2.0 x16,,0.25,https://www.techpowerup.com/gpu-specs/radeon-hd-6770.c280
AMD,Radeon HD 6770M,Whistler,TeraScale 2,Vancouver(HD 6700M),2011-01-04,725.0,725.0,900.0,1.0,GDDR5,128,57.6,480,,,0.7,,,35,,40,0.72,118.0,TSMC,MXM-A (3.0),,0.25,https://www.techpowerup.com/gpu-specs/radeon-hd-6770m.c323
AMD,Radeon HD 6770M Mac Edition,Whistler,TeraScale 2,Vancouver(HD 6700M),2011-01-28,675.0,675.0,794.0,1.0,GDDR5,128,50.82,480,,,0.65,,,35,,40,0.72,118.0,TSMC,MXM-A (3.0),,0.25,https://www.techpowerup.com/gpu-specs/radeon-hd-6770m-mac-edition.c2254
AMD,Radeon HD 6790,Barts,TeraScale 2,Northern Islands(HD 6700),2011-04-04,840.0,840.0,1050.0,1.0,GDDR5,256,134.4,800,,,1.34,,,150,,40,1.7,255.0,TSMC,PCIe 2.0 x16,,0.5,https://www.techpowerup.com/gpu-specs/radeon-hd-6790.c283
AMD,Radeon HD 6830M,Granville,TeraScale 2,Vancouver(HD 6800M),2011-01-04,575.0,575.0,800.0,1.0,DDR3,128,25.6,800,,,0.92,,,39,,40,1.04,166.0,TSMC,PCIe 2.0 x16,,0.25,https://www.techpowerup.com/gpu-specs/radeon-hd-6830m.c322
AMD,Radeon HD 6850 X2,Barts,TeraScale 2,Northern Islands(HD 6800),2011-09-19,800.0,800.0,1050.0,2.0,GDDR5,256,134.4,960,,,1.54,,,254,,40,1.7,255.0,TSMC,PCIe 2.0 x16,,0.5,https://www.techpowerup.com/gpu-specs/radeon-hd-6850-x2.c1698
AMD,Radeon HD 6850M,Granville,TeraScale 2,Vancouver(HD 6800M),2011-01-04,675.0,675.0,800.0,1.0,GDDR3,128,25.6,800,,,1.08,,,50,,40,1.04,166.0,TSMC,PCIe 2.0 x16,,0.25,https://www.techpowerup.com/gpu-specs/radeon-hd-6850m.c1193
AMD,Radeon HD 6870 X2,Barts,TeraScale 2,Northern Islands(HD 6800),2011-07-08,900.0,900.0,1050.0,1.0,GDDR5,256,134.4,1120,,,2.02,,,300,,40,1.7,255.0,TSMC,PCIe 2.0 x16,,0.5,https://www.techpowerup.com/gpu-specs/radeon-hd-6870-x2.c1174
AMD,Radeon HD 6870M,Granville,TeraScale 2,Vancouver(HD 6800M),2011-01-04,675.0,675.0,1000.0,1.0,GDDR5,128,64.0,800,,,1.08,,,50,,40,1.04,166.0,TSMC,MXM-B (3.0),,0.25,https://www.techpowerup.com/gpu-specs/radeon-hd-6870m.c320
AMD,Radeon HD 6930,Cayman,TeraScale 3,Northern Islands(HD 6900),2011-12-01,750.0,750.0,1200.0,1.0,GDDR5,256,153.6,1280,,,1.92,,0.48,186,,40,2.64,389.0,TSMC,PCIe 2.0 x16,,0.5,https://www.techpowerup.com/gpu-specs/radeon-hd-6930.c306
AMD,Radeon HD 6950M,Blackcomb,TeraScale 2,Vancouver(HD 6900M),2011-01-04,580.0,580.0,900.0,1.0,GDDR5,256,115.2,960,,,1.11,,,50,,40,1.7,212.0,TSMC,MXM-B (3.0),,0.5,https://www.techpowerup.com/gpu-specs/radeon-hd-6950m.c319
AMD,Radeon HD 6970M,Blackcomb,TeraScale 2,Vancouver(HD 6900M),2011-01-04,680.0,680.0,900.0,1.0,GDDR5,256,115.2,960,,,1.31,,,75,,40,1.7,212.0,TSMC,MXM-B (3.0),,0.5,https://www.techpowerup.com/gpu-specs/radeon-hd-6970m.c318
AMD,Radeon HD 6970M Mac Edition,Blackcomb,TeraScale 2,Vancouver(HD 6900M),2011-08-25,680.0,680.0,900.0,2.0,GDDR5,256,115.2,960,,,1.31,,,75,,40,1.7,212.0,TSMC,MXM-B (3.0),,0.5,https://www.techpowerup.com/gpu-specs/radeon-hd-6970m-mac-edition.c2250
AMD,Radeon HD 6970M Rebrand,Broadway,TeraScale 2,Vancouver(HD 6900M),2011-01-04,800.0,800.0,1000.0,1.0,GDDR5,128,64.0,800,,,1.28,,,75,,40,1.04,166.0,TSMC,MXM-B (3.0),,0.25,https://www.techpowerup.com/gpu-specs/radeon-hd-6970m-rebrand.c2447
AMD,Radeon HD 6970M X2,Blackcomb,TeraScale 2,Vancouver(HD 6900M),2011-01-04,680.0,680.0,900.0,2.0,GDDR5,256,115.2,960,,,1.31,,,150,,40,1.7,212.0,TSMC,MXM-B (3.0),,0.5,https://www.techpowerup.com/gpu-specs/radeon-hd-6970m-x2.c4126
AMD,Radeon HD 6990,Antilles,TeraScale 3,Northern Islands(HD 6900),2011-03-08,830.0,830.0,1250.0,2.0,GDDR5,256,160.0,1536,,,2.55,,0.64,375,,40,2.64,389.0,TSMC,PCIe 2.0 x16,,0.5,https://www.techpowerup.com/gpu-specs/radeon-hd-6990.c275
AMD,Radeon HD 6990M,Blackcomb,TeraScale 2,Vancouver(HD 6900M),2011-07-12,715.0,715.0,900.0,2.0,GDDR5,256,115.2,1120,,,1.6,,,100,,40,1.7,212.0,TSMC,MXM-B (3.0),,0.5,https://www.techpowerup.com/gpu-specs/radeon-hd-6990m.c317
AMD,Radeon HD 6990M Rebrand,Broadway,TeraScale 2,Vancouver(HD 6900M),2011-07-12,700.0,700.0,1000.0,1.0,GDDR5,128,64.0,800,,,1.12,,,100,,40,1.04,166.0,TSMC,MXM-B (3.0),,0.25,https://www.techpowerup.com/gpu-specs/radeon-hd-6990m-rebrand.c2267
AMD,Radeon HD 7410M,Seymour,TeraScale 2,London(HD 7400M),2011-01-04,480.0,480.0,800.0,1.0,DDR3,64,12.8,160,,,0.15,,,,,40,0.37,67.0,TSMC,PCIe 2.0 x16,,0.128,https://www.techpowerup.com/gpu-specs/radeon-hd-7410m.c4073
AMD,Radeon HD 7690M,Thames,TeraScale 2,London(HD 7600M),2011-12-25,725.0,725.0,900.0,1.0,DDR3,128,28.8,480,,,0.7,,,20,,40,0.72,118.0,TSMC,MXM-A (3.0),,0.25,https://www.techpowerup.com/gpu-specs/radeon-hd-7690m.c2295
Intel,HD Graphics 2000,Sandy Bridge GT1,Generation 6.0,HD Graphics(Sandy Bridge),2011-02-01,650.0,1000.0,,,System Shared,,,48,,,0.1,,,,,32,0.5,131.0,Intel,Ring Bus,,,https://www.techpowerup.com/gpu-specs/hd-graphics-2000.c1248
Intel,HD Graphics 3000,Sandy Bridge GT2,Generation 6.0,HD Graphics(Sandy Bridge),2011-02-01,850.0,1100.0,,,System Shared,,,96,,,0.21,,,,,32,0.62,149.0,Intel,Ring Bus,,,https://www.techpowerup.com/gpu-specs/hd-graphics-3000.c1257
Intel,HD Graphics 3000 Mobile,Sandy Bridge GT2,Generation 6.0,HD Graphics-M(Sandy Bridge),2011-02-01,350.0,1000.0,,,System Shared,,,96,,,0.19,,,,,32,0.62,149.0,Intel,Ring Bus,,,https://www.techpowerup.com/gpu-specs/hd-graphics-3000-mobile.c1251
Intel,HD Graphics 6EU Mobile,Ivy Bridge GT1,Generation 7.0,HD Graphics-M(Ivy Bridge),2012-10-01,350.0,1000.0,,,System Shared,,,48,,,0.1,,0.02,45,,22,0.39,94.0,Intel,Ring Bus,,,https://www.techpowerup.com/gpu-specs/hd-graphics-6eu-mobile.c3132
Intel,HD Graphics P3000,Sandy Bridge GT2,Generation 6.0,HD Graphics-W(Sandy Bridge),2011-02-01,850.0,1350.0,,,System Shared,,,96,,,0.26,,,,,32,0.62,149.0,Intel,Ring Bus,,,https://www.techpowerup.com/gpu-specs/hd-graphics-p3000.c2026
ATI,FirePro V7800P,Cypress,TeraScale 2,FirePro Terascale(Vx800),2011-05-16,700.0,700.0,1000.0,2.0,GDDR5,256,128.0,1440,,,2.02,,0.4,138,,40,2.15,334.0,TSMC,PCIe 2.0 x16,,0.5,https://www.techpowerup.com/gpu-specs/firepro-v7800p.c1876
ATI,Radeon HD 4450,RV710,TeraScale,Radeon R700(HD 4400),2011-11-18,600.0,600.0,400.0,0.5,DDR2,64,6.4,80,,,0.1,,,25,,55,0.24,73.0,TSMC,PCIe 2.0 x16,,0.064,https://www.techpowerup.com/gpu-specs/radeon-hd-4450.c2079
ATI,Radeon HD 4580,RV635,TeraScale,Radeon R700(HD 4500),2011-11-20,796.0,796.0,693.0,0.5,GDDR3,128,22.18,120,,,0.19,,,65,,55,0.38,135.0,TSMC,PCIe 2.0 x16,,0.128,https://www.techpowerup.com/gpu-specs/radeon-hd-4580.c2078
ATI,Radeon HD 4720,RV730,TeraScale,Radeon R700(HD 4700),2011-12-11,600.0,600.0,667.0,1.0,GDDR3,128,21.34,320,,,0.38,,,55,,55,0.51,146.0,TSMC,PCIe 2.0 x16,,0.128,https://www.techpowerup.com/gpu-specs/radeon-hd-4720.c2080
ATI,Radeon HD 5530,Cedar,TeraScale 2,Evergreen(HD 5500),2011-03-17,650.0,650.0,600.0,1.0,GDDR3,64,9.6,80,,,0.1,,,19,,40,0.29,59.0,TSMC,PCIe 2.0 x16,,0.128,https://www.techpowerup.com/gpu-specs/radeon-hd-5530.c2063
ATI,Radeon HD 5630,Redwood,TeraScale 2,Evergreen(HD 5600),2011-02-15,650.0,650.0,390.0,1.0,GDDR3,128,12.48,320,,,0.42,,,39,,40,0.63,104.0,TSMC,PCIe 2.0 x16,,0.25,https://www.techpowerup.com/gpu-specs/radeon-hd-5630.c2064
ATI,Radeon HD 5690,Redwood,TeraScale 2,Evergreen(HD 5600),2011-02-01,775.0,775.0,1000.0,1.0,GDDR3,128,32.0,400,,,0.62,,,64,,40,0.63,104.0,TSMC,PCIe 2.0 x16,,0.25,https://www.techpowerup.com/gpu-specs/radeon-hd-5690.c2084
ATI,Radeon HD 5730,Redwood,TeraScale 2,Evergreen(HD 5700),2011-02-26,775.0,775.0,1000.0,1.0,GDDR5,128,64.0,400,,,0.62,,,64,,40,0.63,104.0,TSMC,PCIe 2.0 x16,,0.25,https://www.techpowerup.com/gpu-specs/radeon-hd-5730.c2065
Sony,Playstation Vita GPU,SGX543 MP4+,PowerVR Series5XT,Console GPU(Sony),2011-12-11,200.0,200.0,400.0,0.128,CDRAM,64,3.2,,,,,,,4,,32,,6.0,Samsung,,,,https://www.techpowerup.com/gpu-specs/playstation-vita-gpu.c3711
NVIDIA,GeForce 605 OEM,GF119S,Fermi 2.0,GeForce 600,2012-04-02,523.0,523.0,897.0,0.5,DDR3,64,14.35,48,,,0.1,,0.01,25,2.1,40,0.29,79.0,TSMC,PCIe 2.0 x16,1,0.128,https://www.techpowerup.com/gpu-specs/geforce-605-oem.c359
NVIDIA,GeForce 615 OEM,GF108,Fermi,GeForce 600,2012-05-15,660.0,660.0,900.0,1.0,DDR3,128,28.8,48,,,0.13,,0.01,49,2.1,40,0.58,116.0,TSMC,PCIe 2.0 x16,1,0.25,https://www.techpowerup.com/gpu-specs/geforce-615-oem.c2145
NVIDIA,GeForce 620M,GF117,Fermi 2.0,GeForce 600M,2012-03-22,625.0,625.0,900.0,1.0,DDR3,64,14.4,96,,,0.24,,0.02,15,2.1,28,0.58,116.0,TSMC,PCIe 2.0 x16,2,0.128,https://www.techpowerup.com/gpu-specs/geforce-620m.c2382
NVIDIA,GeForce 9400 GT Rev. 3,GT218S,Tesla 2.0,GeForce 9(9400),2012-06-13,589.0,589.0,600.0,0.128,DDR2,64,9.6,16,,,0.04,,,50,1.2,40,0.26,57.0,TSMC,PCIe 2.0 x16,2,0.032,https://www.techpowerup.com/gpu-specs/geforce-9400-gt-rev-3.c2338
NVIDIA,GeForce GT 520 OEM,GF119S,Fermi 2.0,GeForce 500,2012-08-20,589.0,589.0,500.0,1.0,DDR3,64,8.0,48,,,0.13,,0.01,29,2.1,40,0.29,79.0,TSMC,PCIe 2.0 x16,2,0.128,https://www.techpowerup.com/gpu-specs/geforce-gt-520-oem.c2281
NVIDIA,GeForce GT 555M 2 GB,GF116S,Fermi 2.0,GeForce 500M,2012-03-26,675.0,675.0,900.0,2.0,DDR3,128,28.8,144,,,0.39,,0.03,35,2.1,40,1.17,238.0,TSMC,PCIe 2.0 x16,2,0.25,https://www.techpowerup.com/gpu-specs/geforce-gt-555m-2-gb.c1955
NVIDIA,GeForce GT 610,GF119S,Fermi 2.0,GeForce 600,2012-04-02,810.0,810.0,898.0,1.0,DDR3,64,14.37,48,,,0.16,,0.01,29,2.1,40,0.29,79.0,TSMC,PCIe 2.0 x16,1,0.128,https://www.techpowerup.com/gpu-specs/geforce-gt-610.c821
NVIDIA,GeForce GT 610 OEM,GF108,Fermi,GeForce 600,2016-04-02,701.0,701.0,500.0,2.0,DDR3,64,8.0,48,,,0.13,,0.01,29,2.1,40,0.58,116.0,TSMC,PCIe 2.0 x16,1,0.128,https://www.techpowerup.com/gpu-specs/geforce-gt-610-oem.c2842
NVIDIA,GeForce GT 610 PCI,GF119S,Fermi 2.0,GeForce 600,2012-04-02,810.0,810.0,667.0,0.5,DDR3,64,10.67,48,,,0.16,,0.01,29,2.1,40,0.29,79.0,TSMC,PCI,1,0.128,https://www.techpowerup.com/gpu-specs/geforce-gt-610-pci.c914
NVIDIA,GeForce GT 610 PCIe x1,GF119S,Fermi 2.0,GeForce 600,2012-04-02,810.0,810.0,500.0,0.5,DDR3,64,8.0,48,,,0.16,,0.01,29,2.1,40,0.29,79.0,TSMC,PCIe 2.0 x1,1,0.128,https://www.techpowerup.com/gpu-specs/geforce-gt-610-pcie-x1.c925
NVIDIA,GeForce GT 620,GF108,Fermi,GeForce 600,2012-05-15,700.0,700.0,900.0,1.0,DDR3,64,14.4,96,,,0.27,,0.02,49,2.1,40,0.58,116.0,TSMC,PCIe 2.0 x16,2,0.128,https://www.techpowerup.com/gpu-specs/geforce-gt-620.c820
NVIDIA,GeForce GT 620 OEM,GF119S,Fermi 2.0,GeForce 600,2012-04-02,810.0,810.0,898.0,0.5,DDR3,64,14.37,48,,,0.16,,0.01,30,2.1,40,0.29,79.0,TSMC,PCIe 2.0 x16,1,0.128,https://www.techpowerup.com/gpu-specs/geforce-gt-620-oem.c358
NVIDIA,GeForce GT 620M,GF117,Fermi 2.0,GeForce 600M,2012-03-22,625.0,625.0,900.0,1.0,DDR3,64,14.4,96,,,0.24,,0.02,15,2.1,28,0.58,116.0,TSMC,PCIe 2.0 x16,2,0.128,https://www.techpowerup.com/gpu-specs/geforce-gt-620m.c354
NVIDIA,GeForce GT 625M,GF117B,Fermi 2.0,GeForce 600M,2012-10-01,625.0,625.0,800.0,2.0,DDR3,64,12.8,96,,,0.24,,0.02,15,2.1,28,0.58,116.0,TSMC,PCIe 2.0 x16,2,0.128,https://www.techpowerup.com/gpu-specs/geforce-gt-625m.c1411
NVIDIA,GeForce GT 630,GF108,Fermi,GeForce 600,2012-05-15,810.0,810.0,900.0,1.0,DDR3,128,28.8,96,,,0.31,,0.03,65,2.1,40,0.58,116.0,TSMC,PCIe 2.0 x16,2,0.25,https://www.techpowerup.com/gpu-specs/geforce-gt-630.c816
NVIDIA,GeForce GT 630 OEM,GK107,Kepler,GeForce 600,2012-04-24,875.0,875.0,891.0,1.0,DDR3,128,28.51,192,,,0.34,,0.01,50,3.0,28,1.27,118.0,TSMC,PCIe 3.0 x16,,0.25,https://www.techpowerup.com/gpu-specs/geforce-gt-630-oem.c818
NVIDIA,GeForce GT 630M,GF108,Fermi,GeForce 600M,2012-03-22,660.0,660.0,900.0,1.0,DDR3,64,14.4,96,,,0.25,,0.02,33,2.1,40,0.58,116.0,TSMC,MXM-A (3.0),2,0.128,https://www.techpowerup.com/gpu-specs/geforce-gt-630m.c2302
NVIDIA,GeForce GT 635M,GF116S,Fermi 2.0,GeForce 600M,2012-03-22,650.0,650.0,900.0,2.0,DDR3,128,28.8,144,,,0.39,,0.03,35,2.1,40,1.17,238.0,TSMC,PCIe 2.0 x16,3,0.25,https://www.techpowerup.com/gpu-specs/geforce-gt-635m.c352
NVIDIA,GeForce GT 640,GK107,Kepler,GeForce 600,2012-06-05,902.0,902.0,891.0,2.0,DDR3,128,28.51,384,,,0.69,,0.03,65,3.0,28,1.27,118.0,TSMC,PCIe 3.0 x16,,0.25,https://www.techpowerup.com/gpu-specs/geforce-gt-640.c813
NVIDIA,GeForce GT 640 OEM,GK107,Kepler,GeForce 600,2012-04-24,797.0,797.0,891.0,2.0,DDR3,128,28.51,384,,,0.61,,0.03,50,3.0,28,1.27,118.0,TSMC,PCIe 3.0 x16,,0.25,https://www.techpowerup.com/gpu-specs/geforce-gt-640-oem.c812
NVIDIA,GeForce GT 640 OEM Rebrand,GF116,Fermi 2.0,GeForce 600,2012-04-24,720.0,720.0,800.0,1.5,DDR3,192,38.4,144,,,0.41,,0.03,75,2.1,40,1.17,238.0,TSMC,PCIe 2.0 x16,3,0.384,https://www.techpowerup.com/gpu-specs/geforce-gt-640-oem-rebrand.c814
NVIDIA,GeForce GT 640M,GK107,Kepler,GeForce 600M,2012-03-22,624.0,709.0,900.0,2.0,DDR3,128,28.8,384,,,0.54,,0.02,32,3.0,28,1.27,118.0,TSMC,PCIe 3.0 x16,,0.25,https://www.techpowerup.com/gpu-specs/geforce-gt-640m.c347
NVIDIA,GeForce GT 640M LE,GK107,Kepler,GeForce 600M,2012-03-22,500.0,570.0,900.0,1.0,DDR3,128,28.8,384,,,0.44,,0.02,20,3.0,28,1.27,118.0,TSMC,PCIe 3.0 x16,,0.25,https://www.techpowerup.com/gpu-specs/geforce-gt-640m-le.c350
NVIDIA,GeForce GT 645 OEM,GF114,Fermi 2.0,GeForce 600,2012-04-24,776.0,776.0,957.0,1.0,GDDR5,192,91.87,288,,,0.89,,0.07,102,2.1,40,1.95,332.0,TSMC,PCIe 2.0 x16,6,0.384,https://www.techpowerup.com/gpu-specs/geforce-gt-645-oem.c363
NVIDIA,GeForce GT 645M,GK107,Kepler,GeForce 600M,2012-10-01,709.0,780.0,900.0,2.0,DDR3,128,28.8,384,,,0.6,,0.02,32,3.0,28,1.27,118.0,TSMC,PCIe 3.0 x16,,0.25,https://www.techpowerup.com/gpu-specs/geforce-gt-645m.c1412
NVIDIA,GeForce GT 650M,GK107,Kepler,GeForce 600M,2012-03-22,835.0,950.0,900.0,1.0,DDR3,128,28.8,384,,,0.73,,0.03,45,3.0,28,1.27,118.0,TSMC,PCIe 3.0 x16,,0.25,https://www.techpowerup.com/gpu-specs/geforce-gt-650m.c547
NVIDIA,GeForce GT 650M Mac Edition,GK107,Kepler,GeForce 600M,2012-07-12,900.0,900.0,1254.0,0.5,GDDR5,128,80.26,384,,,0.69,,0.03,45,3.0,28,1.27,118.0,TSMC,PCIe 3.0 x16,,0.25,https://www.techpowerup.com/gpu-specs/geforce-gt-650m-mac-edition.c550
NVIDIA,GeForce GTS 450 Rev. 3,GF116,Fermi 2.0,GeForce 400,2012-07-11,783.0,783.0,700.0,1.0,DDR3,128,22.4,144,,,0.45,,0.04,106,2.1,40,1.17,238.0,TSMC,PCIe 2.0 x16,3,0.25,https://www.techpowerup.com/gpu-specs/geforce-gts-450-rev-3.c2043
NVIDIA,GeForce GTX 560 SE,GF114,Fermi 2.0,GeForce 500,2012-02-20,736.0,736.0,957.0,1.0,GDDR5,192,91.87,288,,,0.85,,0.07,150,2.1,40,1.95,332.0,TSMC,PCIe 2.0 x16,6,0.384,https://www.techpowerup.com/gpu-specs/geforce-gtx-560-se.c341
NVIDIA,GeForce GTX 650,GK106,Kepler,GeForce 600,2013-11-27,1058.0,1058.0,1250.0,1.0,GDDR5,128,80.0,384,,,0.81,,0.03,65,3.0,28,2.54,221.0,TSMC,PCIe 3.0 x16,,0.25,https://www.techpowerup.com/gpu-specs/geforce-gtx-650.c2445
NVIDIA,GeForce GTX 650 Ti,GK106S,Kepler,GeForce 600,2012-10-09,928.0,928.0,1350.0,1.0,GDDR5,128,86.4,768,,,1.43,,0.06,110,3.0,28,2.54,221.0,TSMC,PCIe 3.0 x16,,0.25,https://www.techpowerup.com/gpu-specs/geforce-gtx-650-ti.c1188
NVIDIA,GeForce GTX 660,GK106,Kepler,GeForce 600,2012-09-06,980.0,1032.0,1502.0,2.0,GDDR5,192,144.2,960,,,1.98,,0.08,140,3.0,28,2.54,221.0,TSMC,PCIe 3.0 x16,,0.384,https://www.techpowerup.com/gpu-specs/geforce-gtx-660.c895
NVIDIA,GeForce GTX 660 OEM,GK104,Kepler,GeForce 600,2012-08-22,823.0,888.0,1400.0,2.0,GDDR5,256,179.2,1152,,,2.05,,0.09,130,3.0,28,3.54,294.0,TSMC,PCIe 3.0 x16,,0.5,https://www.techpowerup.com/gpu-specs/geforce-gtx-660-oem.c1961
NVIDIA,GeForce GTX 660 Ti,GK104,Kepler,GeForce 600,2012-08-16,915.0,980.0,1502.0,2.0,GDDR5,192,144.2,1344,,,2.63,,0.11,150,3.0,28,3.54,294.0,TSMC,PCIe 3.0 x16,,0.384,https://www.techpowerup.com/gpu-specs/geforce-gtx-660-ti.c364
NVIDIA,GeForce GTX 660M,GK107,Kepler,GeForce 600M,2012-03-22,835.0,950.0,1250.0,2.0,GDDR5,128,80.0,384,,,0.73,,0.03,50,3.0,28,1.27,118.0,TSMC,MXM-B (3.0),,0.25,https://www.techpowerup.com/gpu-specs/geforce-gtx-660m.c345
NVIDIA,GeForce GTX 670,GK104,Kepler,GeForce 600,2012-05-10,915.0,980.0,1502.0,2.0,GDDR5,256,192.3,1344,,,2.63,,0.11,170,3.0,28,3.54,294.0,TSMC,PCIe 3.0 x16,,0.5,https://www.techpowerup.com/gpu-specs/geforce-gtx-670.c362
NVIDIA,GeForce GTX 670M,GF114,Fermi 2.0,GeForce 600M,2012-03-22,598.0,598.0,750.0,1.5,GDDR5,192,72.0,336,,,0.8,,0.07,75,2.1,40,1.95,332.0,TSMC,MXM-B (3.0),7,0.384,https://www.techpowerup.com/gpu-specs/geforce-gtx-670m.c548
NVIDIA,GeForce GTX 670MX,GK104,Kepler,GeForce 600M,2012-10-01,601.0,601.0,700.0,3.0,GDDR5,192,67.2,960,,,1.15,,0.05,75,3.0,28,3.54,294.0,TSMC,PCIe 3.0 x16,,0.384,https://www.techpowerup.com/gpu-specs/geforce-gtx-670mx.c1413
NVIDIA,GeForce GTX 675M,GF114,Fermi 2.0,GeForce 600M,2012-03-22,620.0,620.0,750.0,2.0,GDDR5,256,96.0,384,,,0.95,,0.08,100,2.1,40,1.95,332.0,TSMC,MXM-B (3.0),8,0.5,https://www.techpowerup.com/gpu-specs/geforce-gtx-675m.c343
NVIDIA,GeForce GTX 675MX,GK104,Kepler,GeForce 600M,2012-10-01,654.0,654.0,900.0,2.0,GDDR5,256,115.2,960,,,1.26,,0.05,100,3.0,28,3.54,294.0,TSMC,MXM-B (3.0),,0.5,https://www.techpowerup.com/gpu-specs/geforce-gtx-675mx.c1414
NVIDIA,GeForce GTX 680,GK104,Kepler,GeForce 600,2012-03-22,1006.0,1058.0,1502.0,2.0,GDDR5,256,192.3,1536,,,3.25,,0.14,195,3.0,28,3.54,294.0,TSMC,PCIe 3.0 x16,,0.5,https://www.techpowerup.com/gpu-specs/geforce-gtx-680.c342
NVIDIA,GeForce GTX 680M,GK104,Kepler,GeForce 600M,2012-06-04,719.0,758.0,900.0,4.0,GDDR5,256,115.2,1344,,,2.04,,0.08,100,3.0,28,3.54,294.0,TSMC,MXM-B (3.0),,0.5,https://www.techpowerup.com/gpu-specs/geforce-gtx-680m.c344
NVIDIA,GeForce GTX 680MX Mac Edition,GK104,Kepler,GeForce 600M,2012-10-23,719.0,719.0,1250.0,2.0,GDDR5,256,160.0,1536,,,2.21,,0.09,122,3.0,28,3.54,294.0,TSMC,PCIe 3.0 x16,,0.5,https://www.techpowerup.com/gpu-specs/geforce-gtx-680mx-mac-edition.c2274
NVIDIA,GeForce GTX 690,GK104,Kepler,GeForce 600,2012-05-03,915.0,1019.0,1502.0,2.0,GDDR5,256,192.3,1536,,,3.13,,0.13,300,3.0,28,3.54,294.0,TSMC,PCIe 3.0 x16,,0.5,https://www.techpowerup.com/gpu-specs/geforce-gtx-690.c361
NVIDIA,NVS 310,GF119S,Fermi 2.0,NVS,2012-06-26,523.0,523.0,875.0,0.5,DDR3,64,14.0,48,,,0.1,,0.01,20,2.1,40,0.29,79.0,TSMC,PCIe 2.0 x16,1,0.128,https://www.techpowerup.com/gpu-specs/nvs-310.c1451
NVIDIA,NVS 510,GK107,Kepler,NVS,2012-10-23,797.0,797.0,891.0,2.0,DDR3,128,28.51,192,,,0.31,,0.01,35,3.0,28,1.27,118.0,TSMC,PCIe 2.0 x16,,0.25,https://www.techpowerup.com/gpu-specs/nvs-510.c1868
NVIDIA,NVS 5200M,GF117,Fermi 2.0,NVS Mobile(x200M),2012-06-01,625.0,625.0,900.0,1.0,DDR3,64,14.4,96,,,0.24,,0.02,25,2.1,28,0.58,116.0,TSMC,MXM,2,0.128,https://www.techpowerup.com/gpu-specs/nvs-5200m.c1743
NVIDIA,NVS 5400M,GF108,Fermi,NVS Mobile(x400M),2012-06-01,660.0,660.0,900.0,2.0,GDDR3,128,28.8,96,,,0.25,,0.02,35,2.1,40,0.58,116.0,TSMC,MXM,2,0.25,https://www.techpowerup.com/gpu-specs/nvs-5400m.c1742
NVIDIA,Playstation 3 GPU 40nm,RSX-40nm,Curie,Console GPU(Sony),2012-10-04,550.0,550.0,650.0,0.25,GDDR3,128,20.8,,,,,,,35,,40,0.3,114.0,Sony,,,,https://www.techpowerup.com/gpu-specs/playstation-3-gpu-40nm.c2554
NVIDIA,Quadro 410,GK107,Kepler,Quadro Kepler(x10),2012-08-07,706.0,706.0,891.0,0.5,DDR3,64,14.26,192,,,0.27,,0.01,38,3.0,28,1.27,118.0,TSMC,PCIe 2.0 x16,,0.128,https://www.techpowerup.com/gpu-specs/quadro-410.c1316
NVIDIA,Quadro 7000,GF110,Fermi 2.0,Quadro Fermi(x000),2012-05-02,651.0,651.0,851.0,6.0,GDDR5,384,163.4,512,,,1.33,,0.67,204,2.0,40,3.0,520.0,TSMC,PCIe 2.0 x16,14,0.75,https://www.techpowerup.com/gpu-specs/quadro-7000.c1840
NVIDIA,Quadro K1000M,GK107,Kepler,Quadro Kepler-M(Kx000M),2012-06-01,850.0,850.0,900.0,2.0,DDR3,128,28.8,192,,,0.33,,0.01,45,3.0,28,1.27,118.0,TSMC,MXM-A (3.0),,0.25,https://www.techpowerup.com/gpu-specs/quadro-k1000m.c1425
NVIDIA,Quadro K2000M,GK107,Kepler,Quadro Kepler-M(Kx000M),2012-06-01,745.0,745.0,900.0,2.0,DDR3,128,28.8,384,,,0.57,,0.02,55,3.0,28,1.27,118.0,TSMC,MXM-A (3.0),,0.25,https://www.techpowerup.com/gpu-specs/quadro-k2000m.c1424
NVIDIA,Quadro K2000M Embedded,EXK107,Kepler,Quadro Kepler-M(Kx000M),2012-03-22,835.0,1058.0,900.0,2.0,GDDR5,128,57.6,384,,,0.81,,0.03,45,3.0,28,1.27,118.0,TSMC,PCIe 3.0 x16,2,0.25,https://www.techpowerup.com/gpu-specs/quadro-k2000m-embedded.c4117
NVIDIA,Quadro K3000M,GK104,Kepler,Quadro Kepler-M(Kx000M),2012-06-01,654.0,654.0,700.0,2.0,GDDR5,256,89.6,576,,,0.75,,0.03,75,3.0,28,3.54,294.0,TSMC,MXM-B (3.0),,0.5,https://www.techpowerup.com/gpu-specs/quadro-k3000m.c1423
NVIDIA,Quadro K4000M,GK104,Kepler,Quadro Kepler-M(Kx000M),2012-06-01,601.0,601.0,700.0,4.0,GDDR5,256,89.6,960,,,1.15,,0.05,100,3.0,28,3.54,294.0,TSMC,MXM-B (3.0),,0.5,https://www.techpowerup.com/gpu-specs/quadro-k4000m.c1422
NVIDIA,Quadro K5000,GK104,Kepler,Quadro Kepler(Kx000),2012-08-17,706.0,706.0,1350.0,4.0,GDDR5,256,172.8,1536,,,2.17,,0.09,122,3.0,28,3.54,294.0,TSMC,PCIe 2.0 x16,,0.5,https://www.techpowerup.com/gpu-specs/quadro-k5000.c565
NVIDIA,Quadro K5000 Mac Edition,GK104,Kepler,Quadro Kepler(Kx000),2012-08-07,706.0,706.0,1350.0,4.0,GDDR5,256,172.8,1536,,,2.17,,0.09,122,3.0,28,3.54,294.0,TSMC,PCIe 2.0 x16,,0.5,https://www.techpowerup.com/gpu-specs/quadro-k5000-mac-edition.c1325
NVIDIA,Quadro K5000M,GK104,Kepler,Quadro Kepler-M(Kx000M),2012-08-07,601.0,601.0,750.0,4.0,GDDR5,256,96.0,1344,,,1.61,,0.07,100,3.0,28,3.54,294.0,TSMC,MXM-B (3.0),,0.5,https://www.techpowerup.com/gpu-specs/quadro-k5000m.c1397
NVIDIA,Quadro K500M,GK107,Kepler,Quadro Kepler-M(Kx000M),2012-06-01,709.0,709.0,800.0,1.0,DDR3,64,12.8,192,,,0.27,,0.01,35,3.0,28,1.27,118.0,TSMC,MXM-A (3.0),,0.128,https://www.techpowerup.com/gpu-specs/quadro-k500m.c1426
NVIDIA,Tesla K10,GK104,Kepler,Tesla Kepler(Kxx),2012-05-01,745.0,745.0,1250.0,4.0,GDDR5,256,160.0,1536,,,2.29,,0.1,225,3.0,28,3.54,294.0,TSMC,PCIe 3.0 x16,,0.5,https://www.techpowerup.com/gpu-specs/tesla-k10.c918
NVIDIA,Tesla K20c,GK110,Kepler,Tesla Kepler(Kxx),2012-11-12,706.0,706.0,1300.0,5.0,GDDR5,320,208.0,2496,,,3.52,,1.17,225,3.5,28,7.08,561.0,TSMC,PCIe 2.0 x16,,1.25,https://www.techpowerup.com/gpu-specs/tesla-k20c.c564
NVIDIA,Tesla K20X,GK110,Kepler,Tesla Kepler(Kxx),2012-11-12,732.0,732.0,1300.0,6.0,GDDR5,384,249.6,2688,,,3.94,,1.31,235,3.5,28,7.08,561.0,TSMC,PCIe 3.0 x16,,1.5,https://www.techpowerup.com/gpu-specs/tesla-k20x.c2315
NVIDIA,Tesla K20Xm,GK110,Kepler,Tesla Kepler(Kxx),2012-11-12,732.0,732.0,1300.0,6.0,GDDR5,384,249.6,2688,,,3.94,,1.31,235,3.5,28,7.08,561.0,TSMC,PCIe 3.0 x16,,1.5,https://www.techpowerup.com/gpu-specs/tesla-k20xm.c1884
AMD,FirePro A300,Devastator,TeraScale 3,TeraScale 3 IGP(Trinity Mobile),2012-06-06,760.0,905.0,,,System Shared,,,384,,,0.69,,,65,,32,1.3,246.0,GlobalFoundries,PCIe 2.0 x16,,,https://www.techpowerup.com/gpu-specs/firepro-a300.c1889
AMD,FirePro A320,Devastator,TeraScale 3,TeraScale 3 IGP(Trinity Mobile),2012-06-06,800.0,955.0,,,System Shared,,,384,,,0.73,,,100,,32,1.3,246.0,GlobalFoundries,PCIe 2.0 x16,,,https://www.techpowerup.com/gpu-specs/firepro-a320.c1890
AMD,FirePro M2000,Turks,TeraScale 2,FirePro Mobile(Mx000),2012-07-01,500.0,500.0,800.0,1.0,GDDR5,64,25.6,480,,,0.48,,,33,,40,0.72,118.0,TSMC,PCIe 2.0 x16,,,https://www.techpowerup.com/gpu-specs/firepro-m2000.c1676
AMD,FirePro M4000,Chelsea,GCN 1.0,FirePro Mobile(Mx000),2012-06-27,675.0,675.0,1000.0,1.0,GDDR5,128,64.0,512,,,0.69,,0.04,33,,28,1.5,123.0,TSMC,MXM-A (3.0),,0.25,https://www.techpowerup.com/gpu-specs/firepro-m4000.c1677
AMD,FirePro M6000,Heathrow,GCN 1.0,FirePro Mobile(Mx000),2012-07-01,800.0,800.0,1000.0,2.0,GDDR5,128,64.0,640,,,1.02,,0.06,43,,28,1.5,123.0,TSMC,MXM-B (3.0),,0.25,https://www.techpowerup.com/gpu-specs/firepro-m6000.c1678
AMD,FirePro S10000,Tahiti,GCN 1.0,FirePro Server(Sx000),2012-11-12,825.0,950.0,1250.0,3.0,GDDR5,384,240.0,1792,,,3.4,,0.85,375,,28,4.31,352.0,TSMC,PCIe 3.0 x16,,0.75,https://www.techpowerup.com/gpu-specs/firepro-s10000.c802
AMD,FirePro S10000 Passive,Tahiti,GCN 1.0,FirePro Server(Sx000),2012-11-12,825.0,950.0,1250.0,3.0,GDDR5,384,240.0,1792,,,3.4,,0.85,375,,28,4.31,352.0,TSMC,PCIe 3.0 x16,,0.75,https://www.techpowerup.com/gpu-specs/firepro-s10000-passive.c2507
AMD,FirePro S7000,Pitcairn,GCN 1.0,FirePro Server(Sx000),2012-08-27,950.0,950.0,1200.0,4.0,GDDR5,256,153.6,1280,,,2.43,,0.15,150,,28,2.8,212.0,TSMC,PCIe 3.0 x16,,0.5,https://www.techpowerup.com/gpu-specs/firepro-s7000.c801
AMD,FirePro S9000,Tahiti,GCN 1.0,FirePro Server(Sx000),2012-08-24,900.0,900.0,1375.0,6.0,GDDR5,384,264.0,1792,,,3.23,,0.81,225,,28,4.31,352.0,TSMC,PCIe 3.0 x16,,0.75,https://www.techpowerup.com/gpu-specs/firepro-s9000.c1879
AMD,FirePro S9010,Tahiti,GCN 1.0,FirePro Server(Sx000),2012-08-24,800.0,800.0,1250.0,3.0,GDDR5,384,240.0,1792,,,2.87,,0.72,200,,28,4.31,352.0,TSMC,PCIe 3.0 x16,,0.75,https://www.techpowerup.com/gpu-specs/firepro-s9010.c3237
AMD,FirePro V3900,Turks,TeraScale 2,FirePro Terascale(Vx900),2012-02-07,650.0,650.0,900.0,1.0,GDDR3,128,28.8,480,,,0.62,,,50,,40,0.72,118.0,TSMC,PCIe 2.0 x16,,0.25,https://www.techpowerup.com/gpu-specs/firepro-v3900.c579
AMD,FirePro W4000,Pitcairn,GCN 1.0,FirePro GCN(Wx000),2012-08-07,825.0,825.0,800.0,2.0,GDDR5,256,102.4,768,,,1.27,,0.08,75,,28,2.8,212.0,TSMC,PCIe 3.0 x16,,0.5,https://www.techpowerup.com/gpu-specs/firepro-w4000.c1880
AMD,FirePro W5000,Pitcairn,GCN 1.0,FirePro GCN(Wx000),2012-08-07,825.0,825.0,800.0,2.0,GDDR5,256,102.4,768,,,1.27,,0.08,75,,28,2.8,212.0,TSMC,PCIe 3.0 x16,,0.5,https://www.techpowerup.com/gpu-specs/firepro-w5000.c588
AMD,FirePro W600,Cape Verde,GCN 1.0,FirePro GCN(Wx000),2012-06-13,750.0,750.0,1000.0,2.0,GDDR5,128,64.0,512,,,0.77,,0.05,75,,28,1.5,123.0,TSMC,PCIe 3.0 x16,,0.25,https://www.techpowerup.com/gpu-specs/firepro-w600.c562
AMD,FirePro W7000,Pitcairn,GCN 1.0,FirePro GCN(Wx000),2012-06-13,950.0,950.0,1200.0,4.0,GDDR5,256,153.6,1280,,,2.43,,0.15,150,,28,2.8,212.0,TSMC,PCIe 3.0 x16,,0.5,https://www.techpowerup.com/gpu-specs/firepro-w7000.c587
AMD,FirePro W8000,Tahiti,GCN 1.0,FirePro GCN(Wx000),2012-06-14,900.0,900.0,1375.0,4.0,GDDR5,256,176.0,1792,,,3.23,,0.81,225,,28,4.31,352.0,TSMC,PCIe 3.0 x16,,0.5,https://www.techpowerup.com/gpu-specs/firepro-w8000.c586
AMD,FirePro W9000,Tahiti,GCN 1.0,FirePro GCN(Wx000),2012-06-14,975.0,975.0,1375.0,6.0,GDDR5,384,264.0,2048,,,3.99,,1.0,274,,28,4.31,352.0,TSMC,PCIe 3.0 x16,,0.75,https://www.techpowerup.com/gpu-specs/firepro-w9000.c585
AMD,Radeon HD 6850 1440SP Edition,Cypress,TeraScale 2,Northern Islands(HD 6800),2012-08-21,725.0,725.0,1000.0,1.0,GDDR5,256,128.0,1440,,,2.09,,0.42,151,,40,2.15,334.0,TSMC,PCIe 2.0 x16,,0.5,https://www.techpowerup.com/gpu-specs/radeon-hd-6850-1440sp-edition.c2219
AMD,Radeon HD 7290 IGP,Loveland,TeraScale 2,TeraScale 2 IGP(Wrestler 2 Mobile),2012-06-06,276.0,276.0,,,System Shared,,,80,,,0.04,,,18,,40,0.45,75.0,TSMC,IGP,,,https://www.techpowerup.com/gpu-specs/radeon-hd-7290-igp.c1999
AMD,Radeon HD 7310 IGP,Loveland,TeraScale 2,TeraScale 2 IGP(Wrestler 2 Mobile),2012-06-06,500.0,500.0,,,System Shared,,,80,,,0.08,,,18,,40,0.45,75.0,TSMC,IGP,,,https://www.techpowerup.com/gpu-specs/radeon-hd-7310-igp.c884
AMD,Radeon HD 7330M,Robson,TeraScale 2,London(HD 7300M),2012-01-07,650.0,650.0,500.0,1.0,GDDR3,64,8.0,80,,,0.1,,,5,,40,0.29,59.0,TSMC,PCIe 2.0 x16,,0.128,https://www.techpowerup.com/gpu-specs/radeon-hd-7330m.c1194
AMD,Radeon HD 7340 IGP,Loveland,TeraScale 2,TeraScale 2 IGP(Wrestler 2 Mobile),2012-06-06,523.0,523.0,,,System Shared,,,80,,,0.08,,,18,,40,0.45,75.0,TSMC,IGP,,,https://www.techpowerup.com/gpu-specs/radeon-hd-7340-igp.c885
AMD,Radeon HD 7350 OEM,Cedar,TeraScale 2,Southern Islands(HD 7300),2012-01-05,650.0,650.0,800.0,0.5,GDDR3,64,12.8,80,,,0.1,,,19,,40,0.29,59.0,TSMC,PCIe 2.0 x16,,0.128,https://www.techpowerup.com/gpu-specs/radeon-hd-7350-oem.c632
AMD,Radeon HD 7350 OEM PCI,Cedar,TeraScale 2,Southern Islands(HD 7300),2012-01-05,650.0,650.0,500.0,0.5,GDDR3,64,8.0,80,,,0.1,,,19,,40,0.29,59.0,TSMC,PCI,,0.128,https://www.techpowerup.com/gpu-specs/radeon-hd-7350-oem-pci.c2365
AMD,Radeon HD 7350M,Robson,TeraScale 2,London(HD 7300M),2012-01-07,650.0,650.0,500.0,1.0,GDDR3,64,8.0,80,,,0.1,,,7,,40,0.29,59.0,TSMC,PCIe 2.0 x16,,0.128,https://www.techpowerup.com/gpu-specs/radeon-hd-7350m.c1196
AMD,Radeon HD 7370M,Robson,TeraScale 2,London(HD 7300M),2012-01-07,750.0,750.0,800.0,1.0,DDR3,64,12.8,80,,,0.12,,,11,,40,0.29,59.0,TSMC,PCIe 2.0 x16,,0.128,https://www.techpowerup.com/gpu-specs/radeon-hd-7370m.c1192
AMD,Radeon HD 7400G IGP,Scrapper,TeraScale 3,TeraScale 3 IGP(Trinity Mobile),2012-10-02,327.0,424.0,,,System Shared,,,192,,,0.16,,,17,,32,1.3,246.0,GlobalFoundries,IGP,,,https://www.techpowerup.com/gpu-specs/radeon-hd-7400g-igp.c1399
AMD,Radeon HD 7420G IGP,Scrapper Lite,TeraScale 3,TeraScale 3 IGP(Trinity Mobile),2012-06-06,480.0,655.0,,,System Shared,,,128,,,0.17,,,35,,32,1.3,246.0,GlobalFoundries,IGP,,,https://www.techpowerup.com/gpu-specs/radeon-hd-7420g-igp.c683
AMD,Radeon HD 7430M,Seymour,TeraScale 2,London(HD 7400M),2012-01-07,600.0,600.0,800.0,1.0,DDR3,64,12.8,160,,,0.19,,,7,,40,0.37,67.0,TSMC,PCIe 2.0 x16,,0.128,https://www.techpowerup.com/gpu-specs/radeon-hd-7430m.c1205
AMD,Radeon HD 7450 OEM,Caicos,TeraScale 2,Southern Islands(HD 7400),2012-01-05,625.0,625.0,533.0,0.5,GDDR3,64,8.528,160,,,0.2,,,18,,40,0.37,67.0,TSMC,PCIe 2.0 x16,,0.128,https://www.techpowerup.com/gpu-specs/radeon-hd-7450-oem.c300
AMD,Radeon HD 7450A,Caicos,TeraScale 2,All-In-One(HD 7000),2012-01-05,625.0,625.0,800.0,0.5,GDDR3,64,12.8,160,,,0.2,,,25,,40,0.37,67.0,TSMC,MXM-A (3.0),,0.128,https://www.techpowerup.com/gpu-specs/radeon-hd-7450a.c1688
AMD,Radeon HD 7450M,Seymour,TeraScale 2,London(HD 7400M),2012-01-07,750.0,750.0,900.0,1.0,DDR3,64,14.4,160,,,0.24,,,7,,40,0.37,67.0,TSMC,PCIe 2.0 x16,,0.128,https://www.techpowerup.com/gpu-specs/radeon-hd-7450m.c369
AMD,Radeon HD 7470 OEM,Caicos,TeraScale 2,Southern Islands(HD 7400),2012-01-05,750.0,750.0,900.0,1.0,GDDR5,64,28.8,160,,,0.24,,,27,,40,0.37,67.0,TSMC,PCIe 2.0 x16,,0.128,https://www.techpowerup.com/gpu-specs/radeon-hd-7470-oem.c299
AMD,Radeon HD 7470A,Caicos,TeraScale 2,All-In-One(HD 7000),2012-01-05,625.0,625.0,800.0,0.5,GDDR3,64,12.8,160,,,0.2,,,25,,40,0.37,67.0,TSMC,MXM-A (3.0),,0.128,https://www.techpowerup.com/gpu-specs/radeon-hd-7470a.c2394
AMD,Radeon HD 7470M,Seymour,TeraScale 2,London(HD 7400M),2012-01-07,750.0,800.0,900.0,1.0,DDR3,64,14.4,160,,,0.26,,,25,,40,0.37,67.0,TSMC,PCIe 2.0 x16,,0.128,https://www.techpowerup.com/gpu-specs/radeon-hd-7470m.c370
AMD,Radeon HD 7480D IGP,Scrapper Lite,TeraScale 3,TeraScale 3 IGP(Trinity),2012-10-02,720.0,720.0,,,System Shared,,,128,,,0.18,,,65,,32,1.3,246.0,GlobalFoundries,IGP,,,https://www.techpowerup.com/gpu-specs/radeon-hd-7480d-igp.c822
AMD,Radeon HD 7490M,Seymour,TeraScale 2,London(HD 7400M),2012-01-07,800.0,800.0,950.0,1.0,GDDR5,64,30.4,160,,,0.26,,,9,,40,0.37,67.0,TSMC,PCIe 2.0 x16,,0.128,https://www.techpowerup.com/gpu-specs/radeon-hd-7490m.c371
AMD,Radeon HD 7500G IGP,Devastator Lite,TeraScale 3,TeraScale 3 IGP(Trinity Mobile),2012-05-15,327.0,424.0,,,System Shared,,,256,,,0.22,,,17,,32,1.3,246.0,GlobalFoundries,IGP,,,https://www.techpowerup.com/gpu-specs/radeon-hd-7500g-igp.c684
AMD,Radeon HD 7510M,Thames,TeraScale 2,London(HD 7500M),2012-01-07,450.0,450.0,800.0,1.0,DDR3,64,12.8,400,,,0.36,,,11,,40,0.72,118.0,TSMC,PCIe 2.0 x16,,,https://www.techpowerup.com/gpu-specs/radeon-hd-7510m.c372
AMD,Radeon HD 7520G IGP,Scrapper,TeraScale 3,TeraScale 3 IGP(Trinity Mobile),2012-06-06,496.0,686.0,,,System Shared,,,192,,,0.26,,,35,,32,1.3,246.0,GlobalFoundries,IGP,,,https://www.techpowerup.com/gpu-specs/radeon-hd-7520g-igp.c685
AMD,Radeon HD 7530M,Thames,TeraScale 2,London(HD 7500M),2012-01-07,450.0,450.0,900.0,1.0,DDR3,64,14.4,400,,,0.36,,,11,,40,0.72,118.0,TSMC,PCIe 2.0 x16,,,https://www.techpowerup.com/gpu-specs/radeon-hd-7530m.c373
AMD,Radeon HD 7540D IGP,Scrapper,TeraScale 3,TeraScale 3 IGP(Trinity),2012-10-02,760.0,760.0,,,System Shared,,,192,,,0.29,,,65,,32,1.3,246.0,GlobalFoundries,IGP,,,https://www.techpowerup.com/gpu-specs/radeon-hd-7540d-igp.c823
AMD,Radeon HD 7550M,Thames,TeraScale 2,London(HD 7500M),2012-01-07,500.0,500.0,900.0,1.0,DDR3,128,28.8,480,,,0.48,,,14,,40,0.72,118.0,TSMC,PCIe 2.0 x16,,0.25,https://www.techpowerup.com/gpu-specs/radeon-hd-7550m.c2290
AMD,Radeon HD 7560D IGP,Devastator Lite,TeraScale 3,TeraScale 3 IGP(Trinity),2012-10-02,760.0,760.0,,,System Shared,,,256,,,0.39,,,65,,32,1.3,246.0,GlobalFoundries,IGP,,,https://www.techpowerup.com/gpu-specs/radeon-hd-7560d-igp.c824
AMD,Radeon HD 7560G IGP,Devastator Lite,TeraScale 3,TeraScale 3 IGP(Trinity Mobile),2012-05-15,496.0,760.0,,,System Shared,,,256,,,0.39,,,35,,32,1.3,246.0,GlobalFoundries,IGP,,,https://www.techpowerup.com/gpu-specs/radeon-hd-7560g-igp.c2408
AMD,Radeon HD 7570,Turks,TeraScale 2,Southern Islands(HD 7500),2012-01-05,650.0,650.0,800.0,1.0,GDDR3,128,25.6,480,,,0.62,,,60,,40,0.72,118.0,TSMC,PCIe 2.0 x16,,0.25,https://www.techpowerup.com/gpu-specs/radeon-hd-7570.c393
AMD,Radeon HD 7570M,Thames,TeraScale 2,London(HD 7500M),2012-01-07,500.0,500.0,800.0,1.0,GDDR5,64,25.6,480,,,0.48,,,13,,40,0.72,118.0,TSMC,PCIe 2.0 x16,,,https://www.techpowerup.com/gpu-specs/radeon-hd-7570m.c399
AMD,Radeon HD 7590M,Thames,TeraScale 2,London(HD 7500M),2012-01-07,600.0,600.0,800.0,1.0,GDDR5,64,25.6,480,,,0.58,,,18,,40,0.72,118.0,TSMC,PCIe 2.0 x16,,,https://www.techpowerup.com/gpu-specs/radeon-hd-7590m.c376
AMD,Radeon HD 7600G IGP,Devastator,TeraScale 3,TeraScale 3 IGP(Trinity Mobile),2012-09-01,320.0,424.0,,,System Shared,,,384,,,0.33,,,19,,32,1.3,246.0,GlobalFoundries,IGP,,,https://www.techpowerup.com/gpu-specs/radeon-hd-7600g-igp.c1400
AMD,Radeon HD 7610M,Whistler,TeraScale 2,London(HD 7600M),2012-01-07,500.0,500.0,800.0,1.0,GDDR3,128,25.6,400,,,0.4,,,20,,40,0.72,118.0,TSMC,PCIe 2.0 x16,,0.25,https://www.techpowerup.com/gpu-specs/radeon-hd-7610m.c377
AMD,Radeon HD 7620G IGP,Devastator,TeraScale 3,TeraScale 3 IGP(Trinity Mobile),2012-05-15,360.0,497.0,,,System Shared,,,384,,,0.38,,,25,,32,1.3,246.0,GlobalFoundries,IGP,,,https://www.techpowerup.com/gpu-specs/radeon-hd-7620g-igp.c686
AMD,Radeon HD 7630M,Thames,TeraScale 2,London(HD 7600M),2012-01-07,450.0,450.0,800.0,1.0,DDR3,128,25.6,480,,,0.43,,,20,,40,0.72,118.0,TSMC,PCIe 2.0 x16,,0.25,https://www.techpowerup.com/gpu-specs/radeon-hd-7630m.c378
AMD,Radeon HD 7640G IGP,Devastator Lite,TeraScale 3,TeraScale 3 IGP(Trinity Mobile),2012-05-15,496.0,655.0,,,System Shared,,,256,,,0.34,,,35,,32,1.3,246.0,GlobalFoundries,IGP,,,https://www.techpowerup.com/gpu-specs/radeon-hd-7640g-igp.c701
AMD,Radeon HD 7650A,Onega,TeraScale 2,All-In-One(HD 7000),2012-01-05,600.0,600.0,900.0,1.0,DDR3,128,28.8,480,,,0.58,,,33,,40,0.72,118.0,TSMC,MXM-A (3.0),,0.25,https://www.techpowerup.com/gpu-specs/radeon-hd-7650a.c1694
AMD,Radeon HD 7650M,Thames,TeraScale 2,London(HD 7600M),2012-01-07,500.0,500.0,800.0,1.0,DDR3,128,25.6,480,,,0.48,,,20,,40,0.72,118.0,TSMC,PCIe 2.0 x16,,0.25,https://www.techpowerup.com/gpu-specs/radeon-hd-7650m.c1210
AMD,Radeon HD 7650M Rebrand,Whistler,TeraScale 2,London(HD 7600M),2012-03-28,485.0,485.0,800.0,1.0,DDR3,128,25.6,480,,,0.47,,,20,,40,0.72,118.0,TSMC,PCIe 2.0 x16,,0.25,https://www.techpowerup.com/gpu-specs/radeon-hd-7650m-rebrand.c2291
AMD,Radeon HD 7660D IGP,Devastator,TeraScale 3,TeraScale 3 IGP(Trinity),2012-10-02,760.0,760.0,,,System Shared,,,384,,,0.58,,,100,,32,1.3,246.0,GlobalFoundries,IGP,,,https://www.techpowerup.com/gpu-specs/radeon-hd-7660d-igp.c825
AMD,Radeon HD 7660G IGP,Devastator,TeraScale 3,TeraScale 3 IGP(Trinity Mobile),2012-05-15,686.0,686.0,,,System Shared,,,384,,,0.53,,,35,,32,1.3,246.0,GlobalFoundries,IGP,,,https://www.techpowerup.com/gpu-specs/radeon-hd-7660g-igp.c688
AMD,Radeon HD 7670 OEM,Turks,TeraScale 2,Southern Islands(HD 7600),2012-01-05,800.0,800.0,1000.0,0.5,GDDR5,128,64.0,480,,,0.77,,,66,,40,0.72,118.0,TSMC,PCIe 2.0 x16,,0.25,https://www.techpowerup.com/gpu-specs/radeon-hd-7670-oem.c392
AMD,Radeon HD 7670A,Turks,TeraScale 2,All-In-One(HD 7000),2012-01-05,600.0,600.0,1000.0,1.0,GDDR5,128,64.0,480,,,0.58,,,45,,40,0.72,118.0,TSMC,MXM-A (3.0),,0.25,https://www.techpowerup.com/gpu-specs/radeon-hd-7670a.c1689
AMD,Radeon HD 7670M,Thames,TeraScale 2,London(HD 7600M),2012-02-17,600.0,600.0,900.0,1.0,DDR3,128,28.8,480,,,0.58,,,20,,40,0.72,118.0,TSMC,PCIe 2.0 x16,,0.25,https://www.techpowerup.com/gpu-specs/radeon-hd-7670m.c380
AMD,Radeon HD 7670M Rebrand,Whistler,TeraScale 2,London(HD 7600M),2012-07-01,600.0,600.0,900.0,1.0,GDDR3,128,28.8,480,,,0.58,,,20,,40,0.72,118.0,TSMC,PCIe 2.0 x16,,0.25,https://www.techpowerup.com/gpu-specs/radeon-hd-7670m-rebrand.c2321
AMD,Radeon HD 7690M Rebrand,Whistler,TeraScale 2,London(HD 7600M),2012-01-07,600.0,600.0,800.0,1.0,GDDR3,128,25.6,480,,,0.58,,,20,,40,0.72,118.0,TSMC,PCIe 2.0 x16,,0.25,https://www.techpowerup.com/gpu-specs/radeon-hd-7690m-rebrand.c1199
AMD,Radeon HD 7690M XT Rebrand,Whistler,TeraScale 2,London(HD 7600M),2012-01-04,725.0,725.0,800.0,1.0,GDDR5,128,51.2,480,,,0.7,,,25,,40,0.72,118.0,TSMC,PCIe 2.0 x16,,0.25,https://www.techpowerup.com/gpu-specs/radeon-hd-7690m-xt-rebrand.c2296
AMD,Radeon HD 7730M,Chelsea,GCN 1.0,London(HD 7700M),2012-04-24,575.0,675.0,900.0,2.0,DDR3,128,28.8,512,,,0.69,,0.04,25,,28,1.5,123.0,TSMC,PCIe 2.0 x16,,0.25,https://www.techpowerup.com/gpu-specs/radeon-hd-7730m.c1200
AMD,Radeon HD 7750,Cape Verde,GCN 1.0,Southern Islands(HD 7700),2012-02-15,800.0,800.0,1125.0,1.0,GDDR5,128,72.0,512,,,0.82,,0.05,55,,28,1.5,123.0,TSMC,PCIe 3.0 x16,,0.25,https://www.techpowerup.com/gpu-specs/radeon-hd-7750.c309
AMD,Radeon HD 7750M,Chelsea,GCN 1.0,London(HD 7700M),2012-04-24,575.0,575.0,1000.0,1.0,GDDR5,128,64.0,512,,,0.59,,0.04,28,,28,1.5,123.0,TSMC,PCIe 2.0 x16,,0.25,https://www.techpowerup.com/gpu-specs/radeon-hd-7750m.c384
AMD,Radeon HD 7770 GHz Edition,Cape Verde,GCN 1.0,Southern Islands(HD 7700),2012-02-15,1000.0,1000.0,1125.0,1.0,GDDR5,128,72.0,640,,,1.28,,0.08,80,,28,1.5,123.0,TSMC,PCIe 3.0 x16,,0.25,https://www.techpowerup.com/gpu-specs/radeon-hd-7770-ghz-edition.c308
AMD,Radeon HD 7770M,Chelsea,GCN 1.0,London(HD 7700M),2012-04-24,675.0,675.0,1000.0,1.0,GDDR5,128,64.0,512,,,0.69,,0.04,32,,28,1.5,123.0,TSMC,PCIe 2.0 x16,,0.25,https://www.techpowerup.com/gpu-specs/radeon-hd-7770m.c1204
AMD,Radeon HD 7850,Pitcairn,GCN 1.0,Southern Islands(HD 7800),2012-03-05,860.0,860.0,1200.0,2.0,GDDR5,256,153.6,1024,,,1.76,,0.11,130,,28,2.8,212.0,TSMC,PCIe 3.0 x16,,0.5,https://www.techpowerup.com/gpu-specs/radeon-hd-7850.c1055
AMD,Radeon HD 7850M,Heathrow,GCN 1.0,London(HD 7800M),2012-04-24,675.0,675.0,1000.0,2.0,GDDR5,128,64.0,640,,,0.86,,0.05,40,,28,1.5,123.0,TSMC,PCIe 3.0 x16,,0.25,https://www.techpowerup.com/gpu-specs/radeon-hd-7850m.c386
AMD,Radeon HD 7870 GHz Edition,Pitcairn,GCN 1.0,Southern Islands(HD 7800),2012-03-05,1000.0,1000.0,1200.0,2.0,GDDR5,256,153.6,1280,,,2.56,,0.16,175,,28,2.8,212.0,TSMC,PCIe 3.0 x16,,0.5,https://www.techpowerup.com/gpu-specs/radeon-hd-7870-ghz-edition.c339
AMD,Radeon HD 7870 XT,Tahiti,GCN 1.0,Southern Islands(HD 7800),2012-11-19,925.0,975.0,1500.0,2.0,GDDR5,256,192.0,1536,,,3.0,,0.75,185,,28,4.31,352.0,TSMC,PCIe 3.0 x16,,0.5,https://www.techpowerup.com/gpu-specs/radeon-hd-7870-xt.c1860
AMD,Radeon HD 7870M,Heathrow,GCN 1.0,London(HD 7800M),2012-04-24,800.0,800.0,1000.0,2.0,GDDR5,128,64.0,640,,,1.02,,0.06,45,,28,1.5,123.0,TSMC,PCIe 3.0 x16,,0.25,https://www.techpowerup.com/gpu-specs/radeon-hd-7870m.c387
AMD,Radeon HD 7950,Tahiti,GCN 1.0,Southern Islands(HD 7900),2012-01-31,800.0,800.0,1250.0,3.0,GDDR5,384,240.0,1792,,,2.87,,0.72,200,,28,4.31,352.0,TSMC,PCIe 3.0 x16,,0.75,https://www.techpowerup.com/gpu-specs/radeon-hd-7950.c307
AMD,Radeon HD 7950 Boost,Tahiti,GCN 1.0,Southern Islands(HD 7900),2012-06-22,850.0,925.0,1250.0,3.0,GDDR5,384,240.0,1792,,,3.31,,0.83,200,,28,4.31,352.0,TSMC,PCIe 3.0 x16,,0.75,https://www.techpowerup.com/gpu-specs/radeon-hd-7950-boost.c1181
AMD,Radeon HD 7950 Monica BIOS 1,Tahiti,GCN 1.0,Southern Islands(HD 7900),2012-01-31,925.0,925.0,1250.0,3.0,GDDR5,384,240.0,1536,,,2.84,,0.71,185,,28,4.31,352.0,TSMC,PCIe 3.0 x16,,0.75,https://www.techpowerup.com/gpu-specs/radeon-hd-7950-monica-bios-1.c3076
AMD,Radeon HD 7950 Monica BIOS 2,Tahiti,GCN 1.0,Southern Islands(HD 7900),2012-01-31,800.0,800.0,1250.0,3.0,GDDR5,384,240.0,768,,,1.23,,0.31,85,,28,4.31,352.0,TSMC,PCIe 3.0 x16,,0.75,https://www.techpowerup.com/gpu-specs/radeon-hd-7950-monica-bios-2.c3077
AMD,Radeon HD 7950M,Wimbledon,GCN 1.0,London(HD 7900M),2012-04-24,700.0,700.0,1000.0,2.0,GDDR5,256,128.0,1280,,,1.79,,,75,,28,2.8,212.0,TSMC,MXM-B (3.0),,0.5,https://www.techpowerup.com/gpu-specs/radeon-hd-7950m.c1293
AMD,Radeon HD 7970,Tahiti,GCN 1.0,Southern Islands(HD 7900),2012-01-09,925.0,925.0,1375.0,3.0,GDDR5,384,264.0,2048,,,3.79,,0.95,250,,28,4.31,352.0,TSMC,PCIe 3.0 x16,,0.75,https://www.techpowerup.com/gpu-specs/radeon-hd-7970.c296
AMD,Radeon HD 7970 GHz Edition,Tahiti,GCN 1.0,Southern Islands(HD 7900),2012-06-22,1000.0,1050.0,1500.0,3.0,GDDR5,384,288.0,2048,,,4.3,,1.08,300,,28,4.31,352.0,TSMC,PCIe 3.0 x16,,0.75,https://www.techpowerup.com/gpu-specs/radeon-hd-7970-ghz-edition.c365
AMD,Radeon HD 7970 X2,New Zealand,GCN 1.0,Southern Islands(HD 7900),2012-08-31,925.0,925.0,1375.0,3.0,GDDR5,384,264.0,2048,,,3.79,,0.95,500,,28,4.31,352.0,TSMC,PCIe 3.0 x16,,0.75,https://www.techpowerup.com/gpu-specs/radeon-hd-7970-x2.c730
AMD,Radeon HD 7970M,Wimbledon,GCN 1.0,London(HD 7900M),2012-04-24,850.0,850.0,1200.0,2.0,GDDR5,256,153.6,1280,,,2.18,,0.14,100,,28,2.8,212.0,TSMC,MXM-B (3.0),,0.5,https://www.techpowerup.com/gpu-specs/radeon-hd-7970m.c388
AMD,Radeon HD 7970M X2,Wimbledon,GCN 1.0,London(HD 7900M),2012-04-24,850.0,850.0,1200.0,2.0,GDDR5,256,153.6,1280,,,2.18,,0.14,200,,28,2.8,212.0,TSMC,MXM-B (3.0),,0.5,https://www.techpowerup.com/gpu-specs/radeon-hd-7970m-x2.c4125
AMD,Wii U GPU,Latte,TeraScale 2,Console GPU(Nintendo),2012-11-18,550.0,550.0,800.0,2.0,DDR3,64,12.8,160,,,0.18,,,33,,40,0.88,146.0,Renesas,,,,https://www.techpowerup.com/gpu-specs/wii-u-gpu.c1903
Intel,HD Graphics 4000,Ivy Bridge GT2,Generation 7.0,HD Graphics(Ivy Bridge),2012-05-14,650.0,1050.0,,,System Shared,,,128,,,0.27,,0.07,,,22,1.2,133.0,Intel,Ring Bus,,,https://www.techpowerup.com/gpu-specs/hd-graphics-4000.c1282
Intel,HD Graphics 4000 Mobile,Ivy Bridge GT2,Generation 7.0,HD Graphics-M(Ivy Bridge),2012-05-14,650.0,1000.0,,,System Shared,,,128,,,0.26,,0.06,45,,22,1.2,133.0,Intel,Ring Bus,,,https://www.techpowerup.com/gpu-specs/hd-graphics-4000-mobile.c1266
Intel,HD Graphics 6EU,Ivy Bridge GT1,Generation 7.0,HD Graphics(Ivy Bridge),2012-04-01,650.0,1050.0,,,System Shared,,,48,,,0.1,,0.03,,,22,0.39,94.0,Intel,Ring Bus,,,https://www.techpowerup.com/gpu-specs/hd-graphics-6eu.c1250
Intel,HD Graphics P4000,Ivy Bridge GT2,Generation 7.0,HD Graphics-W(Ivy Bridge),2012-05-14,650.0,1250.0,,,System Shared,,,128,,,0.32,,0.08,45,,22,1.2,133.0,Intel,Ring Bus,,,https://www.techpowerup.com/gpu-specs/hd-graphics-p4000.c2027
Intel,Xeon Phi 3120A,Knights Corner,Knights,Knights Corner(x100),2012-11-12,1100.0,1100.0,1250.0,6.0,GDDR5,384,240.0,912,,,2.01,,,300,,22,5.0,720.0,Intel,PCIe 3.0 x16,,,https://www.techpowerup.com/gpu-specs/xeon-phi-3120a.c1886
Intel,Xeon Phi 5110P,Knights Corner,Knights,Knights Corner(x100),2012-11-12,1053.0,1053.0,1250.0,8.0,GDDR5,512,320.0,960,,,2.02,,,225,,22,5.0,720.0,Intel,PCIe 3.0 x16,,,https://www.techpowerup.com/gpu-specs/xeon-phi-5110p.c2480
Intel,Xeon Phi SE10X,Knights Corner,Knights,Knights Corner,2012-11-12,1100.0,1100.0,1375.0,8.0,GDDR5,512,352.0,976,,,2.15,,,300,,22,5.0,720.0,Intel,PCIe 3.0 x16,,,https://www.techpowerup.com/gpu-specs/xeon-phi-se10x.c1891
ATI,FirePro V7760,RV770,TeraScale,FirePro Terascale(Vx700),2012-01-01,750.0,750.0,850.0,1.0,GDDR3,128,27.2,800,,,1.2,,,76,,55,0.96,256.0,TSMC,PCIe 2.0 x16,,0.128,https://www.techpowerup.com/gpu-specs/firepro-v7760.c1791
ATI,FirePro V7770,RV770,TeraScale,FirePro Terascale(Vx700),2012-01-01,625.0,625.0,1050.0,1.0,GDDR4,128,33.6,800,,,1.0,,,76,,55,0.96,256.0,TSMC,PCIe 2.0 x16,,0.128,https://www.techpowerup.com/gpu-specs/firepro-v7770.c1790
ATI,Mobility Radeon HD 5570,Pinewood,TeraScale 2,Manhattan(Mobility HD 5500),2012-11-23,550.0,550.0,800.0,1.0,GDDR3,128,25.6,400,,,0.44,,,20,,40,0.63,104.0,TSMC,PCIe 2.0 x16,,0.25,https://www.techpowerup.com/gpu-specs/mobility-radeon-hd-5570.c2217
ATI,Radeon HD 5470,Cedar,TeraScale 2,Evergreen(HD 5400),2012-02-13,650.0,650.0,400.0,0.5,GDDR3,64,6.4,80,,,0.1,,,19,,40,0.29,59.0,TSMC,PCIe 2.0 x16,,0.128,https://www.techpowerup.com/gpu-specs/radeon-hd-5470.c2062
ATI,Radeon HD 5490,Cedar,TeraScale 2,Evergreen(HD 5400),2012-10-28,650.0,650.0,500.0,1.0,GDDR3,64,8.0,80,,,0.1,,,19,,40,0.29,59.0,TSMC,PCIe 2.0 x16,,0.128,https://www.techpowerup.com/gpu-specs/radeon-hd-5490.c2061
NVIDIA,GeForce 505 OEM,GT216,Tesla 2.0,GeForce 500,2013-02-17,615.0,615.0,700.0,1.0,DDR3,128,22.4,24,,,0.05,,,25,1.2,40,0.49,100.0,TSMC,PCIe 1.0 x16,3,0.064,https://www.techpowerup.com/gpu-specs/geforce-505-oem.c2060
NVIDIA,GeForce 705A,GF119S,Fermi 2.0,GeForce 700A,2014-07-01,475.0,475.0,900.0,1.0,DDR3,64,14.4,48,,,0.09,,0.01,15,2.1,40,0.29,79.0,TSMC,PCIe 2.0 x16,1,0.128,https://www.techpowerup.com/gpu-specs/geforce-705a.c2386
NVIDIA,GeForce 705M,GF117,Fermi 2.0,GeForce 700M,2013-09-27,738.0,738.0,900.0,1.0,DDR3,64,14.4,48,,,0.14,,0.01,15,2.1,28,0.58,116.0,TSMC,PCIe 2.0 x16,1,0.128,https://www.techpowerup.com/gpu-specs/geforce-705m.c2492
NVIDIA,GeForce 710A,GK208,Kepler 2.0,GeForce 700A,2014-03-17,719.0,758.0,1001.0,1.0,DDR3,64,16.02,192,,,0.29,,0.01,15,3.5,28,1.02,87.0,TSMC,PCIe 3.0 x8,,0.5,https://www.techpowerup.com/gpu-specs/geforce-710a.c2566
NVIDIA,GeForce 710M,GF117,Fermi 2.0,GeForce 700M,2013-01-09,775.0,775.0,900.0,1.0,DDR3,64,14.4,96,,,0.3,,0.02,15,2.1,28,0.58,116.0,TSMC,PCIe 2.0 x16,2,0.128,https://www.techpowerup.com/gpu-specs/geforce-710m.c2017
NVIDIA,GeForce 820M,GK107,Kepler,GeForce 800M,2015-03-21,810.0,810.0,901.0,2.0,DDR3,128,28.83,384,,,0.62,,0.03,45,3.0,28,1.27,118.0,TSMC,PCIe 3.0 x16,,0.25,https://www.techpowerup.com/gpu-specs/geforce-820m.c2701
NVIDIA,GeForce GT 625 OEM,GF119S,Fermi 2.0,GeForce 600,2013-02-18,874.0,874.0,825.0,1.0,DDR3,64,13.2,48,,,0.17,,0.01,29,2.1,40,0.29,79.0,TSMC,PCIe 2.0 x16,1,0.128,https://www.techpowerup.com/gpu-specs/geforce-gt-625-oem.c2058
NVIDIA,GeForce GT 630 Rev. 2,GK208,Kepler 2.0,GeForce 600,2013-05-29,902.0,902.0,900.0,2.0,DDR3,64,14.4,384,,,0.69,,0.03,25,3.5,28,1.02,87.0,TSMC,PCIe 2.0 x8,,0.5,https://www.techpowerup.com/gpu-specs/geforce-gt-630-rev-2.c2376
NVIDIA,GeForce GT 630 Rev. 2 PCIe x8,GK208,Kepler 2.0,GeForce 600,2013-05-29,902.0,902.0,900.0,2.0,DDR3,64,14.4,384,,,0.69,,0.03,25,3.5,28,1.02,87.0,TSMC,PCIe 2.0 x8,,0.5,https://www.techpowerup.com/gpu-specs/geforce-gt-630-rev-2-pcie-x8.c2396
NVIDIA,GeForce GT 635 OEM,GK208,Kepler 2.0,GeForce 600,2013-10-01,967.0,967.0,900.0,1.0,DDR3,64,14.4,384,,,0.74,,0.03,35,3.5,28,1.02,87.0,TSMC,PCIe 3.0 x8,,0.5,https://www.techpowerup.com/gpu-specs/geforce-gt-635-oem.c2041
NVIDIA,GeForce GT 640 Rev. 2,GK208,Kepler 2.0,GeForce 600,2013-05-29,1046.0,1046.0,1252.0,1.0,GDDR5,64,40.06,384,,,0.8,,0.03,49,3.5,28,1.02,87.0,TSMC,PCIe 2.0 x8,,0.5,https://www.techpowerup.com/gpu-specs/geforce-gt-640-rev-2.c2377
NVIDIA,GeForce GT 640M Mac Edition,GK107,Kepler,GeForce 600M,2013-02-03,745.0,745.0,1250.0,0.5,GDDR5,64,40.0,384,,,0.57,,0.02,32,3.0,28,1.27,118.0,TSMC,PCIe 3.0 x16,,0.128,https://www.techpowerup.com/gpu-specs/geforce-gt-640m-mac-edition.c2227
NVIDIA,GeForce GT 710M,GF117,Fermi 2.0,GeForce 700M,2013-01-09,775.0,775.0,900.0,1.0,DDR3,64,14.4,96,,,0.3,,0.02,15,2.1,28,0.58,116.0,TSMC,PCIe 2.0 x16,2,0.128,https://www.techpowerup.com/gpu-specs/geforce-gt-710m.c2383
NVIDIA,GeForce GT 720M,GK208,Kepler 2.0,GeForce 700M,2013-12-25,719.0,758.0,800.0,2.0,DDR3,64,12.8,192,,,0.29,,0.01,33,3.5,28,1.02,87.0,TSMC,PCIe 2.0 x8,,0.5,https://www.techpowerup.com/gpu-specs/geforce-gt-720m.c2444
NVIDIA,GeForce GT 730M,GK208,Kepler 2.0,GeForce 700M,2014-03-06,719.0,758.0,900.0,2.0,DDR3,64,14.4,384,,,0.58,,0.02,33,3.5,28,1.02,87.0,TSMC,PCIe 2.0 x8,,0.5,https://www.techpowerup.com/gpu-specs/geforce-gt-730m.c2307
NVIDIA,GeForce GT 735M,GK208,Kepler 2.0,GeForce 700M,2013-04-01,575.0,628.0,900.0,2.0,DDR3,64,14.4,384,,,0.48,,0.02,33,3.5,28,1.02,87.0,TSMC,PCIe 3.0 x8,,0.5,https://www.techpowerup.com/gpu-specs/geforce-gt-735m.c2300
NVIDIA,GeForce GT 740A,GK208,Kepler 2.0,GeForce 700A,2013-08-26,980.0,1033.0,900.0,2.0,DDR3,64,14.4,384,,,0.79,,0.03,33,3.5,28,1.02,87.0,TSMC,PCIe 3.0 x8,,0.5,https://www.techpowerup.com/gpu-specs/geforce-gt-740a.c2456
NVIDIA,GeForce GT 740M,GK107,Kepler,GeForce 700M,2013-04-01,810.0,895.0,901.0,2.0,DDR3,128,28.83,384,,,0.69,,0.03,45,3.0,28,1.27,118.0,TSMC,PCIe 3.0 x16,,0.25,https://www.techpowerup.com/gpu-specs/geforce-gt-740m.c2310
NVIDIA,GeForce GT 745A,GK107,Kepler,GeForce 700A,2013-08-26,837.0,915.0,900.0,2.0,DDR3,128,28.8,384,,,0.7,,0.03,33,3.0,28,1.27,118.0,TSMC,PCIe 3.0 x16,,0.25,https://www.techpowerup.com/gpu-specs/geforce-gt-745a.c2457
NVIDIA,GeForce GT 745M,GK107,Kepler,GeForce 700M,2013-04-01,837.0,915.0,900.0,2.0,DDR3,128,28.8,384,,,0.7,,0.03,45,3.0,28,1.27,118.0,TSMC,PCIe 3.0 x16,,0.25,https://www.techpowerup.com/gpu-specs/geforce-gt-745m.c2298
NVIDIA,GeForce GT 750M,GK107,Kepler,GeForce 700M,2013-01-09,941.0,967.0,1003.0,2.0,GDDR5,128,64.19,384,,,0.74,,0.03,50,3.0,28,1.27,118.0,TSMC,PCIe 3.0 x16,,0.25,https://www.techpowerup.com/gpu-specs/geforce-gt-750m.c2224
NVIDIA,GeForce GT 750M Mac Edition,GK107,Kepler,GeForce 700M,2013-11-08,926.0,926.0,1254.0,1.0,GDDR5,128,80.26,384,,,0.71,,0.03,50,3.0,28,1.27,118.0,TSMC,PCIe 3.0 x16,,0.25,https://www.techpowerup.com/gpu-specs/geforce-gt-750m-mac-edition.c2527
NVIDIA,GeForce GT 755M,GK107,Kepler,GeForce 700M,2013-06-25,980.0,1020.0,1350.0,2.0,GDDR5,128,86.4,384,,,0.78,,0.03,50,3.0,28,1.27,118.0,TSMC,PCIe 3.0 x16,,0.25,https://www.techpowerup.com/gpu-specs/geforce-gt-755m.c2420
NVIDIA,GeForce GT 755M Mac Edition,GK107,Kepler,GeForce 700M,2013-11-08,1085.0,1085.0,1250.0,1.0,GDDR5,128,80.0,384,,,0.83,,0.03,50,3.0,28,1.27,118.0,TSMC,PCIe 3.0 x16,,0.25,https://www.techpowerup.com/gpu-specs/geforce-gt-755m-mac-edition.c2525
NVIDIA,GeForce GTX 645 OEM,GK106S,Kepler,GeForce 600,2013-04-22,824.0,824.0,1000.0,1.0,GDDR5,128,64.0,576,,,0.95,,0.04,65,3.0,28,2.54,221.0,TSMC,PCIe 3.0 x16,,0.25,https://www.techpowerup.com/gpu-specs/geforce-gtx-645-oem.c2359
NVIDIA,GeForce GTX 650 Ti Boost,GK106,Kepler,GeForce 600,2013-03-26,980.0,1032.0,1502.0,2.0,GDDR5,192,144.2,768,,,1.58,,0.07,134,3.0,28,2.54,221.0,TSMC,PCIe 3.0 x16,,0.384,https://www.techpowerup.com/gpu-specs/geforce-gtx-650-ti-boost.c2059
NVIDIA,GeForce GTX 650 Ti OEM,GK106,Kepler,GeForce 600,2013-03-31,928.0,928.0,1350.0,2.0,GDDR5,128,86.4,768,,,1.43,,0.06,110,3.0,28,2.54,221.0,TSMC,PCIe 3.0 x16,,0.25,https://www.techpowerup.com/gpu-specs/geforce-gtx-650-ti-oem.c2301
NVIDIA,GeForce GTX 660M Mac Edition,GK107,Kepler,GeForce 600M,2013-04-01,950.0,950.0,1250.0,0.5,GDDR5,128,80.0,384,,,0.73,,0.03,50,3.0,28,1.27,118.0,TSMC,MXM-B (3.0),,0.25,https://www.techpowerup.com/gpu-specs/geforce-gtx-660m-mac-edition.c2318
NVIDIA,GeForce GTX 675MX Mac Edition,GK104,Kepler,GeForce 600M,2013-04-01,719.0,719.0,1250.0,1.0,GDDR5,256,160.0,1344,,,1.93,,0.08,100,3.0,28,3.54,294.0,TSMC,PCIe 3.0 x16,,0.5,https://www.techpowerup.com/gpu-specs/geforce-gtx-675mx-mac-edition.c2304
NVIDIA,GeForce GTX 680 Mac Edition,GK104,Kepler,GeForce 600,2013-04-03,1006.0,1058.0,1502.0,2.0,GDDR5,256,192.3,1536,,,3.25,,0.14,195,3.0,28,3.54,294.0,TSMC,PCIe 2.0 x16,,0.5,https://www.techpowerup.com/gpu-specs/geforce-gtx-680-mac-edition.c2323
NVIDIA,GeForce GTX 760,GK104,Kepler,GeForce 700,2013-06-25,980.0,1032.0,1502.0,2.0,GDDR5,256,192.3,1152,,,2.38,,0.1,170,3.0,28,3.54,294.0,TSMC,PCIe 3.0 x16,,0.5,https://www.techpowerup.com/gpu-specs/geforce-gtx-760.c1857
NVIDIA,GeForce GTX 760 OEM,GK104,Kepler,GeForce 700,2016-11-06,993.0,1046.0,1650.0,2.0,GDDR5,256,211.2,1344,,,2.81,,0.12,170,3.0,28,3.54,294.0,TSMC,PCIe 3.0 x16,,0.5,https://www.techpowerup.com/gpu-specs/geforce-gtx-760-oem.c3743
NVIDIA,GeForce GTX 760 OEM Rebrand,GK104,Kepler,GeForce 700,2013-08-25,823.0,888.0,1400.0,1.5,GDDR5,256,179.2,1152,,,2.05,,0.09,130,3.0,28,3.54,294.0,TSMC,PCIe 3.0 x16,,0.5,https://www.techpowerup.com/gpu-specs/geforce-gtx-760-oem-rebrand.c2454
NVIDIA,GeForce GTX 760 Ti OEM,GK104,Kepler,GeForce 700,2013-09-27,915.0,980.0,1502.0,2.0,GDDR5,256,192.3,1344,,,2.63,,0.11,170,3.0,28,3.54,294.0,TSMC,PCIe 3.0 x16,,0.5,https://www.techpowerup.com/gpu-specs/geforce-gtx-760-ti-oem.c2491
NVIDIA,GeForce GTX 760 Ti OEM Rebrand,GK104,Kepler,GeForce 700,2013-08-25,915.0,980.0,1502.0,2.0,GDDR5,256,192.3,1344,,,2.63,,0.11,170,3.0,28,3.54,294.0,TSMC,PCIe 3.0 x16,,0.5,https://www.techpowerup.com/gpu-specs/geforce-gtx-760-ti-oem-rebrand.c2453
NVIDIA,GeForce GTX 760 X2,GK104,Kepler,GeForce 700,2013-11-19,1006.0,1072.0,1502.0,2.0,GDDR5,256,192.3,1152,,,2.47,,0.1,250,3.0,28,3.54,294.0,TSMC,PCIe 3.0 x16,,0.5,https://www.techpowerup.com/gpu-specs/geforce-gtx-760-x2.c2521
NVIDIA,GeForce GTX 760M,GK106S,Kepler,GeForce 700M,2013-05-30,628.0,719.0,1002.0,2.0,GDDR5,128,64.13,768,,,1.1,,0.05,55,3.0,28,2.54,221.0,TSMC,PCIe 3.0 x16,,0.25,https://www.techpowerup.com/gpu-specs/geforce-gtx-760m.c2305
NVIDIA,GeForce GTX 765M,GK106,Kepler,GeForce 700M,2013-05-30,797.0,863.0,1002.0,2.0,GDDR5,128,64.13,768,,,1.33,,0.06,75,3.0,28,2.54,221.0,TSMC,MXM-B (3.0),,0.25,https://www.techpowerup.com/gpu-specs/geforce-gtx-765m.c2306
NVIDIA,GeForce GTX 770,GK104,Kepler,GeForce 700,2013-05-30,1046.0,1085.0,1753.0,2.0,GDDR5,256,224.4,1536,,,3.33,,0.14,230,3.0,28,3.54,294.0,TSMC,PCIe 3.0 x16,,0.5,https://www.techpowerup.com/gpu-specs/geforce-gtx-770.c1856
NVIDIA,GeForce GTX 770M,GK106,Kepler,GeForce 700M,2013-05-30,706.0,797.0,1002.0,3.0,GDDR5,192,96.19,960,,,1.53,,0.06,75,3.0,28,2.54,221.0,TSMC,MXM-B (3.0),,0.384,https://www.techpowerup.com/gpu-specs/geforce-gtx-770m.c2129
NVIDIA,GeForce GTX 775M Mac Edition,GK104,Kepler,GeForce 700M,2013-11-08,797.0,797.0,1250.0,2.0,GDDR5,256,160.0,1344,,,2.14,,0.09,100,3.0,28,3.54,294.0,TSMC,MXM-B (3.0),,0.5,https://www.techpowerup.com/gpu-specs/geforce-gtx-775m-mac-edition.c2381
NVIDIA,GeForce GTX 780,GK110,Kepler,GeForce 700,2013-05-23,863.0,902.0,1502.0,3.0,GDDR5,384,288.4,2304,,,4.16,,0.17,250,3.5,28,7.08,561.0,TSMC,PCIe 3.0 x16,,1.5,https://www.techpowerup.com/gpu-specs/geforce-gtx-780.c1701
NVIDIA,GeForce GTX 780 6 GB,GK110B,Kepler,GeForce 700,2013-09-10,863.0,902.0,1502.0,6.0,GDDR5,384,288.4,2304,,,4.16,,0.17,250,3.5,28,7.08,561.0,TSMC,PCIe 3.0 x16,,1.5,https://www.techpowerup.com/gpu-specs/geforce-gtx-780-6-gb.c2707
NVIDIA,GeForce GTX 780 Rev. 2,GK110B,Kepler,GeForce 700,2013-09-10,863.0,902.0,1502.0,3.0,GDDR5,384,288.4,2304,,,4.16,,0.17,250,3.5,28,7.08,561.0,TSMC,PCIe 3.0 x16,,1.5,https://www.techpowerup.com/gpu-specs/geforce-gtx-780-rev-2.c2513
NVIDIA,GeForce GTX 780 Ti,GK110B,Kepler,GeForce 700,2013-11-07,875.0,928.0,1753.0,3.0,GDDR5,384,336.6,2880,,,5.34,,0.22,250,3.5,28,7.08,561.0,TSMC,PCIe 3.0 x16,,1.5,https://www.techpowerup.com/gpu-specs/geforce-gtx-780-ti.c2512
NVIDIA,GeForce GTX 780M,GK104,Kepler,GeForce 700M,2013-05-11,771.0,797.0,1250.0,4.0,GDDR5,256,160.0,1536,,,2.45,,0.1,122,3.0,28,3.54,294.0,TSMC,MXM-B (3.0),,0.5,https://www.techpowerup.com/gpu-specs/geforce-gtx-780m.c2128
NVIDIA,GeForce GTX 780M Mac Edition,GK104,Kepler,GeForce 700M,2013-11-08,784.0,784.0,1250.0,4.0,GDDR5,256,160.0,1536,,,2.41,,0.1,122,3.0,28,3.54,294.0,TSMC,MXM-B (3.0),,0.5,https://www.techpowerup.com/gpu-specs/geforce-gtx-780m-mac-edition.c2526
NVIDIA,GeForce GTX TITAN,GK110,Kepler,GeForce 700,2013-02-19,836.0,876.0,1502.0,6.0,GDDR5,384,288.4,2688,,,4.71,,1.57,250,3.5,28,7.08,561.0,TSMC,PCIe 3.0 x16,,1.5,https://www.techpowerup.com/gpu-specs/geforce-gtx-titan.c1996
NVIDIA,GRID K1,GK107,Kepler,GRID(K1),2013-03-18,850.0,850.0,891.0,4.0,DDR3,128,28.51,192,,,0.33,,0.01,130,3.0,28,1.27,118.0,TSMC,PCIe 3.0 x16,,0.25,https://www.techpowerup.com/gpu-specs/grid-k1.c1699
NVIDIA,GRID K100,GK107,Kepler,GRID(K1),2013-06-28,850.0,850.0,891.0,0.25,DDR3,128,28.51,192,,,0.33,,0.01,130,3.0,28,1.27,118.0,TSMC,PCIe 3.0 x16,,0.25,https://www.techpowerup.com/gpu-specs/grid-k100.c2486
NVIDIA,GRID K140Q,GK107,Kepler,GRID(K1),2013-06-28,850.0,850.0,891.0,1.0,DDR3,128,28.51,192,,,0.33,,0.01,130,3.0,28,1.27,118.0,TSMC,PCIe 3.0 x16,,0.25,https://www.techpowerup.com/gpu-specs/grid-k140q.c2485
NVIDIA,GRID K160Q,GK107,Kepler,GRID(K1),2013-06-28,850.0,850.0,891.0,1.0,DDR3,128,28.51,192,,,0.33,,0.01,130,3.0,28,1.27,118.0,TSMC,PCIe 3.0 x16,,0.25,https://www.techpowerup.com/gpu-specs/grid-k160q.c2667
NVIDIA,GRID K180Q,GK107,Kepler,GRID(K1),2013-06-28,850.0,850.0,891.0,1.0,DDR3,128,28.51,192,,,0.33,,0.01,130,3.0,28,1.27,118.0,TSMC,PCIe 3.0 x16,,0.25,https://www.techpowerup.com/gpu-specs/grid-k180q.c2668
NVIDIA,GRID K2,GK104,Kepler,GRID(K2),2013-05-11,745.0,745.0,1250.0,4.0,GDDR5,256,160.0,1536,,,2.29,,0.1,225,3.0,28,3.54,294.0,TSMC,PCIe 3.0 x16,,0.5,https://www.techpowerup.com/gpu-specs/grid-k2.c1700
NVIDIA,GRID K200,GK104,Kepler,GRID(K2),2013-06-28,745.0,745.0,1250.0,0.25,GDDR5,256,160.0,1536,,,2.29,,0.1,225,3.0,28,3.54,294.0,TSMC,PCIe 3.0 x16,,0.5,https://www.techpowerup.com/gpu-specs/grid-k200.c2490
NVIDIA,GRID K240Q,GK104,Kepler,GRID(K2),2013-06-28,745.0,745.0,1250.0,1.0,GDDR5,256,160.0,1536,,,2.29,,0.1,225,3.0,28,3.54,294.0,TSMC,PCIe 3.0 x16,,0.5,https://www.techpowerup.com/gpu-specs/grid-k240q.c2489
NVIDIA,GRID K260Q,GK104,Kepler,GRID(K2),2013-06-28,745.0,745.0,1250.0,2.0,GDDR5,256,160.0,1536,,,2.29,,0.1,225,3.0,28,3.54,294.0,TSMC,PCIe 3.0 x16,,0.5,https://www.techpowerup.com/gpu-specs/grid-k260q.c2488
NVIDIA,GRID K280Q,GK104,Kepler,GRID(K2),2013-06-28,745.0,745.0,1250.0,4.0,GDDR5,256,160.0,1536,,,2.29,,0.1,225,3.0,28,3.54,294.0,TSMC,PCIe 3.0 x16,,0.5,https://www.techpowerup.com/gpu-specs/grid-k280q.c2487
NVIDIA,GRID K340,GK107,Kepler,GRID(K3),2013-07-23,954.0,954.0,1250.0,1.0,GDDR5,128,80.0,384,,,0.73,,0.03,225,3.0,28,1.27,118.0,TSMC,PCIe 3.0 x16,,0.128,https://www.techpowerup.com/gpu-specs/grid-k340.c2313
NVIDIA,GRID K520,GK104,Kepler,GRID(K5),2013-07-23,745.0,745.0,1250.0,4.0,GDDR5,256,160.0,1536,,,2.29,,0.1,225,3.0,28,3.54,294.0,TSMC,PCIe 3.0 x16,,0.5,https://www.techpowerup.com/gpu-specs/grid-k520.c2312
NVIDIA,NVS 315,GF119S,Fermi 2.0,NVS,2013-03-10,523.0,523.0,875.0,1.0,DDR3,64,14.0,48,,,0.1,,0.01,19,2.1,40,0.29,79.0,TSMC,PCIe 2.0 x16,1,0.128,https://www.techpowerup.com/gpu-specs/nvs-315.c2147
NVIDIA,Playstation 3 GPU 28nm,RSX-28nm,Curie,Console GPU(Sony),2013-06-03,550.0,550.0,650.0,0.25,GDDR3,128,20.8,,,,,,,21,,28,0.3,68.0,Sony,,,,https://www.techpowerup.com/gpu-specs/playstation-3-gpu-28nm.c3498
NVIDIA,Quadro K1100M,GK107,Kepler,Quadro Kepler-M(Kx100M),2013-07-23,706.0,706.0,700.0,2.0,GDDR5,128,44.8,384,,,0.54,,0.02,45,3.0,28,1.27,118.0,TSMC,MXM-A (3.0),,0.25,https://www.techpowerup.com/gpu-specs/quadro-k1100m.c2430
NVIDIA,Quadro K2000,GK107,Kepler,Quadro Kepler(Kx000),2013-03-01,954.0,954.0,1000.0,2.0,GDDR5,128,64.0,384,,,0.73,,0.03,51,3.0,28,1.27,118.0,TSMC,PCIe 2.0 x16,,0.25,https://www.techpowerup.com/gpu-specs/quadro-k2000.c1838
NVIDIA,Quadro K2000D,GK107,Kepler,Quadro Kepler(Kx000),2013-03-01,954.0,954.0,1000.0,2.0,GDDR5,128,64.0,384,,,0.73,,0.03,51,3.0,28,1.27,118.0,TSMC,PCIe 2.0 x16,,0.25,https://www.techpowerup.com/gpu-specs/quadro-k2000d.c2021
NVIDIA,Quadro K2100M,GK106S,Kepler,Quadro Kepler-M(Kx100M),2013-07-23,667.0,667.0,752.0,2.0,GDDR5,128,48.13,576,,,0.77,,0.03,55,3.0,28,2.54,221.0,TSMC,MXM-A (3.0),,0.25,https://www.techpowerup.com/gpu-specs/quadro-k2100m.c2429
NVIDIA,Quadro K3100M,GK104,Kepler,Quadro Kepler-M(Kx100M),2013-07-23,706.0,706.0,800.0,4.0,GDDR5,256,102.4,768,,,1.08,,0.05,75,3.0,28,3.54,294.0,TSMC,MXM-B (3.0),,0.5,https://www.techpowerup.com/gpu-specs/quadro-k3100m.c2428
NVIDIA,Quadro K4000,GK106,Kepler,Quadro Kepler(Kx000),2013-03-01,810.0,810.0,1404.0,3.0,GDDR5,192,134.8,768,,,1.24,,0.05,80,3.0,28,2.54,221.0,TSMC,PCIe 2.0 x16,,0.384,https://www.techpowerup.com/gpu-specs/quadro-k4000.c1841
NVIDIA,Quadro K4100M,GK104,Kepler,Quadro Kepler-M(Kx100M),2013-07-23,706.0,706.0,800.0,4.0,GDDR5,256,102.4,1152,,,1.63,,0.07,100,3.0,28,3.54,294.0,TSMC,MXM-B (3.0),,0.5,https://www.techpowerup.com/gpu-specs/quadro-k4100m.c2427
NVIDIA,Quadro K5000 SYNC,GK104,Kepler,Quadro Kepler(Kx000),2013-01-25,706.0,706.0,1350.0,4.0,GDDR5,256,172.8,1536,,,2.17,,0.09,122,3.0,28,3.54,294.0,TSMC,PCIe 2.0 x16,,0.5,https://www.techpowerup.com/gpu-specs/quadro-k5000-sync.c2437
NVIDIA,Quadro K5100M,GK104,Kepler,Quadro Kepler-M(Kx100M),2013-07-23,771.0,771.0,900.0,8.0,GDDR5,256,115.2,1536,,,2.37,,0.1,100,3.0,28,3.54,294.0,TSMC,MXM-B (3.0),,0.5,https://www.techpowerup.com/gpu-specs/quadro-k5100m.c2425
NVIDIA,Quadro K510M,GK208,Kepler 2.0,Quadro Kepler-M(Kx100M),2013-07-23,889.0,889.0,600.0,1.0,GDDR5,64,19.2,192,,,0.34,,0.01,30,3.5,28,1.02,87.0,TSMC,MXM-A (3.0),,0.5,https://www.techpowerup.com/gpu-specs/quadro-k510m.c2432
NVIDIA,Quadro K600,GK107,Kepler,Quadro Kepler(Kx000),2013-03-01,876.0,876.0,891.0,1.0,DDR3,128,28.51,192,,,0.34,,0.01,41,3.0,28,1.27,118.0,TSMC,PCIe 2.0 x16,,0.25,https://www.techpowerup.com/gpu-specs/quadro-k600.c1839
NVIDIA,Quadro K6000,GK110B,Kepler,Quadro Kepler(Kx000),2013-07-23,797.0,902.0,1502.0,12.0,GDDR5,384,288.4,2880,,,5.2,,1.73,225,3.5,28,7.08,561.0,TSMC,PCIe 3.0 x16,,1.5,https://www.techpowerup.com/gpu-specs/quadro-k6000.c2426
NVIDIA,Quadro K6000 SDI,GK110,Kepler,Quadro Kepler(Kx000),2013-07-23,902.0,902.0,1502.0,12.0,GDDR5,384,288.4,2880,,,5.2,,1.73,239,3.5,28,7.08,561.0,TSMC,PCIe 3.0 x16,,1.5,https://www.techpowerup.com/gpu-specs/quadro-k6000-sdi.c2436
NVIDIA,Quadro K610M,GK208,Kepler 2.0,Quadro Kepler-M(Kx100M),2013-07-23,954.0,954.0,650.0,1.0,GDDR5,64,20.8,192,,,0.37,,0.02,30,3.5,28,1.02,87.0,TSMC,MXM-A (3.0),,0.5,https://www.techpowerup.com/gpu-specs/quadro-k610m.c2431
NVIDIA,Tegra 4 GPU,Wayne,VLIW Vec4,Tegra,2013-08-01,672.0,672.0,933.0,0.5,LPDDR3,32,7.464,,,,,,,20,,28,0.01,85.0,TSMC,IGP,,,https://www.techpowerup.com/gpu-specs/tegra-4-gpu.c3227
NVIDIA,Tegra 4i GPU,Wayne,VLIW Vec4,Tegra,2013-02-19,660.0,660.0,933.0,0.5,LPDDR3,32,7.464,,,,,,,20,,28,0.01,85.0,TSMC,IGP,,,https://www.techpowerup.com/gpu-specs/tegra-4i-gpu.c3228
NVIDIA,Tesla K20m,GK110,Kepler,Tesla Kepler(Kxx),2013-01-05,706.0,706.0,1300.0,5.0,GDDR5,320,208.0,2496,,,3.52,,1.17,225,3.5,28,7.08,561.0,TSMC,PCIe 2.0 x16,,1.25,https://www.techpowerup.com/gpu-specs/tesla-k20m.c2029
NVIDIA,Tesla K20s,GK110,Kepler,Tesla Kepler(Kxx),2013-02-18,575.0,575.0,1300.0,5.0,GDDR5,320,208.0,2496,,,2.87,,0.96,225,3.5,28,7.08,561.0,TSMC,PCIe 2.0 x16,,1.25,https://www.techpowerup.com/gpu-specs/tesla-k20s.c2044
NVIDIA,Tesla K40c,GK180,Kepler,Tesla Kepler(Kxx),2013-10-08,745.0,876.0,1502.0,12.0,GDDR5,384,288.4,2880,,,5.05,,1.68,245,3.5,28,7.08,561.0,TSMC,PCIe 3.0 x16,,1.5,https://www.techpowerup.com/gpu-specs/tesla-k40c.c2505
NVIDIA,Tesla K40d,GK110B,Kepler,Tesla Kepler(Kxx),2013-11-22,745.0,876.0,1502.0,12.0,GDDR5,384,288.4,2880,,,5.05,,1.68,245,3.5,28,7.08,561.0,TSMC,PCIe 3.0 x16,,1.5,https://www.techpowerup.com/gpu-specs/tesla-k40d.c3402
NVIDIA,Tesla K40m,GK110B,Kepler,Tesla Kepler(Kxx),2013-11-22,745.0,876.0,1502.0,12.0,GDDR5,384,288.4,2880,,,5.05,,1.68,245,3.5,28,7.08,561.0,TSMC,PCIe 3.0 x16,,1.5,https://www.techpowerup.com/gpu-specs/tesla-k40m.c2529
NVIDIA,Tesla K40s,GK110B,Kepler,Tesla Kepler(Kxx),2013-11-22,706.0,706.0,1502.0,12.0,GDDR5,384,288.4,2880,,,4.07,,1.36,245,3.5,28,7.08,561.0,TSMC,PCIe 3.0 x16,,1.5,https://www.techpowerup.com/gpu-specs/tesla-k40s.c2528
NVIDIA,Tesla K40st,GK110B,Kepler,Tesla Kepler(Kxx),2013-11-22,575.0,575.0,1502.0,12.0,GDDR5,384,288.4,2880,,,3.31,,1.1,245,3.5,28,7.08,561.0,TSMC,PCIe 3.0 x16,,1.5,https://www.techpowerup.com/gpu-specs/tesla-k40st.c2530
NVIDIA,Tesla K40t,GK110B,Kepler,Tesla Kepler(Kxx),2013-11-22,745.0,876.0,1502.0,12.0,GDDR5,384,288.4,2880,,,5.05,,1.68,245,3.5,28,7.08,561.0,TSMC,PCIe 3.0 x16,,1.5,https://www.techpowerup.com/gpu-specs/tesla-k40t.c3403
AMD,FirePro M4100,Mars,GCN 1.0,FirePro Mobile(Mx100),2013-10-16,670.0,670.0,1000.0,2.0,GDDR5,128,64.0,384,,,0.51,,0.03,,,28,0.95,77.0,TSMC,PCIe 3.0 x8,,0.25,https://www.techpowerup.com/gpu-specs/firepro-m4100.c2520
AMD,FirePro M4150,Opal,GCN 1.0,FirePro Mobile(Mx100),2013-10-16,715.0,715.0,1000.0,1.0,GDDR5,128,64.0,384,,,0.55,,0.03,,,28,0.95,77.0,TSMC,PCIe 3.0 x8,,0.25,https://www.techpowerup.com/gpu-specs/firepro-m4150.c3033
AMD,FirePro M5100,Venus,GCN 1.0,FirePro Mobile(Mx100),2013-10-16,725.0,775.0,1125.0,2.0,GDDR5,128,72.0,640,,,0.99,,0.06,,,28,1.5,123.0,TSMC,MXM-A (3.0),,0.25,https://www.techpowerup.com/gpu-specs/firepro-m5100.c2517
AMD,FirePro M6100,Emerald,GCN 2.0,FirePro Mobile(Mx100),2014-05-27,1100.0,1100.0,1500.0,2.0,GDDR5,128,96.0,896,,,1.97,,0.12,,,28,2.08,160.0,TSMC,MXM-B (3.0),,0.25,https://www.techpowerup.com/gpu-specs/firepro-m6100.c4063
AMD,FirePro R5000,Pitcairn,GCN 1.0,FirePro Remote,2013-02-25,825.0,825.0,800.0,2.0,GDDR5,256,102.4,768,,,1.27,,0.08,150,,28,2.8,212.0,TSMC,PCIe 3.0 x16,,0.5,https://www.techpowerup.com/gpu-specs/firepro-r5000.c2037
AMD,FirePro W5000 DVI,Pitcairn,GCN 1.0,FirePro GCN(Wx000),2013-02-25,825.0,825.0,800.0,2.0,GDDR5,256,102.4,768,,,1.27,,0.08,75,,28,2.8,212.0,TSMC,PCIe 3.0 x16,,0.5,https://www.techpowerup.com/gpu-specs/firepro-w5000-dvi.c2036
AMD,Playstation 4 GPU,Liverpool,GCN 2.0,Console GPU(Sony),2013-11-24,800.0,800.0,1375.0,8.0,GDDR5,256,176.0,1152,,,1.84,1.84,,75,,28,,348.0,TSMC,,,,https://www.techpowerup.com/gpu-specs/playstation-4-gpu.c2085
AMD,Radeon HD 6610,Redwood,TeraScale 2,Northern Islands(HD 6600),2013-03-20,650.0,650.0,800.0,1.0,GDDR3,128,25.6,400,,,0.52,,,39,,40,0.63,104.0,TSMC,PCIe 2.0 x16,,0.25,https://www.techpowerup.com/gpu-specs/radeon-hd-6610.c2264
AMD,Radeon HD 6770 Green Edition,Juniper,TeraScale 2,Northern Islands(HD 6700),2013-04-19,700.0,700.0,667.0,2.0,GDDR3,128,21.34,720,,,1.01,,,86,,40,1.04,166.0,TSMC,PCIe 2.0 x16,,0.25,https://www.techpowerup.com/gpu-specs/radeon-hd-6770-green-edition.c2354
AMD,Radeon HD 6870 1600SP Edition,Cypress,TeraScale 2,Northern Islands(HD 6800),2013-01-14,850.0,850.0,1050.0,1.0,GDDR5,256,134.4,1600,,,2.72,,0.54,175,,40,2.15,334.0,TSMC,PCIe 2.0 x16,,0.5,https://www.techpowerup.com/gpu-specs/radeon-hd-6870-1600sp-edition.c2218
AMD,Radeon HD 7510 OEM,Turks,TeraScale 2,Southern Islands(HD 7500),2013-02-01,650.0,650.0,667.0,1.0,GDDR3,128,21.34,320,,,0.42,,,39,,40,0.72,118.0,TSMC,PCIe 2.0 x16,,0.25,https://www.techpowerup.com/gpu-specs/radeon-hd-7510-oem.c2138
AMD,Radeon HD 7570 OEM,Redwood,TeraScale 2,Southern Islands(HD 7500),2013-03-20,650.0,650.0,800.0,1.0,GDDR3,128,25.6,400,,,0.52,,,39,,40,0.63,104.0,TSMC,PCIe 2.0 x16,,0.25,https://www.techpowerup.com/gpu-specs/radeon-hd-7570-oem.c2393
AMD,Radeon HD 7690M XT,Thames,TeraScale 2,London(HD 7600M),2013-01-07,725.0,725.0,900.0,2.0,GDDR5,128,57.6,480,,,0.7,,,25,,40,0.72,118.0,TSMC,PCIe 2.0 x16,,0.25,https://www.techpowerup.com/gpu-specs/radeon-hd-7690m-xt.c382
AMD,Radeon HD 7720 OEM,Barts,TeraScale 2,Southern Islands(HD 7700),2013-03-15,840.0,840.0,1050.0,1.0,GDDR5,256,134.4,800,,,1.34,,,150,,40,1.7,255.0,TSMC,PCIe 2.0 x16,,0.5,https://www.techpowerup.com/gpu-specs/radeon-hd-7720-oem.c2208
AMD,Radeon HD 7730,Cape Verde,GCN 1.0,Southern Islands(HD 7700),2013-05-01,800.0,800.0,1125.0,1.0,GDDR5,128,72.0,384,,,0.61,,0.04,47,,28,1.5,123.0,TSMC,PCIe 3.0 x16,,0.25,https://www.techpowerup.com/gpu-specs/radeon-hd-7730.c2127
AMD,Radeon HD 7790,Bonaire,GCN 2.0,Southern Islands(HD 7700),2013-03-22,1000.0,1000.0,1500.0,1.0,GDDR5,128,96.0,896,,,1.79,,0.11,85,,28,2.08,160.0,TSMC,PCIe 3.0 x16,,0.25,https://www.techpowerup.com/gpu-specs/radeon-hd-7790.c2100
AMD,Radeon HD 7950 Mac Edition,Tahiti,GCN 1.0,Southern Islands(HD 7900),2013-03-07,800.0,800.0,1250.0,3.0,GDDR5,384,240.0,1792,,,2.87,,0.72,200,,28,4.31,352.0,TSMC,PCIe 3.0 x16,,0.75,https://www.techpowerup.com/gpu-specs/radeon-hd-7950-mac-edition.c2142
AMD,Radeon HD 7990,Malta,GCN 1.0,Southern Islands(HD 7900),2013-04-24,950.0,1000.0,1500.0,3.0,GDDR5,384,288.0,2048,,,4.1,,1.02,375,,28,4.31,365.0,TSMC,PCIe 3.0 x16,,0.75,https://www.techpowerup.com/gpu-specs/radeon-hd-7990.c2126
AMD,Radeon HD 8180 IGP,Kalindi,GCN 2.0,GCN 2.0 IGP(Temash Mobile),2013-11-01,225.0,225.0,,,System Shared,,,128,,,0.06,,,4,,28,1.18,110.0,TSMC,IGP,,,https://www.techpowerup.com/gpu-specs/radeon-hd-8180-igp.c2200
AMD,Radeon HD 8210E,Kalindi,GCN 2.0,GCN 2.0 IGP(Kabini Mobile),2013-04-23,300.0,300.0,,,System Shared,,,128,,,0.08,,,9,,28,1.18,110.0,TSMC,IGP,,,https://www.techpowerup.com/gpu-specs/radeon-hd-8210e.c2201
AMD,Radeon HD 8240 Mobile IGP,Kalindi,GCN 2.0,GCN 2.0 IGP(Kabini Mobile),2013-11-01,400.0,400.0,,,System Shared,,,128,,,0.1,,0.01,15,,28,1.18,110.0,TSMC,IGP,,,https://www.techpowerup.com/gpu-specs/radeon-hd-8240-mobile-igp.c2202
AMD,Radeon HD 8250 IGP,Kalindi,GCN 2.0,GCN 2.0 IGP(Temash Mobile),2013-05-23,300.0,400.0,,,System Shared,,,128,,,0.1,,0.01,8,,28,1.18,110.0,TSMC,IGP,,,https://www.techpowerup.com/gpu-specs/radeon-hd-8250-igp.c2403
AMD,Radeon HD 8280 IGP,Kalindi,GCN 2.0,GCN 2.0 IGP(Kabini),2013-09-18,450.0,450.0,,,System Shared,,,128,,,0.12,,0.01,15,,28,1.18,110.0,TSMC,IGP,,,https://www.techpowerup.com/gpu-specs/radeon-hd-8280-igp.c2204
AMD,Radeon HD 8280 Mobile IGP,Kalindi,GCN 2.0,GCN 2.0 IGP(Kabini Mobile),2013-09-18,450.0,450.0,,,System Shared,,,128,,,0.12,,0.01,15,,28,1.18,110.0,TSMC,IGP,,,https://www.techpowerup.com/gpu-specs/radeon-hd-8280-mobile-igp.c3609
AMD,Radeon HD 8280E,Kalindi,GCN 2.0,GCN 2.0 IGP(Kabini Mobile),2013-04-23,450.0,450.0,,,System Shared,,,128,,,0.12,,0.01,15,,28,1.18,110.0,TSMC,IGP,,,https://www.techpowerup.com/gpu-specs/radeon-hd-8280e.c2197
AMD,Radeon HD 8310G IGP,Scrapper Lite,TeraScale 3,TeraScale 3 IGP(Richland Mobile),2013-07-01,424.0,554.0,,,System Shared,,,128,,,0.14,,,20,,32,1.3,246.0,GlobalFoundries,IGP,,,https://www.techpowerup.com/gpu-specs/radeon-hd-8310g-igp.c2193
AMD,Radeon HD 8330 Mobile IGP,Kalindi,GCN 2.0,GCN 2.0 IGP(Kabini Mobile),2013-08-13,497.0,497.0,,,System Shared,,,128,,,0.13,,0.01,15,,28,1.18,110.0,TSMC,IGP,,,https://www.techpowerup.com/gpu-specs/radeon-hd-8330-mobile-igp.c2205
AMD,Radeon HD 8330E,Kalindi,GCN 2.0,GCN 2.0 IGP(Kabini Mobile),2013-04-23,497.0,497.0,,,System Shared,,,128,,,0.13,,0.01,15,,28,1.18,110.0,TSMC,IGP,,,https://www.techpowerup.com/gpu-specs/radeon-hd-8330e.c2198
AMD,Radeon HD 8350 OEM,Cedar,TeraScale 2,Sea Islands(HD 8300),2013-01-08,650.0,650.0,667.0,1.0,DDR3,64,10.67,80,,,0.1,,,19,,40,0.29,59.0,TSMC,PCIe 2.0 x16,,0.128,https://www.techpowerup.com/gpu-specs/radeon-hd-8350-oem.c1976
AMD,Radeon HD 8350G IGP,Scrapper Lite,TeraScale 3,TeraScale 3 IGP(Richland Mobile),2013-03-12,514.0,720.0,,,System Shared,,,128,,,0.18,,,35,,32,1.3,246.0,GlobalFoundries,IGP,,,https://www.techpowerup.com/gpu-specs/radeon-hd-8350g-igp.c2188
AMD,Radeon HD 8370D IGP,Scrapper Lite,TeraScale 3,TeraScale 3 IGP(Richland),2013-07-01,760.0,760.0,,,System Shared,,,128,,,0.19,,,65,,32,1.3,246.0,GlobalFoundries,IGP,,,https://www.techpowerup.com/gpu-specs/radeon-hd-8370d-igp.c2000
AMD,Radeon HD 8400 IGP,Kalindi,GCN 2.0,GCN 2.0 IGP(Kabini),2013-11-23,600.0,600.0,,,System Shared,,,128,,,0.15,,0.01,25,,28,1.18,110.0,TSMC,IGP,,,https://www.techpowerup.com/gpu-specs/radeon-hd-8400-igp.c2206
AMD,Radeon HD 8400 Mobile IGP,Kalindi,GCN 2.0,GCN 2.0 IGP(Kabini Mobile),2013-11-23,600.0,600.0,,,System Shared,,,128,,,0.15,,0.01,25,,28,1.18,110.0,TSMC,IGP,,,https://www.techpowerup.com/gpu-specs/radeon-hd-8400-mobile-igp.c3608
AMD,Radeon HD 8400E,Kalindi,GCN 2.0,GCN 2.0 IGP(Kabini Mobile),2013-04-23,600.0,600.0,,,System Shared,,,128,,,0.15,,0.01,25,,28,1.18,110.0,TSMC,IGP,,,https://www.techpowerup.com/gpu-specs/radeon-hd-8400e.c2195
AMD,Radeon HD 8410G IGP,Scrapper,TeraScale 3,TeraScale 3 IGP(Richland Mobile),2013-05-23,450.0,600.0,,,System Shared,,,192,,,0.23,,,35,,32,1.3,246.0,GlobalFoundries,IGP,,,https://www.techpowerup.com/gpu-specs/radeon-hd-8410g-igp.c2192
AMD,Radeon HD 8450 OEM,Caicos,TeraScale 2,Sea Islands(HD 8400),2013-01-08,625.0,625.0,667.0,1.0,DDR3,64,10.67,160,,,0.2,,,18,,40,0.37,67.0,TSMC,PCIe 2.0 x16,,0.128,https://www.techpowerup.com/gpu-specs/radeon-hd-8450-oem.c1977
AMD,Radeon HD 8450G IGP,Scrapper,TeraScale 3,TeraScale 3 IGP(Richland Mobile),2013-05-23,533.0,720.0,,,System Shared,,,192,,,0.28,,,35,,32,1.3,246.0,GlobalFoundries,IGP,,,https://www.techpowerup.com/gpu-specs/radeon-hd-8450g-igp.c2187
AMD,Radeon HD 8470 OEM,Caicos,TeraScale 2,Sea Islands(HD 8400),2013-01-08,775.0,775.0,800.0,1.0,GDDR5,64,25.6,160,,,0.25,,,35,,40,0.37,67.0,TSMC,PCIe 2.0 x16,,0.128,https://www.techpowerup.com/gpu-specs/radeon-hd-8470-oem.c1978
AMD,Radeon HD 8470D IGP,Scrapper,TeraScale 3,TeraScale 3 IGP(Richland),2013-07-29,800.0,800.0,,,System Shared,,,192,,,0.31,,,65,,32,1.3,246.0,GlobalFoundries,IGP,,,https://www.techpowerup.com/gpu-specs/radeon-hd-8470d-igp.c2001
AMD,Radeon HD 8490 OEM,Caicos,TeraScale 2,Sea Islands(HD 8400),2013-07-23,875.0,875.0,900.0,1.0,DDR3,64,14.4,160,,,0.28,,,35,,40,0.37,67.0,TSMC,PCIe 2.0 x16,,0.128,https://www.techpowerup.com/gpu-specs/radeon-hd-8490-oem.c2038
AMD,Radeon HD 8510 OEM,Redwood,TeraScale 2,Sea Islands(HD 8500),2013-04-24,650.0,650.0,500.0,1.0,GDDR3,128,16.0,400,,,0.52,,,39,,40,0.63,104.0,TSMC,PCIe 2.0 x16,,0.25,https://www.techpowerup.com/gpu-specs/radeon-hd-8510-oem.c2360
AMD,Radeon HD 8510G IGP,Devastator,TeraScale 3,TeraScale 3 IGP(Richland Mobile),2013-05-23,554.0,554.0,,,System Shared,,,384,,,0.43,,,35,,32,1.3,246.0,GlobalFoundries,IGP,,,https://www.techpowerup.com/gpu-specs/radeon-hd-8510g-igp.c2191
AMD,Radeon HD 8550 OEM,Turks,TeraScale 2,Sea Islands(HD 8500),2013-10-25,650.0,650.0,800.0,1.0,GDDR3,128,25.6,480,,,0.62,,,60,,40,0.72,118.0,TSMC,PCIe 2.0 x16,,0.25,https://www.techpowerup.com/gpu-specs/radeon-hd-8550-oem.c2515
AMD,Radeon HD 8550D IGP,Scrapper,TeraScale 3,TeraScale 3 IGP(Richland),2013-05-23,720.0,844.0,,,System Shared,,,256,,,0.43,,,65,,32,1.3,246.0,GlobalFoundries,IGP,,,https://www.techpowerup.com/gpu-specs/radeon-hd-8550d-igp.c2411
AMD,Radeon HD 8550G IGP,Devastator Lite,TeraScale 3,TeraScale 3 IGP(Richland Mobile),2013-05-23,515.0,660.0,,,System Shared,,,256,,,0.34,,,35,,32,1.3,246.0,GlobalFoundries,IGP,,,https://www.techpowerup.com/gpu-specs/radeon-hd-8550g-igp.c2186
AMD,Radeon HD 8570 OEM,Oland,GCN 1.0,Sea Islands(HD 8500),2013-01-08,730.0,780.0,900.0,2.0,GDDR3,128,28.8,384,,,0.6,,0.04,50,,28,0.95,77.0,TSMC,PCIe 3.0 x8,,0.25,https://www.techpowerup.com/gpu-specs/radeon-hd-8570-oem.c1974
AMD,Radeon HD 8570 OEM Rebrand,Turks,TeraScale 2,Sea Islands(HD 8500),2013-07-23,650.0,650.0,800.0,1.0,GDDR3,128,25.6,480,,,0.62,,,60,,40,0.72,118.0,TSMC,PCIe 2.0 x16,,0.25,https://www.techpowerup.com/gpu-specs/radeon-hd-8570-oem-rebrand.c2435
AMD,Radeon HD 8570A,Sun,GCN 1.0,All-In-One(HD 8000),2013-03-01,750.0,825.0,1000.0,1.0,DDR3,64,16.0,320,,,0.53,,0.03,,,28,0.69,56.0,TSMC,MXM-A (3.0),,0.128,https://www.techpowerup.com/gpu-specs/radeon-hd-8570a.c2509
AMD,Radeon HD 8570D IGP,Devastator Lite,TeraScale 3,TeraScale 3 IGP(Richland),2013-07-10,800.0,800.0,,,System Shared,,,256,,,0.41,,,65,,32,1.3,246.0,GlobalFoundries,IGP,,,https://www.techpowerup.com/gpu-specs/radeon-hd-8570d-igp.c2002
AMD,Radeon HD 8570M,Sun,GCN 1.0,Solar System(HD 8500M),2013-03-01,750.0,825.0,1000.0,1.0,DDR3,64,16.0,320,,,0.53,,0.03,,,28,0.69,56.0,TSMC,PCIe 3.0 x8,,0.128,https://www.techpowerup.com/gpu-specs/radeon-hd-8570m.c1948
AMD,Radeon HD 8590M,Sun,GCN 1.0,Solar System(HD 8500M),2013-03-01,750.0,825.0,1125.0,1.0,GDDR5,64,36.0,320,,,0.53,,0.03,,,28,0.69,56.0,TSMC,PCIe 3.0 x8,,0.128,https://www.techpowerup.com/gpu-specs/radeon-hd-8590m.c1969
AMD,Radeon HD 8610G IGP,Devastator,TeraScale 3,TeraScale 3 IGP(Richland Mobile),2013-05-23,533.0,626.0,,,System Shared,,,384,,,0.48,,,35,,32,1.3,246.0,GlobalFoundries,IGP,,,https://www.techpowerup.com/gpu-specs/radeon-hd-8610g-igp.c2190
AMD,Radeon HD 8650D IGP,Scrapper,TeraScale 3,TeraScale 3 IGP(Richland),2013-12-28,720.0,844.0,,,System Shared,,,384,,,0.65,,,65,,32,1.3,246.0,GlobalFoundries,IGP,,0.25,https://www.techpowerup.com/gpu-specs/radeon-hd-8650d-igp.c2412
AMD,Radeon HD 8650G IGP,Devastator,TeraScale 3,TeraScale 3 IGP(Richland Mobile),2013-05-23,533.0,720.0,,,System Shared,,,384,,,0.55,,,35,,32,1.3,246.0,GlobalFoundries,IGP,,,https://www.techpowerup.com/gpu-specs/radeon-hd-8650g-igp.c2185
AMD,Radeon HD 8670 OEM,Oland,GCN 1.0,Sea Islands(HD 8600),2013-01-08,1000.0,1050.0,1150.0,2.0,GDDR5,128,73.6,384,,,0.81,,0.05,75,,28,0.95,77.0,TSMC,PCIe 3.0 x8,,0.25,https://www.techpowerup.com/gpu-specs/radeon-hd-8670-oem.c1853
AMD,Radeon HD 8670A,Mars,GCN 1.0,All-In-One(HD 8000),2013-02-02,600.0,600.0,1000.0,1.0,DDR3,64,16.0,384,,,0.46,,0.03,45,,28,0.95,77.0,TSMC,MXM-A (3.0),,0.128,https://www.techpowerup.com/gpu-specs/radeon-hd-8670a.c2101
AMD,Radeon HD 8670D IGP,Devastator,TeraScale 3,TeraScale 3 IGP(Richland),2013-03-12,844.0,844.0,,,System Shared,,,384,,,0.65,,,100,,32,1.3,246.0,GlobalFoundries,IGP,,,https://www.techpowerup.com/gpu-specs/radeon-hd-8670d-igp.c2003
AMD,Radeon HD 8670M,Sun,GCN 1.0,Solar System(HD 8600M),2013-03-01,925.0,975.0,900.0,1.0,DDR3,64,14.4,320,,,0.62,,0.04,,,28,0.69,56.0,TSMC,PCIe 3.0 x8,,0.128,https://www.techpowerup.com/gpu-specs/radeon-hd-8670m.c1950
AMD,Radeon HD 8690M,Sun,GCN 1.0,Solar System(HD 8600M),2013-03-01,925.0,975.0,1000.0,2.0,GDDR5,64,32.0,320,,,0.62,,0.04,,,28,0.69,56.0,TSMC,PCIe 3.0 x8,,0.128,https://www.techpowerup.com/gpu-specs/radeon-hd-8690m.c1949
AMD,Radeon HD 8730 OEM,Cape Verde,GCN 1.0,Sea Islands(HD 8700),2013-09-05,800.0,800.0,1125.0,1.0,GDDR5,128,72.0,384,,,0.61,,0.04,47,,28,1.5,123.0,TSMC,PCIe 3.0 x16,,0.25,https://www.techpowerup.com/gpu-specs/radeon-hd-8730-oem.c2401
AMD,Radeon HD 8730A,Mars,GCN 1.0,All-In-One(HD 8000),2013-04-01,650.0,700.0,1000.0,1.0,DDR3,128,32.0,384,,,0.54,,0.03,,,28,0.95,77.0,TSMC,PCIe 3.0 x8,,0.25,https://www.techpowerup.com/gpu-specs/radeon-hd-8730a.c2810
AMD,Radeon HD 8730M,Mars,GCN 1.0,Solar System(HD 8700M),2013-04-01,650.0,700.0,900.0,2.0,DDR3,128,28.8,384,,,0.54,,0.03,,,28,0.95,77.0,TSMC,PCIe 3.0 x8,,0.25,https://www.techpowerup.com/gpu-specs/radeon-hd-8730m.c1967
AMD,Radeon HD 8740 OEM,Cape Verde,GCN 1.0,Sea Islands(HD 8700),2013-09-05,800.0,800.0,1125.0,1.0,GDDR5,128,72.0,512,,,0.82,,0.05,55,,28,1.5,123.0,TSMC,PCIe 3.0 x16,,0.25,https://www.techpowerup.com/gpu-specs/radeon-hd-8740-oem.c2508
AMD,Radeon HD 8750A,Mars,GCN 1.0,All-In-One(HD 8000),2013-02-02,600.0,600.0,1000.0,1.0,DDR3,64,16.0,384,,,0.46,,0.03,45,,28,0.95,77.0,TSMC,MXM-A (3.0),,0.128,https://www.techpowerup.com/gpu-specs/radeon-hd-8750a.c2651
AMD,Radeon HD 8750M,Mars,GCN 1.0,Solar System(HD 8700M),2013-02-26,670.0,670.0,1000.0,1.0,GDDR5,128,64.0,384,,,0.51,,0.03,,,28,0.95,77.0,TSMC,PCIe 3.0 x8,,0.25,https://www.techpowerup.com/gpu-specs/radeon-hd-8750m.c4062
AMD,Radeon HD 8760 OEM,Cape Verde,GCN 1.0,Sea Islands(HD 8700),2013-01-08,1000.0,1000.0,1125.0,2.0,GDDR5,128,72.0,640,,,1.28,,0.08,80,,28,1.5,123.0,TSMC,PCIe 3.0 x16,,0.25,https://www.techpowerup.com/gpu-specs/radeon-hd-8760-oem.c1964
AMD,Radeon HD 8770 OEM,Bonaire,GCN 2.0,Sea Islands(HD 8700),2013-09-02,1050.0,1050.0,1500.0,1.0,GDDR5,128,96.0,896,,,1.88,,0.12,85,,28,2.08,160.0,TSMC,PCIe 3.0 x16,,0.25,https://www.techpowerup.com/gpu-specs/radeon-hd-8770-oem.c1979
AMD,Radeon HD 8770M,Mars,GCN 1.0,Solar System(HD 8700M),2013-04-01,775.0,825.0,1125.0,2.0,GDDR5,128,72.0,384,,,0.63,,0.04,,,28,0.95,77.0,TSMC,PCIe 3.0 x8,,0.25,https://www.techpowerup.com/gpu-specs/radeon-hd-8770m.c1893
AMD,Radeon HD 8790M,Mars,GCN 1.0,Solar System(HD 8700M),2013-04-01,850.0,900.0,1000.0,2.0,GDDR5,128,64.0,384,,,0.69,,0.04,,,28,0.95,77.0,TSMC,MXM-A (3.0),,0.25,https://www.techpowerup.com/gpu-specs/radeon-hd-8790m.c1798
AMD,Radeon HD 8830M,Venus,GCN 1.0,Solar System(HD 8800M),2013-04-01,575.0,625.0,1000.0,2.0,DDR3,128,32.0,640,,,0.8,,0.05,,,28,1.5,123.0,TSMC,PCIe 3.0 x16,,0.25,https://www.techpowerup.com/gpu-specs/radeon-hd-8830m.c1895
AMD,Radeon HD 8850M,Venus,GCN 1.0,Solar System(HD 8800M),2013-04-01,575.0,625.0,1000.0,2.0,GDDR5,128,64.0,640,,,0.8,,0.05,,,28,1.5,123.0,TSMC,PCIe 3.0 x16,,0.25,https://www.techpowerup.com/gpu-specs/radeon-hd-8850m.c1896
AMD,Radeon HD 8860 OEM,Curacao,GCN 1.0,Sea Islands(HD 8800),2013-01-08,925.0,925.0,1400.0,2.0,GDDR5,256,179.2,1280,,,2.37,,0.15,175,,28,2.8,212.0,TSMC,PCIe 3.0 x16,,0.5,https://www.techpowerup.com/gpu-specs/radeon-hd-8860-oem.c2390
AMD,Radeon HD 8870 OEM,Pitcairn,GCN 1.0,Sea Islands(HD 8800),2013-01-08,1000.0,1000.0,1200.0,2.0,GDDR5,256,153.6,1280,,,2.56,,0.16,175,,28,2.8,212.0,TSMC,PCIe 3.0 x16,,0.5,https://www.techpowerup.com/gpu-specs/radeon-hd-8870-oem.c2461
AMD,Radeon HD 8870M,Venus,GCN 1.0,Solar System(HD 8800M),2013-04-01,725.0,775.0,1125.0,2.0,GDDR5,128,72.0,640,,,0.99,,0.06,,,28,1.5,123.0,TSMC,PCIe 3.0 x16,,0.25,https://www.techpowerup.com/gpu-specs/radeon-hd-8870m.c1898
AMD,Radeon HD 8950 OEM,Tahiti,GCN 1.0,Sea Islands(HD 8900),2013-01-08,850.0,925.0,1250.0,3.0,GDDR5,384,240.0,1792,,,3.31,,0.83,200,,28,4.31,352.0,TSMC,PCIe 3.0 x16,,0.75,https://www.techpowerup.com/gpu-specs/radeon-hd-8950-oem.c1971
AMD,Radeon HD 8950M,Saturn,GCN 2.0,Solar System(HD 8900M),2013-05-14,1075.0,1075.0,1375.0,2.0,GDDR5,128,88.0,768,,,1.65,,0.1,100,,28,2.08,160.0,TSMC,PCIe 3.0 x16,,0.25,https://www.techpowerup.com/gpu-specs/radeon-hd-8950m.c3219
AMD,Radeon HD 8970 OEM,Tahiti,GCN 1.0,Sea Islands(HD 8900),2013-01-08,925.0,925.0,1375.0,3.0,GDDR5,384,264.0,2048,,,3.79,,0.95,250,,28,4.31,352.0,TSMC,PCIe 3.0 x16,,0.75,https://www.techpowerup.com/gpu-specs/radeon-hd-8970-oem.c1972
AMD,Radeon HD 8970M,Neptune,GCN 1.0,Solar System(HD 8900M),2013-05-14,850.0,900.0,1200.0,4.0,GDDR5,256,153.6,1280,,,2.3,,0.14,100,,28,2.8,212.0,TSMC,PCIe 3.0 x16,,0.5,https://www.techpowerup.com/gpu-specs/radeon-hd-8970m.c1966
AMD,Radeon HD 8990 OEM,Malta,GCN 1.0,Sea Islands(HD 8900),2013-04-24,950.0,1000.0,1500.0,3.0,GDDR5,384,288.0,2048,,,4.1,,1.02,375,,28,4.31,365.0,TSMC,PCIe 3.0 x16,,0.75,https://www.techpowerup.com/gpu-specs/radeon-hd-8990-oem.c2389
AMD,Radeon R5 220 OEM,Cedar,TeraScale 2,Volcanic Islands(R5 200),2013-12-21,650.0,650.0,533.0,1.0,DDR3,64,8.528,80,,,0.1,,,19,,40,0.29,59.0,TSMC,PCIe 2.0 x16,,0.128,https://www.techpowerup.com/gpu-specs/radeon-r5-220-oem.c2544
AMD,Radeon R5 230 OEM,Caicos,TeraScale 2,Volcanic Islands(R5 200),2013-12-21,625.0,625.0,667.0,1.0,DDR3,64,10.67,160,,,0.2,,,19,,40,0.37,67.0,TSMC,PCIe 2.0 x16,,0.128,https://www.techpowerup.com/gpu-specs/radeon-r5-230-oem.c2504
AMD,Radeon R5 235 OEM,Caicos,TeraScale 2,Volcanic Islands(R5 200),2013-12-21,775.0,775.0,900.0,1.0,DDR3,64,14.4,160,,,0.25,,,35,,40,0.37,67.0,TSMC,PCIe 2.0 x16,,0.128,https://www.techpowerup.com/gpu-specs/radeon-r5-235-oem.c2502
AMD,Radeon R5 235X OEM,Caicos,TeraScale 2,Volcanic Islands(R5 200),2013-12-21,875.0,875.0,900.0,1.0,DDR3,64,14.4,160,,,0.28,,,18,,40,0.37,67.0,TSMC,PCIe 2.0 x16,,0.128,https://www.techpowerup.com/gpu-specs/radeon-r5-235x-oem.c2503
AMD,Radeon R5 240 OEM,Oland,GCN 1.0,Volcanic Islands(R5 200),2013-11-01,730.0,780.0,900.0,2.0,DDR3,64,14.4,384,,,0.6,,0.04,50,,28,0.95,77.0,TSMC,PCIe 3.0 x8,,0.128,https://www.techpowerup.com/gpu-specs/radeon-r5-240-oem.c2531
AMD,Radeon R5 M230 Rebrand,Sun,GCN 1.0,Gem System(R5 M200),2014-05-31,780.0,850.0,900.0,1.0,DDR3,64,14.4,320,,,0.54,,0.03,,,28,0.69,56.0,TSMC,PCIe 3.0 x8,,0.128,https://www.techpowerup.com/gpu-specs/radeon-r5-m230-rebrand.c2586
AMD,Radeon R7 240,Oland,GCN 1.0,Volcanic Islands(R7 200),2013-10-08,650.0,700.0,1150.0,2.0,GDDR5,128,73.6,320,,,0.45,,0.03,30,,28,0.95,77.0,TSMC,PCIe 3.0 x8,,0.25,https://www.techpowerup.com/gpu-specs/radeon-r7-240.c3130
AMD,Radeon R7 240 OEM,Oland,GCN 1.0,Volcanic Islands(R7 200),2013-11-01,730.0,780.0,900.0,2.0,DDR3,128,28.8,320,,,0.5,,0.03,50,,28,0.95,77.0,TSMC,PCIe 3.0 x8,,0.25,https://www.techpowerup.com/gpu-specs/radeon-r7-240-oem.c2542
AMD,Radeon R7 250,Oland,GCN 1.0,Volcanic Islands(R7 200),2013-10-08,1000.0,1050.0,1150.0,1.0,GDDR5,128,73.6,384,,,0.81,,0.05,65,,28,0.95,77.0,TSMC,PCIe 3.0 x8,,0.25,https://www.techpowerup.com/gpu-specs/radeon-r7-250.c2459
AMD,Radeon R7 250 OEM,Oland,GCN 1.0,Volcanic Islands(R7 200),2013-10-08,1000.0,1050.0,1000.0,2.0,DDR3,128,32.0,384,,,0.81,,0.05,65,,28,0.95,77.0,TSMC,PCIe 3.0 x8,,0.25,https://www.techpowerup.com/gpu-specs/radeon-r7-250-oem.c2731
AMD,Radeon R7 250E,Cape Verde,GCN 1.0,Volcanic Islands(R7 200),2013-12-20,800.0,800.0,1125.0,1.0,GDDR5,128,72.0,512,,,0.82,,0.05,55,,28,1.5,123.0,TSMC,PCIe 3.0 x16,,0.25,https://www.techpowerup.com/gpu-specs/radeon-r7-250e.c2559
AMD,Radeon R7 260,Bonaire,GCN 2.0,Volcanic Islands(R7 200),2013-12-17,1000.0,1000.0,1500.0,2.0,GDDR5,128,96.0,768,,,1.54,,0.1,95,,28,2.08,160.0,TSMC,PCIe 3.0 x16,,0.25,https://www.techpowerup.com/gpu-specs/radeon-r7-260.c2511
AMD,Radeon R7 260X,Bonaire,GCN 2.0,Volcanic Islands(R7 200),2013-10-08,1100.0,1100.0,1625.0,2.0,GDDR5,128,104.0,896,,,1.97,,0.12,115,,28,2.08,160.0,TSMC,PCIe 3.0 x16,,0.25,https://www.techpowerup.com/gpu-specs/radeon-r7-260x.c2465
AMD,Radeon R9 255 OEM,Cape Verde,GCN 1.0,Volcanic Islands(R9 200),2013-12-21,900.0,930.0,1150.0,2.0,GDDR5,128,73.6,512,,,0.95,,0.06,65,,28,1.5,123.0,TSMC,PCIe 3.0 x16,,0.25,https://www.techpowerup.com/gpu-specs/radeon-r9-255-oem.c2464
Intel,HD Graphics 10EU,Haswell GT1,Generation 7.5,HD Graphics(Haswell),2013-04-29,200.0,1000.0,,,System Shared,,,80,,,0.16,,0.04,45,,22,,,Intel,Ring Bus,,,https://www.techpowerup.com/gpu-specs/hd-graphics-10eu.c2467
Intel,HD Graphics 10EU Mobile,Haswell GT1,Generation 7.5,HD Graphics-M(Haswell),2013-04-29,200.0,850.0,,,System Shared,,,80,,,0.14,,0.03,45,,22,,,Intel,Ring Bus,,,https://www.techpowerup.com/gpu-specs/hd-graphics-10eu-mobile.c3134
Intel,HD Graphics 32EU Mobile,Bay Trail GT1,Generation 7.0,HD Graphics-T(Bay Trail),2013-09-02,311.0,646.0,,,System Shared,,,32,,,0.04,,0.01,4,,22,,,Intel,Ring Bus,,,https://www.techpowerup.com/gpu-specs/hd-graphics-32eu-mobile.c2469
Intel,HD Graphics 4200 Mobile,Haswell GT2,Generation 7.5,HD Graphics-M(Haswell),2013-09-02,200.0,850.0,,,System Shared,,,160,,,0.27,,0.07,4,,22,,,Intel,Ring Bus,,,https://www.techpowerup.com/gpu-specs/hd-graphics-4200-mobile.c3287
Intel,HD Graphics 4400,Haswell GT2,Generation 7.5,HD Graphics(Haswell),2013-09-03,200.0,1150.0,,,System Shared,,,160,,,0.37,,0.09,20,,22,,,Intel,Ring Bus,,,https://www.techpowerup.com/gpu-specs/hd-graphics-4400.c2470
Intel,HD Graphics 4400 Mobile,Haswell GT2,Generation 7.5,HD Graphics-M(Haswell),2013-09-03,200.0,950.0,,,System Shared,,,160,,,0.3,,0.08,20,,22,,,Intel,Ring Bus,,,https://www.techpowerup.com/gpu-specs/hd-graphics-4400-mobile.c2471
Intel,HD Graphics 4600,Haswell GT2,Generation 7.5,HD Graphics(Haswell),2013-06-03,350.0,1100.0,,,System Shared,,,160,,,0.35,,0.09,45,,22,,,Intel,Ring Bus,,,https://www.techpowerup.com/gpu-specs/hd-graphics-4600.c1994
Intel,HD Graphics 4600 Mobile,Haswell GT2,Generation 7.5,HD Graphics-M(Haswell),2013-05-27,400.0,1100.0,,,System Shared,,,160,,,0.35,,0.09,20,,22,,,Intel,Ring Bus,,,https://www.techpowerup.com/gpu-specs/hd-graphics-4600-mobile.c1953
Intel,HD Graphics 5000 Mobile,Haswell GT3,Generation 7.5,HD Graphics-M(Haswell),2013-05-27,200.0,1000.0,,,System Shared,,,320,,,0.64,,0.16,30,,22,1.3,181.0,Intel,Ring Bus,,,https://www.techpowerup.com/gpu-specs/hd-graphics-5000-mobile.c2468
Intel,HD Graphics P4600,Haswell GT2,Generation 7.5,HD Graphics-W(Haswell),2013-06-01,350.0,1200.0,,,System Shared,,,160,,,0.38,,0.1,84,,22,,,Intel,Ring Bus,,,https://www.techpowerup.com/gpu-specs/hd-graphics-p4600.c2369
Intel,HD Graphics P4700,Haswell GT2,Generation 7.5,HD Graphics-W(Haswell),2013-06-01,350.0,1300.0,,,System Shared,,,160,,,0.42,,0.1,86,,22,,,Intel,Ring Bus,,,https://www.techpowerup.com/gpu-specs/hd-graphics-p4700.c2563
Intel,Iris Graphics 5100 Mobile,Haswell GT3,Generation 7.5,HD Graphics-M(Haswell),2013-05-27,200.0,1100.0,,,System Shared,,,320,,,0.7,,0.18,30,,22,1.3,181.0,Intel,Ring Bus,,,https://www.techpowerup.com/gpu-specs/iris-graphics-5100-mobile.c2474
Intel,Iris Pro Graphics 5200,Haswell GT3e,Generation 7.5,HD Graphics(Haswell),2013-06-03,200.0,1150.0,,,System Shared,,,320,,,0.74,,0.18,45,,22,,,Intel,Ring Bus,,,https://www.techpowerup.com/gpu-specs/iris-pro-graphics-5200.c2472
Intel,Iris Pro Graphics 5200 Mobile,Haswell GT3e,Generation 7.5,HD Graphics-M(Haswell),2013-05-27,200.0,1200.0,,,System Shared,,,320,,,0.77,,0.19,30,,22,,,Intel,Ring Bus,,,https://www.techpowerup.com/gpu-specs/iris-pro-graphics-5200-mobile.c2007
Intel,Xeon Phi 5120D,Knights Corner,Knights,Knights Corner(x100),2013-06-17,1053.0,1053.0,1250.0,8.0,GDDR5,512,320.0,960,,,2.02,,,245,,22,5.0,720.0,Intel,PCIe 2.0 x16,,,https://www.techpowerup.com/gpu-specs/xeon-phi-5120d.c2482
Intel,Xeon Phi 7120P,Knights Corner,Knights,Knights Corner(x100),2013-06-17,1238.0,1333.0,1375.0,16.0,GDDR5,512,352.0,976,,,2.6,,,300,,22,5.0,720.0,Intel,PCIe 3.0 x16,,,https://www.techpowerup.com/gpu-specs/xeon-phi-7120p.c1885
Intel,Xeon Phi 7120X,Knights Corner,Knights,Knights Corner(x100),2013-06-17,1238.0,1333.0,1375.0,16.0,GDDR5,512,352.0,976,,,2.6,,,300,,22,5.0,720.0,Intel,PCIe 3.0 x16,,,https://www.techpowerup.com/gpu-specs/xeon-phi-7120x.c2481
ATI,Xbox 360 E GPU,Xenos Corona,TeraScale,Console GPU(Microsoft),2013-06-10,500.0,500.0,700.0,0.5,GDDR3,128,22.4,240,,,0.24,,,120,,45,0.37,168.0,TSMC,,,,https://www.techpowerup.com/gpu-specs/xbox-360-e-gpu.c3649
NVIDIA,GeForce 720A,GF117,Fermi 2.0,GeForce 700A,2014-07-01,775.0,775.0,1001.0,1.0,DDR3,64,16.02,96,,,0.3,,0.02,33,2.1,28,0.58,116.0,TSMC,PCIe 2.0 x16,2,0.128,https://www.techpowerup.com/gpu-specs/geforce-720a.c2666
NVIDIA,GeForce 800A,GF119S,Fermi 2.0,GeForce 800A,2014-03-17,475.0,475.0,900.0,1.0,DDR3,64,14.4,48,,,0.09,,0.01,15,2.1,40,0.29,79.0,TSMC,PCIe 2.0 x16,1,0.128,https://www.techpowerup.com/gpu-specs/geforce-800a.c2564
NVIDIA,GeForce 800M,GF117,Fermi 2.0,GeForce 800M,2014-03-17,738.0,738.0,900.0,1.0,DDR3,64,14.4,48,,,0.14,,0.01,15,2.1,28,0.58,116.0,TSMC,PCIe 2.0 x16,1,0.128,https://www.techpowerup.com/gpu-specs/geforce-800m.c2567
NVIDIA,GeForce 805A,GK208,Kepler 2.0,GeForce 800A,2014-07-22,719.0,758.0,1001.0,1.0,DDR3,64,16.02,192,,,0.29,,0.01,15,3.5,28,1.02,87.0,TSMC,PCIe 3.0 x8,,0.5,https://www.techpowerup.com/gpu-specs/geforce-805a.c2671
NVIDIA,GeForce 810A,GK208,Kepler 2.0,GeForce 800A,2014-07-22,719.0,758.0,900.0,1.0,DDR3,64,14.4,192,,,0.29,,0.01,15,3.5,28,1.02,87.0,TSMC,PCIe 3.0 x8,,0.5,https://www.techpowerup.com/gpu-specs/geforce-810a.c2604
NVIDIA,GeForce 810M,GK107,Kepler,GeForce 800M,2015-03-21,835.0,950.0,900.0,2.0,DDR3,64,14.4,384,,,0.73,,0.03,45,3.0,28,1.27,118.0,TSMC,PCIe 3.0 x16,,0.25,https://www.techpowerup.com/gpu-specs/geforce-810m.c2774
NVIDIA,GeForce 820A,GF117,Fermi 2.0,GeForce 800A,2014-03-17,625.0,625.0,1001.0,1.0,DDR3,64,16.02,96,,,0.24,,0.02,15,2.1,28,0.58,116.0,TSMC,PCIe 2.0 x16,2,0.128,https://www.techpowerup.com/gpu-specs/geforce-820a.c2570
NVIDIA,GeForce 825M,GK208,Kepler 2.0,GeForce 800M,2014-01-27,850.0,941.0,900.0,1.0,DDR3,64,14.4,384,,,0.72,,0.03,33,3.5,28,1.02,87.0,TSMC,PCIe 3.0 x8,,0.5,https://www.techpowerup.com/gpu-specs/geforce-825m.c2547
NVIDIA,GeForce 830A,GM108,Maxwell,GeForce 800A,2014-07-22,1082.0,1150.0,1001.0,2.0,DDR3,64,16.02,256,,,0.59,,0.02,33,5.0,28,1.02,77.0,TSMC,PCIe 3.0 x8,2,1.0,https://www.techpowerup.com/gpu-specs/geforce-830a.c2605
NVIDIA,GeForce 830M,GM108,Maxwell,GeForce 800M,2014-03-12,1082.0,1150.0,900.0,2.0,DDR3,64,14.4,256,,,0.59,,0.02,33,5.0,28,1.02,77.0,TSMC,PCIe 3.0 x8,2,1.0,https://www.techpowerup.com/gpu-specs/geforce-830m.c2560
NVIDIA,GeForce 840A,GM108,Maxwell,GeForce 800A,2014-03-17,1029.0,1124.0,1001.0,2.0,DDR3,64,16.02,384,,,0.86,,0.03,33,5.0,28,1.02,77.0,TSMC,PCIe 3.0 x8,3,1.0,https://www.techpowerup.com/gpu-specs/geforce-840a.c2569
NVIDIA,GeForce 840M,GM108S,Maxwell,GeForce 800M,2014-03-12,1029.0,1124.0,1001.0,2.0,DDR3,64,16.02,384,,,0.86,,0.03,33,5.0,28,1.02,77.0,TSMC,PCIe 3.0 x8,3,1.0,https://www.techpowerup.com/gpu-specs/geforce-840m.c2539
NVIDIA,GeForce GT 705 OEM,GF119S,Fermi 2.0,GeForce 700,2014-03-27,874.0,874.0,825.0,1.0,DDR3,64,13.2,48,,,0.17,,0.01,29,2.1,40,0.29,79.0,TSMC,PCIe 2.0 x16,1,0.128,https://www.techpowerup.com/gpu-specs/geforce-gt-705-oem.c2578
NVIDIA,GeForce GT 710,GF119S,Fermi 2.0,GeForce 700,2016-01-26,810.0,810.0,898.0,1.0,DDR3,64,14.37,48,,,0.16,,0.01,29,2.1,40,0.29,79.0,TSMC,PCIe 2.0 x16,1,0.128,https://www.techpowerup.com/gpu-specs/geforce-gt-710.c2614
NVIDIA,GeForce GT 710 PCIe x1,GK208B,Kepler 2.0,GeForce 700,2014-03-27,954.0,954.0,800.0,1.0,DDR3,64,12.8,192,,,0.37,,0.02,19,3.5,28,1.02,87.0,TSMC,PCIe 2.0 x1,,0.5,https://www.techpowerup.com/gpu-specs/geforce-gt-710-pcie-x1.c3739
NVIDIA,GeForce GT 720,GK208,Kepler 2.0,GeForce 700,2014-03-27,967.0,967.0,900.0,2.0,DDR3,64,14.4,384,,,0.74,,0.03,19,3.5,28,1.02,87.0,TSMC,PCIe 2.0 x8,,0.5,https://www.techpowerup.com/gpu-specs/geforce-gt-720.c1989
NVIDIA,GeForce GT 720A,GF117,Fermi 2.0,GeForce 700A,2014-07-01,775.0,775.0,1001.0,1.0,DDR3,64,16.02,96,,,0.3,,0.02,33,2.1,28,0.58,116.0,TSMC,PCIe 2.0 x16,2,0.128,https://www.techpowerup.com/gpu-specs/geforce-gt-720a.c2379
NVIDIA,GeForce GT 730,GF108,Fermi,GeForce 700,2014-06-18,700.0,700.0,800.0,2.0,DDR3,128,25.6,96,,,0.27,,0.02,49,2.1,40,0.58,116.0,TSMC,PCIe 2.0 x16,2,0.25,https://www.techpowerup.com/gpu-specs/geforce-gt-730.c2590
NVIDIA,GeForce GT 730A,GK208,Kepler 2.0,GeForce 700A,2014-07-01,719.0,758.0,1001.0,1.0,DDR3,64,16.02,384,,,0.58,,0.02,33,3.5,28,1.02,87.0,TSMC,PCIe 3.0 x8,,0.5,https://www.techpowerup.com/gpu-specs/geforce-gt-730a.c2387
NVIDIA,GeForce GT 740,GK107,Kepler,GeForce 700,2014-05-29,993.0,993.0,1253.0,1.0,GDDR5,128,80.19,384,,,0.76,,0.03,64,3.0,28,1.27,118.0,TSMC,PCIe 3.0 x16,,0.25,https://www.techpowerup.com/gpu-specs/geforce-gt-740.c1987
NVIDIA,GeForce GTX 660 Rev. 2,GK104,Kepler,GeForce 600,2014-09-13,980.0,1032.0,1502.0,2.0,GDDR5,192,144.2,960,,,1.98,,0.08,140,3.0,28,3.54,294.0,TSMC,PCIe 3.0 x16,,0.384,https://www.techpowerup.com/gpu-specs/geforce-gtx-660-rev-2.c2631
NVIDIA,GeForce GTX 745 OEM,GM107,Maxwell,GeForce 700,2014-02-18,1033.0,1033.0,900.0,4.0,DDR3,128,28.8,384,,,0.79,,0.02,55,5.0,28,1.87,148.0,TSMC,PCIe 3.0 x16,3,2.0,https://www.techpowerup.com/gpu-specs/geforce-gtx-745-oem.c2561
NVIDIA,GeForce GTX 750,GM107,Maxwell,GeForce 700,2014-02-18,1020.0,1085.0,1253.0,1.0,GDDR5,128,80.19,512,,,1.11,,0.03,55,5.0,28,1.87,148.0,TSMC,PCIe 3.0 x16,4,2.0,https://www.techpowerup.com/gpu-specs/geforce-gtx-750.c1986
NVIDIA,GeForce GTX 750 Ti,GM107,Maxwell,GeForce 700,2014-02-18,1020.0,1085.0,1350.0,2.0,GDDR5,128,86.4,640,,,1.39,,0.04,60,5.0,28,1.87,148.0,TSMC,PCIe 3.0 x16,5,2.0,https://www.techpowerup.com/gpu-specs/geforce-gtx-750-ti.c2548
NVIDIA,GeForce GTX 760A,GK106,Kepler,GeForce 700A,2014-03-17,628.0,719.0,1002.0,1.0,GDDR5,128,64.13,768,,,1.1,,0.05,55,3.0,28,2.54,221.0,TSMC,PCIe 3.0 x16,,0.25,https://www.techpowerup.com/gpu-specs/geforce-gtx-760a.c2565
NVIDIA,GeForce GTX 850A,GM107,Maxwell,GeForce 800A,2014-03-17,902.0,902.0,900.0,2.0,DDR3,128,28.8,640,,,1.15,,0.04,45,5.0,28,1.87,148.0,TSMC,PCIe 3.0 x16,5,2.0,https://www.techpowerup.com/gpu-specs/geforce-gtx-850a.c2568
NVIDIA,GeForce GTX 850M,GM107,Maxwell,GeForce 800M,2014-03-12,902.0,902.0,1001.0,2.0,DDR3,128,32.03,640,,,1.15,,0.04,45,5.0,28,1.87,148.0,TSMC,PCIe 3.0 x16,5,2.0,https://www.techpowerup.com/gpu-specs/geforce-gtx-850m.c2538
NVIDIA,GeForce GTX 860M,GM107,Maxwell,GeForce 800M,2014-01-13,1020.0,1020.0,1253.0,2.0,GDDR5,128,80.19,640,,,1.31,,0.04,75,5.0,28,1.87,148.0,TSMC,MXM-B (3.0),5,2.0,https://www.techpowerup.com/gpu-specs/geforce-gtx-860m.c2536
NVIDIA,GeForce GTX 870M,GK104,Kepler,GeForce 800M,2014-03-12,941.0,967.0,1250.0,3.0,GDDR5,192,120.0,1344,,,2.6,,0.11,100,3.0,28,3.54,294.0,TSMC,MXM-B (3.0),,0.384,https://www.techpowerup.com/gpu-specs/geforce-gtx-870m.c2535
NVIDIA,GeForce GTX 880M,GK104,Kepler,GeForce 800M,2014-03-12,954.0,993.0,1250.0,8.0,GDDR5,256,160.0,1536,,,3.05,,0.13,122,3.0,28,3.54,294.0,TSMC,MXM-B (3.0),,0.5,https://www.techpowerup.com/gpu-specs/geforce-gtx-880m.c2534
NVIDIA,GeForce GTX 970,GM204,Maxwell 2.0,GeForce 900,2014-09-19,1050.0,1178.0,1753.0,4.0,GDDR5,256,224.4,1664,,,3.92,,0.12,148,5.2,28,5.2,398.0,TSMC,PCIe 3.0 x16,13,2.0,https://www.techpowerup.com/gpu-specs/geforce-gtx-970.c2620
NVIDIA,GeForce GTX 970M,GM204,Maxwell 2.0,GeForce 900M,2014-10-07,924.0,1038.0,1253.0,6.0,GDDR5,192,120.3,1280,,,2.66,,0.08,,5.2,28,5.2,398.0,TSMC,MXM-B (3.0),10,1.5,https://www.techpowerup.com/gpu-specs/geforce-gtx-970m.c2881
NVIDIA,GeForce GTX 980,GM204,Maxwell 2.0,GeForce 900,2014-09-19,1127.0,1216.0,1753.0,4.0,GDDR5,256,224.4,2048,,,4.98,,0.16,165,5.2,28,5.2,398.0,TSMC,PCIe 3.0 x16,16,2.0,https://www.techpowerup.com/gpu-specs/geforce-gtx-980.c2621
NVIDIA,GeForce GTX 980M,GM204,Maxwell 2.0,GeForce 900M,2014-10-07,1038.0,1127.0,1253.0,8.0,GDDR5,256,160.4,1536,,,3.46,,0.11,,5.2,28,5.2,398.0,TSMC,MXM-B (3.0),12,2.0,https://www.techpowerup.com/gpu-specs/geforce-gtx-980m.c2746
NVIDIA,GeForce GTX TITAN BLACK,GK110B,Kepler,GeForce 700,2014-02-18,889.0,980.0,1750.0,6.0,GDDR5,384,336.0,2880,,,5.64,,1.88,250,3.5,28,7.08,561.0,TSMC,PCIe 3.0 x16,,1.5,https://www.techpowerup.com/gpu-specs/geforce-gtx-titan-black.c2549
NVIDIA,GeForce GTX TITAN Z,GK110B,Kepler,GeForce 700,2014-05-28,705.0,876.0,1750.0,6.0,GDDR5,384,336.0,2880,,,5.05,,1.68,375,3.5,28,7.08,561.0,TSMC,PCIe 3.0 x16,,1.5,https://www.techpowerup.com/gpu-specs/geforce-gtx-titan-z.c2575
NVIDIA,GRID K120Q,GK107,Kepler,GRID(K1),2014-07-02,850.0,850.0,891.0,0.5,DDR3,128,28.51,192,,,0.33,,0.01,130,3.0,28,1.27,118.0,TSMC,PCIe 3.0 x16,,0.25,https://www.techpowerup.com/gpu-specs/grid-k120q.c2593
NVIDIA,GRID K220Q,GK104,Kepler,GRID(K2),2014-07-02,745.0,745.0,1250.0,0.5,GDDR5,256,160.0,1536,,,2.29,,0.1,225,3.0,28,3.54,294.0,TSMC,PCIe 3.0 x16,,0.5,https://www.techpowerup.com/gpu-specs/grid-k220q.c2592
NVIDIA,GRID K500,GK104,Kepler,GRID(K5),2014-07-02,745.0,745.0,1250.0,4.0,GDDR5,256,160.0,1536,,,2.29,,0.1,225,3.0,28,3.54,294.0,TSMC,PCIe 3.0 x16,,0.5,https://www.techpowerup.com/gpu-specs/grid-k500.c2597
NVIDIA,GRID K520Q,GK104,Kepler,GRID(K5),2014-07-02,745.0,745.0,1250.0,4.0,GDDR5,256,160.0,1536,,,2.29,,0.1,225,3.0,28,3.54,294.0,TSMC,PCIe 3.0 x16,,0.5,https://www.techpowerup.com/gpu-specs/grid-k520q.c2594
NVIDIA,GRID K540Q,GK104,Kepler,GRID(K5),2014-07-02,745.0,745.0,1250.0,4.0,GDDR5,256,160.0,1536,,,2.29,,0.1,225,3.0,28,3.54,294.0,TSMC,PCIe 3.0 x16,,0.5,https://www.techpowerup.com/gpu-specs/grid-k540q.c2595
NVIDIA,GRID K560Q,GK104,Kepler,GRID(K5),2014-07-02,745.0,745.0,1250.0,4.0,GDDR5,256,160.0,1536,,,2.29,,0.1,225,3.0,28,3.54,294.0,TSMC,PCIe 3.0 x16,,0.5,https://www.techpowerup.com/gpu-specs/grid-k560q.c2596
NVIDIA,Jetson TK1,GK20A,Kepler 2.0,Tegra(Kepler),2014-10-15,756.0,951.0,467.0,2.0,DDR3L,64,7.472,192,,,0.37,,0.01,8,3.2,28,,,TSMC,PCIe 1.0 x1,,0.128,https://www.techpowerup.com/gpu-specs/jetson-tk1.c3229
NVIDIA,Quadro K100M,GK107,Kepler,Quadro Kepler-M(Kx000M),2014-08-22,851.0,851.0,900.0,2.0,DDR3,64,14.4,192,,,0.33,,0.01,35,3.0,28,1.27,118.0,TSMC,MXM-A (3.0),,0.128,https://www.techpowerup.com/gpu-specs/quadro-k100m.c2618
NVIDIA,Quadro K200M,GK107,Kepler,Quadro Kepler-M(Kx000M),2014-08-22,745.0,745.0,900.0,2.0,DDR3,64,14.4,192,,,0.29,,0.01,35,3.0,28,1.27,118.0,TSMC,MXM-A (3.0),,0.128,https://www.techpowerup.com/gpu-specs/quadro-k200m.c2617
NVIDIA,Quadro K2200,GM107,Maxwell,Quadro Kepler(Kx200),2014-07-22,1046.0,1124.0,1253.0,4.0,GDDR5,128,80.19,640,,,1.44,,0.04,68,5.0,28,1.87,148.0,TSMC,PCIe 2.0 x16,5,2.0,https://www.techpowerup.com/gpu-specs/quadro-k2200.c2601
NVIDIA,Quadro K2200M,GM107,Maxwell,Quadro Kepler-M(Kx200M),2014-07-19,1150.0,1150.0,1253.0,2.0,GDDR5,128,80.19,640,,,1.47,,0.05,65,5.0,28,1.87,148.0,TSMC,MXM-A (3.0),5,2.0,https://www.techpowerup.com/gpu-specs/quadro-k2200m.c2598
NVIDIA,Quadro K420,GK107,Kepler,Quadro Kepler(Kx200),2014-07-22,876.0,876.0,891.0,1.0,DDR3,128,28.51,192,,,0.34,,0.01,41,3.0,28,1.27,118.0,TSMC,PCIe 2.0 x16,,0.25,https://www.techpowerup.com/gpu-specs/quadro-k420.c2599
NVIDIA,Quadro K4200,GK104,Kepler,Quadro Kepler(Kx200),2014-07-22,771.0,784.0,1350.0,4.0,GDDR5,256,172.8,1344,,,2.11,,0.09,108,3.0,28,3.54,294.0,TSMC,PCIe 2.0 x16,,0.5,https://www.techpowerup.com/gpu-specs/quadro-k4200.c2602
NVIDIA,Quadro K5200,GK110B,Kepler,Quadro Kepler(Kx200),2014-07-22,667.0,771.0,1502.0,8.0,GDDR5,256,192.3,2304,,,3.55,,0.15,150,3.5,28,7.08,561.0,TSMC,PCIe 3.0 x16,,,https://www.techpowerup.com/gpu-specs/quadro-k5200.c2603
NVIDIA,Quadro K620,GM107,Maxwell,Quadro Kepler(Kx200),2014-07-22,1058.0,1124.0,900.0,2.0,DDR3,128,28.8,384,,,0.86,,0.03,45,5.0,28,1.87,148.0,TSMC,PCIe 2.0 x16,3,2.0,https://www.techpowerup.com/gpu-specs/quadro-k620.c2600
NVIDIA,Tesla K8,GK104,Kepler,Tesla Kepler(Kxx),2014-09-16,693.0,811.0,1250.0,8.0,GDDR5,256,160.0,1536,,,2.49,,0.1,100,3.0,28,3.54,294.0,TSMC,PCIe 2.0 x16,,0.5,https://www.techpowerup.com/gpu-specs/tesla-k8.c2619
NVIDIA,Tesla K80,GK210,Kepler 2.0,Tesla Kepler(Kxx),2014-11-17,562.0,824.0,1253.0,12.0,GDDR5,384,240.6,2496,,,4.11,,1.37,300,3.7,28,7.1,561.0,TSMC,PCIe 3.0 x16,,1.5,https://www.techpowerup.com/gpu-specs/tesla-k80.c2616
AMD,FirePro D300,Pitcairn,GCN 1.0,FirePro Data Center(Dx00),2014-01-18,850.0,850.0,1270.0,2.0,GDDR5,256,162.6,1280,,,2.18,,0.14,150,,28,2.8,212.0,TSMC,PCIe 3.0 x16,,0.5,https://www.techpowerup.com/gpu-specs/firepro-d300.c2557
AMD,FirePro D500,Tahiti,GCN 1.0,FirePro Data Center(Dx00),2014-01-18,725.0,725.0,1270.0,3.0,GDDR5,384,243.8,1536,,,2.23,,0.56,274,,28,4.31,352.0,TSMC,PCIe 3.0 x16,,0.75,https://www.techpowerup.com/gpu-specs/firepro-d500.c2556
AMD,FirePro D700,Tahiti,GCN 1.0,FirePro Data Center(Dx00),2014-01-18,850.0,850.0,1370.0,6.0,GDDR5,384,263.0,2048,,,3.48,,0.87,274,,28,4.31,352.0,TSMC,PCIe 3.0 x16,,0.75,https://www.techpowerup.com/gpu-specs/firepro-d700.c2555
AMD,FirePro S10000 Passive 12GB,Tahiti,GCN 1.0,FirePro Server(Sx000),2014-03-01,825.0,950.0,1250.0,6.0,GDDR5,384,240.0,1792,,,3.4,,0.85,375,,28,4.31,352.0,TSMC,PCIe 3.0 x16,,0.75,https://www.techpowerup.com/gpu-specs/firepro-s10000-passive-12gb.c2522
AMD,FirePro S4000X,Venus,GCN 1.0,FirePro Mobile(Sx000),2014-08-07,725.0,775.0,1125.0,2.0,GDDR5,128,72.0,640,,,0.99,,0.06,45,,28,1.5,123.0,TSMC,PCIe 3.0 x16,,0.25,https://www.techpowerup.com/gpu-specs/firepro-s4000x.c2506
AMD,FirePro S9050,Tahiti,GCN 1.0,FirePro Server(Sx000),2014-08-07,900.0,900.0,1375.0,12.0,GDDR5,384,264.0,1792,,,3.23,,0.81,225,,28,4.31,352.0,TSMC,PCIe 3.0 x16,,0.75,https://www.techpowerup.com/gpu-specs/firepro-s9050.c2607
AMD,FirePro S9100,Hawaii,GCN 2.0,FirePro Server(Sx100),2014-10-02,824.0,824.0,1250.0,12.0,GDDR5,512,320.0,2560,,,4.22,,2.11,225,,28,6.2,438.0,TSMC,PCIe 3.0 x16,,1.0,https://www.techpowerup.com/gpu-specs/firepro-s9100.c2636
AMD,FirePro S9150,Hawaii,GCN 2.0,FirePro Server(Sx100),2014-08-07,900.0,900.0,1250.0,16.0,GDDR5,512,320.0,2816,,,5.07,,2.53,235,,28,6.2,438.0,TSMC,PCIe 3.0 x16,,1.0,https://www.techpowerup.com/gpu-specs/firepro-s9150.c2608
AMD,FirePro W2100,Oland,GCN 1.0,FirePro GCN(Wx100),2014-08-12,630.0,680.0,900.0,2.0,DDR3,128,28.8,320,,,0.44,,0.03,26,,28,0.95,77.0,TSMC,PCIe 3.0 x8,,0.25,https://www.techpowerup.com/gpu-specs/firepro-w2100.c2612
AMD,FirePro W4100,Cape Verde,GCN 1.0,FirePro GCN(Wx100),2014-08-13,630.0,630.0,1000.0,2.0,GDDR5,128,64.0,512,,,0.65,,0.04,50,,28,1.5,123.0,TSMC,PCIe 3.0 x16,,0.25,https://www.techpowerup.com/gpu-specs/firepro-w4100.c2611
AMD,FirePro W4170M,Opal,GCN 1.0,FirePro Mobile(Wx100M),2015-04-23,825.0,900.0,1000.0,2.0,GDDR5,128,64.0,384,,,0.69,,0.04,,,28,0.95,77.0,TSMC,PCIe 3.0 x8,,0.25,https://www.techpowerup.com/gpu-specs/firepro-w4170m.c4064
AMD,FirePro W5100,Bonaire,GCN 2.0,FirePro GCN(Wx100),2014-03-31,930.0,930.0,1500.0,4.0,GDDR5,128,96.0,768,,,1.43,,0.09,50,,28,2.08,160.0,TSMC,PCIe 3.0 x16,,0.25,https://www.techpowerup.com/gpu-specs/firepro-w5100.c2585
AMD,FirePro W5170M,Tropo,GCN 1.0,FirePro Mobile(Wx100M),2014-08-25,900.0,925.0,1125.0,2.0,GDDR5,128,72.0,640,,,1.18,,0.07,,,28,1.5,123.0,TSMC,MXM-A (3.0),,0.25,https://www.techpowerup.com/gpu-specs/firepro-w5170m.c2705
AMD,FirePro W6170M,Emerald,GCN 2.0,FirePro Mobile(Wx100M),2014-08-25,1100.0,1100.0,1500.0,2.0,GDDR5,128,96.0,896,,,1.97,,0.12,,,28,2.08,160.0,TSMC,MXM-B (3.0),,0.25,https://www.techpowerup.com/gpu-specs/firepro-w6170m.c2706
AMD,FirePro W7100,Tonga,GCN 3.0,FirePro GCN(Wx100),2014-08-12,920.0,920.0,1250.0,8.0,GDDR5,256,160.0,1792,,,3.3,3.3,0.21,150,,28,5.0,366.0,TSMC,PCIe 3.0 x16,,0.5,https://www.techpowerup.com/gpu-specs/firepro-w7100.c2610
AMD,FirePro W8100,Hawaii,GCN 2.0,FirePro GCN(Wx100),2014-06-23,824.0,824.0,1250.0,8.0,GDDR5,512,320.0,2560,,,4.22,,2.11,220,,28,6.2,438.0,TSMC,PCIe 3.0 x16,,1.0,https://www.techpowerup.com/gpu-specs/firepro-w8100.c2588
AMD,FirePro W9100,Hawaii,GCN 2.0,FirePro GCN(Wx100),2014-03-26,930.0,930.0,1250.0,16.0,GDDR5,512,320.0,2816,,,5.24,,2.62,275,,28,6.2,438.0,TSMC,PCIe 3.0 x16,,1.0,https://www.techpowerup.com/gpu-specs/firepro-w9100.c2562
AMD,Radeon E8860,Venus,GCN 1.0,Embedded(8000),2014-01-25,575.0,625.0,1125.0,2.0,GDDR5,128,72.0,640,,,0.8,,0.05,37,,28,1.5,123.0,TSMC,PCIe 3.0 x16,,0.25,https://www.techpowerup.com/gpu-specs/radeon-e8860.c2550
AMD,Radeon HD 8210 IGP,Kalindi,GCN 2.0,GCN 2.0 IGP(Temash Mobile),2014-01-31,300.0,300.0,,,System Shared,,,128,,,0.08,,,8,,28,1.18,110.0,TSMC,IGP,,,https://www.techpowerup.com/gpu-specs/radeon-hd-8210-igp.c2404
AMD,Radeon HD 8530M,Mars,GCN 1.0,Solar System(HD 8500M),2014-01-10,650.0,700.0,900.0,1.0,DDR3,64,14.4,320,,,0.45,,0.03,,,28,0.95,77.0,TSMC,PCIe 3.0 x8,,0.128,https://www.techpowerup.com/gpu-specs/radeon-hd-8530m.c2388
AMD,Radeon HD 8550M,Sun,GCN 1.0,Solar System(HD 8500M),2014-07-13,650.0,850.0,900.0,1.0,DDR3,64,14.4,320,,,0.54,,0.03,,,28,0.69,56.0,TSMC,PCIe 3.0 x8,,0.128,https://www.techpowerup.com/gpu-specs/radeon-hd-8550m.c1905
AMD,Radeon R4 Mobile Graphics,Stoney,GCN 3.0,GCN 3.0 IGP(Stoney Ridge-M),2016-06-01,200.0,655.0,,,System Shared,,,192,,,0.25,0.25,0.02,15,,28,1.2,125.0,GlobalFoundries,IGP,,,https://www.techpowerup.com/gpu-specs/radeon-r4-mobile-graphics.c3218
AMD,Radeon R4E Mobile Graphics,Stoney,GCN 3.0,GCN 3.0 IGP(Stoney Ridge-M),2016-06-01,400.0,600.0,,,System Shared,,,192,,,0.23,0.23,0.01,15,,28,1.2,125.0,GlobalFoundries,IGP,,,https://www.techpowerup.com/gpu-specs/radeon-r4e-mobile-graphics.c4051
AMD,Radeon R5 230,Caicos,TeraScale 2,Volcanic Islands(R5 200),2014-04-03,625.0,625.0,667.0,1.0,DDR3,64,10.67,160,,,0.2,,,19,,40,0.37,67.0,TSMC,PCIe 2.0 x16,,0.128,https://www.techpowerup.com/gpu-specs/radeon-r5-230.c2576
AMD,Radeon R5 A220,Caicos,TeraScale 2,All-In-One(Rx 200),2014-01-01,775.0,775.0,900.0,1.0,DDR3,64,14.4,160,,,0.25,,,35,,40,0.37,67.0,TSMC,PCIe 2.0 x16,,0.128,https://www.techpowerup.com/gpu-specs/radeon-r5-a220.c2715
AMD,Radeon R5 A230,Jet,GCN 1.0,All-In-One(Rx 200),2014-01-07,780.0,855.0,1000.0,4.0,DDR3,64,16.0,320,,,0.55,,0.03,,,28,0.69,56.0,TSMC,PCIe 3.0 x8,,0.128,https://www.techpowerup.com/gpu-specs/radeon-r5-a230.c2713
AMD,Radeon R5 A240,Jet,GCN 1.0,All-In-One(Rx 200),2014-01-01,1030.0,1030.0,900.0,1.0,DDR3,64,14.4,320,,,0.66,,,,,28,0.69,56.0,TSMC,PCIe 3.0 x8,,0.128,https://www.techpowerup.com/gpu-specs/radeon-r5-a240.c2589
AMD,Radeon R5 A255,Topaz,GCN 3.0,All-In-One(Rx 200),2014-01-01,925.0,940.0,1000.0,1.0,GDDR5,128,64.0,384,,,0.72,,,,,28,1.55,125.0,TSMC,PCIe 3.0 x8,,0.25,https://www.techpowerup.com/gpu-specs/radeon-r5-a255.c2719
AMD,Radeon R5 Graphics,Wani,GCN 3.0,GCN 3.0 IGP(Bristol Ridge),2017-09-05,200.0,900.0,,,System Shared,,,384,,,0.69,0.69,0.35,15,,28,1.2,125.0,GlobalFoundries,IGP,,,https://www.techpowerup.com/gpu-specs/radeon-r5-graphics.c3241
AMD,Radeon R5 M230,Jet,GCN 1.0,Gem System(R5 M200),2014-01-07,610.0,610.0,1000.0,2.0,DDR3,64,16.0,320,,,0.39,,0.02,,,28,0.69,56.0,TSMC,PCIe 3.0 x8,,0.128,https://www.techpowerup.com/gpu-specs/radeon-r5-m230.c2571
AMD,Radeon R5 M240,Jet,GCN 1.0,Gem System(R5 M200),2014-09-18,1000.0,1030.0,900.0,1.0,DDR3,64,14.4,320,,,0.66,,0.04,,,28,0.69,56.0,TSMC,PCIe 3.0 x8,,0.128,https://www.techpowerup.com/gpu-specs/radeon-r5-m240.c2416
AMD,Radeon R5 M240 Rebrand,Mars,GCN 1.0,Gem System(R5 M200),2014-01-10,650.0,700.0,900.0,1.0,DDR3,64,14.4,384,,,0.54,,0.03,,,28,0.95,77.0,TSMC,PCIe 3.0 x8,,0.128,https://www.techpowerup.com/gpu-specs/radeon-r5-m240-rebrand.c2552
AMD,Radeon R5 M255,Topaz,GCN 3.0,Gem System(R5 M200),2014-10-12,925.0,940.0,1000.0,2.0,DDR3,128,32.0,384,,,0.72,0.72,0.05,,,28,1.55,125.0,TSMC,PCIe 3.0 x8,,0.25,https://www.techpowerup.com/gpu-specs/radeon-r5-m255.c2573
AMD,Radeon R5 Mobile Graphics,Stoney,GCN 3.0,GCN 3.0 IGP(Stoney Ridge-M),2016-06-01,200.0,847.0,,,System Shared,,,192,,,0.33,0.33,0.02,15,,28,1.2,125.0,GlobalFoundries,IGP,,,https://www.techpowerup.com/gpu-specs/radeon-r5-mobile-graphics.c3215
AMD,Radeon R5E Mobile Graphics,Stoney,GCN 3.0,GCN 3.0 IGP(Stoney Ridge-M),2016-06-01,200.0,847.0,,,System Shared,,,192,,,0.33,0.33,0.02,15,,28,1.2,125.0,GlobalFoundries,IGP,,,https://www.techpowerup.com/gpu-specs/radeon-r5e-mobile-graphics.c4052
AMD,Radeon R6 M255DX,Topaz,GCN 3.0,Gem System Hybrid(Rx M200),2014-10-12,925.0,940.0,,,System Shared,,,384,,,0.72,0.72,0.05,,,28,1.55,125.0,TSMC,IGP,,0.25,https://www.techpowerup.com/gpu-specs/radeon-r6-m255dx.c2654
AMD,Radeon R6 Mobile Graphics,Wani,GCN 3.0,GCN 3.0 IGP(Carrizo Mobile),2015-11-07,200.0,720.0,,,System Shared,,,384,,,0.55,0.55,0.28,15,,28,1.2,125.0,GlobalFoundries,IGP,,,https://www.techpowerup.com/gpu-specs/radeon-r6-mobile-graphics.c2780
AMD,Radeon R7 250X,Cape Verde,GCN 1.0,Volcanic Islands(R7 200),2014-02-13,950.0,950.0,1125.0,1.0,GDDR5,128,72.0,640,,,1.22,,0.08,80,,28,1.5,123.0,TSMC,PCIe 3.0 x16,,0.25,https://www.techpowerup.com/gpu-specs/radeon-r7-250x.c2553
AMD,Radeon R7 250XE,Cape Verde,GCN 1.0,Volcanic Islands(R7 200),2014-08-21,860.0,860.0,1125.0,1.0,GDDR5,128,72.0,640,,,1.1,,0.07,80,,28,1.5,123.0,TSMC,PCIe 3.0 x16,,0.25,https://www.techpowerup.com/gpu-specs/radeon-r7-250xe.c2615
AMD,Radeon R7 265,Pitcairn,GCN 1.0,Volcanic Islands(R7 200),2014-02-13,900.0,925.0,1400.0,2.0,GDDR5,256,179.2,1024,,,1.89,,0.12,150,,28,2.8,212.0,TSMC,PCIe 3.0 x16,,0.5,https://www.techpowerup.com/gpu-specs/radeon-r7-265.c2558
AMD,Radeon R7 265X OEM,Curacao,GCN 1.0,Volcanic Islands(R7 200),2014-08-12,900.0,925.0,1400.0,2.0,GDDR5,256,179.2,1280,,,2.37,,0.15,150,,28,2.8,212.0,TSMC,PCIe 3.0 x16,,0.5,https://www.techpowerup.com/gpu-specs/radeon-r7-265x-oem.c2613
AMD,Radeon R7 A260,Topaz,GCN 3.0,All-In-One(Rx 200),2014-01-01,900.0,980.0,900.0,1.0,GDDR5,128,57.6,384,,,0.75,,,,,28,1.55,125.0,TSMC,PCIe 3.0 x8,,0.25,https://www.techpowerup.com/gpu-specs/radeon-r7-a260.c2718
AMD,Radeon R7 A265,Opal,GCN 1.0,All-In-One(Rx 200),2014-01-09,725.0,825.0,900.0,2.0,DDR3,128,28.8,384,,,0.63,,0.04,,,28,0.95,77.0,TSMC,PCIe 3.0 x8,,0.25,https://www.techpowerup.com/gpu-specs/radeon-r7-a265.c2650
AMD,Radeon R7 Graphics,Spectre,GCN 2.0,GCN 2.0 IGP(Kaveri),2014-01-11,720.0,720.0,,,System Shared,,,512,,,0.74,,0.05,25,,28,2.41,245.0,GlobalFoundries,IGP,,,https://www.techpowerup.com/gpu-specs/radeon-r7-graphics.c2532
AMD,Radeon R7 M260,Topaz,GCN 3.0,Gem System(R7 M200),2014-06-11,940.0,980.0,900.0,2.0,DDR3,64,14.4,384,,,0.75,0.75,0.05,,,28,1.55,125.0,TSMC,PCIe 3.0 x8,,0.128,https://www.techpowerup.com/gpu-specs/radeon-r7-m260.c2591
AMD,Radeon R7 M260DX,Jet,GCN 1.0,Gem System Hybrid(Rx M200),2014-01-07,780.0,855.0,,,System Shared,,,320,,,0.55,,0.03,,,28,0.69,56.0,TSMC,IGP,,0.128,https://www.techpowerup.com/gpu-specs/radeon-r7-m260dx.c2639
AMD,Radeon R7 M265,Opal,GCN 1.0,Gem System(R7 M200),2014-01-09,725.0,825.0,900.0,2.0,DDR3,128,28.8,384,,,0.63,,,,,28,0.95,77.0,TSMC,PCIe 3.0 x8,,0.25,https://www.techpowerup.com/gpu-specs/radeon-r7-m265.c2484
AMD,Radeon R7 M265DX,Jet,GCN 1.0,Gem System Hybrid(Rx M200),2014-01-07,780.0,855.0,,,System Shared,,,320,,,0.55,,0.03,,,28,0.69,56.0,TSMC,IGP,,0.128,https://www.techpowerup.com/gpu-specs/radeon-r7-m265dx.c2804
AMD,Radeon R7 M270,Opal,GCN 1.0,Gem System(R7 M200),2014-01-09,725.0,825.0,900.0,2.0,DDR3,128,28.8,384,,,0.63,,,,,28,0.95,77.0,TSMC,PCIe 3.0 x8,,0.25,https://www.techpowerup.com/gpu-specs/radeon-r7-m270.c2657
AMD,Radeon R7 M270DX,Jet,GCN 1.0,Gem System Hybrid(Rx M200),2014-01-07,780.0,855.0,,,System Shared,,,320,,,0.55,,0.03,,,28,0.69,56.0,TSMC,IGP,,0.128,https://www.techpowerup.com/gpu-specs/radeon-r7-m270dx.c2806
AMD,Radeon R7 Mobile Graphics,Wani,GCN 3.0,GCN 3.0 IGP(Carrizo Mobile),2015-11-15,200.0,720.0,,,System Shared,,,512,,,0.74,0.74,0.37,15,,28,1.2,125.0,GlobalFoundries,IGP,,,https://www.techpowerup.com/gpu-specs/radeon-r7-mobile-graphics.c2779
AMD,Radeon R9 280,Tahiti,GCN 1.0,Volcanic Islands(R9 200),2014-03-04,827.0,933.0,1250.0,3.0,GDDR5,384,240.0,1792,,,3.34,,0.84,200,,28,4.31,352.0,TSMC,PCIe 3.0 x16,,0.75,https://www.techpowerup.com/gpu-specs/radeon-r9-280.c2405
AMD,Radeon R9 285,Tonga,GCN 3.0,Volcanic Islands(R9 200),2014-09-02,918.0,918.0,1375.0,2.0,GDDR5,256,176.0,1792,,,3.29,3.29,0.21,190,,28,5.0,366.0,TSMC,PCIe 3.0 x16,,0.5,https://www.techpowerup.com/gpu-specs/radeon-r9-285.c2609
AMD,Radeon R9 290X2,Hawaii,GCN 2.0,Volcanic Islands(R9 200),2014-06-24,1000.0,1000.0,1350.0,4.0,GDDR5,512,345.6,2816,,,5.63,,0.7,580,,28,6.2,438.0,TSMC,PCIe 3.0 x16,,1.0,https://www.techpowerup.com/gpu-specs/radeon-r9-290x2.c2583
AMD,Radeon R9 295X2,Vesuvius,GCN 2.0,Volcanic Islands(R9 200),2014-04-29,1018.0,1018.0,1250.0,4.0,GDDR5,512,320.0,2816,,,5.73,,0.72,500,,28,6.2,438.0,TSMC,PCIe 3.0 x16,,1.0,https://www.techpowerup.com/gpu-specs/radeon-r9-295x2.c2523
AMD,Radeon R9 M265X,Venus,GCN 1.0,Gem System(R9 M200),2014-03-21,575.0,625.0,1000.0,2.0,GDDR5,128,64.0,640,,,0.8,,0.05,,,28,1.5,123.0,TSMC,PCIe 3.0 x16,,0.25,https://www.techpowerup.com/gpu-specs/radeon-r9-m265x.c2579
AMD,Radeon R9 M270X,Saturn,GCN 2.0,Gem System(R9 M200),2015-02-05,900.0,1000.0,1375.0,2.0,GDDR5,128,88.0,768,,,1.54,,0.1,,,28,2.08,160.0,TSMC,PCIe 3.0 x16,,0.25,https://www.techpowerup.com/gpu-specs/radeon-r9-m270x.c2582
AMD,Radeon R9 M275,Venus,GCN 1.0,Gem System(R9 M200),2014-01-28,900.0,925.0,1000.0,2.0,GDDR5,128,64.0,640,,,1.18,,0.07,,,28,1.5,123.0,TSMC,PCIe 3.0 x16,,0.25,https://www.techpowerup.com/gpu-specs/radeon-r9-m275.c2574
AMD,Radeon R9 M275X,Venus,GCN 1.0,Gem System(R9 M200),2014-01-28,900.0,925.0,1125.0,2.0,GDDR5,128,72.0,640,,,1.18,,0.07,,,28,1.5,123.0,TSMC,PCIe 3.0 x16,,0.25,https://www.techpowerup.com/gpu-specs/radeon-r9-m275x.c2658
AMD,Radeon R9 M290X,Neptune,GCN 1.0,Gem System(R9 M200),2014-01-09,850.0,900.0,1200.0,4.0,GDDR5,256,153.6,1280,,,2.3,,0.14,100,,28,2.8,212.0,TSMC,PCIe 3.0 x16,,0.5,https://www.techpowerup.com/gpu-specs/radeon-r9-m290x.c2546
AMD,Radeon R9 M290X Mac Edition,Pitcairn,GCN 1.0,Gem System(R9 M200),2014-11-23,850.0,975.0,1365.0,2.0,GDDR5,256,174.7,1024,,,2.0,,0.12,80,,28,2.8,212.0,TSMC,PCIe 3.0 x16,,0.5,https://www.techpowerup.com/gpu-specs/radeon-r9-m290x-mac-edition.c3770
AMD,Radeon R9 M295X,Amethyst,GCN 3.0,Gem System(R9 M200),2014-11-23,723.0,723.0,1250.0,4.0,GDDR5,256,160.0,2048,,,2.96,2.96,0.19,250,,28,5.0,366.0,TSMC,MXM-B (3.0),,0.5,https://www.techpowerup.com/gpu-specs/radeon-r9-m295x.c2670
AMD,Radeon R9 M295X Mac Edition,Amethyst,GCN 3.0,Gem System(R9 M200),2014-11-23,850.0,850.0,1362.0,4.0,GDDR5,256,174.3,2048,,,3.48,3.48,0.22,250,,28,5.0,366.0,TSMC,MXM-B (3.0),,0.5,https://www.techpowerup.com/gpu-specs/radeon-r9-m295x-mac-edition.c2587
Intel,HD Graphics 5300 Mobile,Broadwell GT2,Generation 8.0,HD Graphics-M(Broadwell),2014-09-05,300.0,800.0,,,System Shared,,,192,,,0.31,,0.08,15,,14,,,Intel,Ring Bus,,,https://www.techpowerup.com/gpu-specs/hd-graphics-5300-mobile.c2624
Intel,HD Graphics 5500 Mobile,Broadwell GT2,Generation 8.0,HD Graphics-M(Broadwell),2014-09-05,300.0,850.0,,,System Shared,,,192,,,0.33,,0.08,15,,14,,,Intel,Ring Bus,,,https://www.techpowerup.com/gpu-specs/hd-graphics-5500-mobile.c2625
Intel,HD Graphics 5600 Mobile,Broadwell GT2,Generation 8.0,HD Graphics-M(Broadwell),2014-09-05,300.0,1050.0,,,System Shared,,,192,,,0.4,,0.1,15,,14,,,Intel,Ring Bus,,,https://www.techpowerup.com/gpu-specs/hd-graphics-5600-mobile.c3139
Intel,HD Graphics 6000 Mobile,Broadwell GT3,Generation 8.0,HD Graphics-M(Broadwell),2014-09-05,300.0,950.0,,,System Shared,,,384,,,0.73,,0.18,15,,14,,133.0,Intel,Ring Bus,,,https://www.techpowerup.com/gpu-specs/hd-graphics-6000-mobile.c2626
Intel,HD Graphics P5700,Broadwell GT2,Generation 8.0,HD Graphics-W(Broadwell),2014-09-05,700.0,1000.0,,,System Shared,,,192,,,0.38,,0.1,15,,14,,,Intel,Ring Bus,,,https://www.techpowerup.com/gpu-specs/hd-graphics-p5700.c2791
Intel,Iris Graphics 6100 Mobile,Broadwell GT3,Generation 8.0,HD Graphics-M(Broadwell),2014-09-05,300.0,1000.0,,,System Shared,,,384,,,0.77,,0.19,15,,14,,133.0,Intel,Ring Bus,,,https://www.techpowerup.com/gpu-specs/iris-graphics-6100-mobile.c2627
Intel,Iris Pro Graphics 6200,Broadwell GT3e,Generation 8.0,HD Graphics(Broadwell),2014-09-05,300.0,1100.0,,,System Shared,,,384,,,0.84,,0.21,15,,14,,,Intel,Ring Bus,,,https://www.techpowerup.com/gpu-specs/iris-pro-graphics-6200.c2790
Intel,Iris Pro Graphics 6200 Mobile,Broadwell GT3e,Generation 8.0,HD Graphics-M(Broadwell),2014-09-05,300.0,1100.0,,,System Shared,,,384,,,0.84,,0.21,15,,14,,,Intel,Ring Bus,,,https://www.techpowerup.com/gpu-specs/iris-pro-graphics-6200-mobile.c2628
Intel,Iris Pro Graphics P6300,Broadwell GT3e,Generation 8.0,HD Graphics-W(Broadwell),2014-09-05,300.0,800.0,,,System Shared,,,384,,,0.61,,0.15,15,,14,,,Intel,Ring Bus,,,https://www.techpowerup.com/gpu-specs/iris-pro-graphics-p6300.c2792
NVIDIA,GeForce 845M,GM108,Maxwell,GeForce 800M,2015-08-26,1071.0,1150.0,1253.0,2.0,GDDR5,64,40.1,384,,,0.88,,0.03,33,5.0,28,1.02,77.0,TSMC,PCIe 3.0 x8,3,1.0,https://www.techpowerup.com/gpu-specs/geforce-845m.c2753
NVIDIA,GeForce 910M,GK208B,Kepler 2.0,GeForce 900M,2015-03-13,641.0,641.0,1001.0,2.0,DDR3,64,16.02,384,,,0.49,,0.02,33,3.5,28,1.02,87.0,TSMC,PCIe 3.0 x8,,0.5,https://www.techpowerup.com/gpu-specs/geforce-910m.c2764
NVIDIA,GeForce 920A,GK208B,Kepler 2.0,GeForce 900A,2015-03-13,954.0,954.0,1001.0,1.0,DDR3,64,16.02,384,,,0.73,,0.03,33,3.5,28,1.02,87.0,TSMC,PCIe 3.0 x8,,0.5,https://www.techpowerup.com/gpu-specs/geforce-920a.c2647
NVIDIA,GeForce 920M,GK208B,Kepler 2.0,GeForce 900M,2015-03-13,954.0,954.0,900.0,2.0,DDR3,64,14.4,384,,,0.73,,0.03,33,3.5,28,1.02,87.0,TSMC,PCIe 3.0 x8,,0.5,https://www.techpowerup.com/gpu-specs/geforce-920m.c2646
NVIDIA,GeForce 930A,GM108,Maxwell,GeForce 900A,2015-03-13,928.0,941.0,1001.0,2.0,DDR3,64,16.02,384,,,0.72,,0.02,33,5.0,28,1.02,77.0,TSMC,PCIe 3.0 x8,3,1.0,https://www.techpowerup.com/gpu-specs/geforce-930a.c2816
NVIDIA,GeForce 930M,GM108S,Maxwell,GeForce 900M,2015-03-13,549.0,549.0,800.0,2.0,DDR3,64,12.8,384,,,0.42,,0.01,33,5.0,28,1.02,77.0,TSMC,PCIe 3.0 x8,3,1.0,https://www.techpowerup.com/gpu-specs/geforce-930m.c4002
NVIDIA,GeForce 940A,GM108,Maxwell,GeForce 900A,2015-03-13,1029.0,1124.0,1001.0,1.0,DDR3,64,16.02,384,,,0.86,,0.03,33,5.0,28,1.02,77.0,TSMC,PCIe 3.0 x8,3,1.0,https://www.techpowerup.com/gpu-specs/geforce-940a.c2737
NVIDIA,GeForce 940M,GM107,Maxwell,GeForce 900M,2015-03-13,1020.0,1098.0,900.0,2.0,DDR3,64,14.4,512,,,1.12,,0.04,75,5.0,28,1.87,148.0,TSMC,MXM-B (3.0),4,2.0,https://www.techpowerup.com/gpu-specs/geforce-940m.c2648
NVIDIA,GeForce 945A,GM108,Maxwell,GeForce 900A,2015-03-13,1006.0,1189.0,1253.0,1.0,GDDR5,64,40.1,384,,,0.91,,0.03,33,5.0,28,1.02,77.0,TSMC,PCIe 3.0 x8,3,1.0,https://www.techpowerup.com/gpu-specs/geforce-945a.c2813
NVIDIA,GeForce 945M,GM108,Maxwell,GeForce 900M,2016-04-08,1006.0,1189.0,1001.0,1.0,DDR3,64,16.02,384,,,0.91,,0.03,23,5.0,28,1.02,77.0,TSMC,PCIe 3.0 x8,3,1.0,https://www.techpowerup.com/gpu-specs/geforce-945m.c2836
NVIDIA,GeForce GT 710 OEM,GK208B,Kepler 2.0,GeForce 700,2015-04-09,797.0,797.0,900.0,1.0,DDR3,64,14.4,192,,,0.31,,0.01,,3.5,28,1.02,87.0,TSMC,PCIe 2.0 x8,,0.5,https://www.techpowerup.com/gpu-specs/geforce-gt-710-oem.c2711
NVIDIA,GeForce GT 730 OEM,GK107,Kepler,GeForce 700,2015-04-09,902.0,902.0,1253.0,1.0,GDDR5,64,40.1,384,,,0.69,,0.03,64,3.0,28,1.27,118.0,TSMC,PCIe 3.0 x16,,0.128,https://www.techpowerup.com/gpu-specs/geforce-gt-730-oem.c2710
NVIDIA,GeForce GT 740 OEM,GK106S,Kepler,GeForce 700,2015-04-14,980.0,1033.0,1253.0,1.0,GDDR5,128,80.19,384,,,0.79,,0.03,65,3.0,28,2.54,221.0,TSMC,PCIe 3.0 x16,,0.25,https://www.techpowerup.com/gpu-specs/geforce-gt-740-oem.c2844
NVIDIA,GeForce GTX 750 GM206,GM206,Maxwell 2.0,GeForce 700,2015-11-17,1087.0,1239.0,1253.0,2.0,GDDR5,128,80.19,512,,,1.27,,0.04,60,5.2,28,2.94,228.0,TSMC,PCIe 3.0 x16,4,1.0,https://www.techpowerup.com/gpu-specs/geforce-gtx-750-gm206.c2778
NVIDIA,GeForce GTX 860M OEM,GM107,Maxwell,GeForce 800M,2015-02-05,1097.0,1176.0,1253.0,2.0,GDDR5,128,80.19,640,,,1.5,,0.05,75,5.0,28,1.87,148.0,TSMC,MXM-B (3.0),5,2.0,https://www.techpowerup.com/gpu-specs/geforce-gtx-860m-oem.c2659
NVIDIA,GeForce GTX 950,GM206,Maxwell 2.0,GeForce 900,2015-08-20,1024.0,1188.0,1653.0,2.0,GDDR5,128,105.8,768,,,1.82,,0.06,90,5.2,28,2.94,228.0,TSMC,PCIe 3.0 x16,6,1.0,https://www.techpowerup.com/gpu-specs/geforce-gtx-950.c2747
NVIDIA,GeForce GTX 950A,GM107,Maxwell,GeForce 900A,2015-03-13,993.0,1124.0,1001.0,2.0,DDR3,128,32.03,640,,,1.44,,0.04,75,5.0,28,1.87,148.0,TSMC,MXM-B (3.0),5,2.0,https://www.techpowerup.com/gpu-specs/geforce-gtx-950a.c2776
NVIDIA,GeForce GTX 950M,GM107,Maxwell,GeForce 900M,2015-03-13,993.0,1124.0,900.0,4.0,DDR3,128,28.8,640,,,1.44,,0.04,75,5.0,28,1.87,148.0,TSMC,PCIe 3.0 x8,5,2.0,https://www.techpowerup.com/gpu-specs/geforce-gtx-950m.c2642
NVIDIA,GeForce GTX 950M Mac Edition,GM107,Maxwell,GeForce 900M,2015-03-13,993.0,1124.0,900.0,2.0,DDR3,128,28.8,640,,,1.44,,0.04,75,5.0,28,1.87,148.0,TSMC,MXM-B (3.0),5,2.0,https://www.techpowerup.com/gpu-specs/geforce-gtx-950m-mac-edition.c2777
NVIDIA,GeForce GTX 960,GM206,Maxwell 2.0,GeForce 900,2015-01-22,1127.0,1178.0,1753.0,2.0,GDDR5,128,112.2,1024,,,2.41,,0.08,120,5.2,28,2.94,228.0,TSMC,PCIe 3.0 x16,8,1.0,https://www.techpowerup.com/gpu-specs/geforce-gtx-960.c2637
NVIDIA,GeForce GTX 960 OEM,GM206,Maxwell 2.0,GeForce 900,2015-11-26,1176.0,1201.0,1753.0,4.0,GDDR5,128,112.2,1024,,,2.46,,0.08,,5.2,28,2.94,228.0,TSMC,PCIe 3.0 x16,8,1.0,https://www.techpowerup.com/gpu-specs/geforce-gtx-960-oem.c2782
NVIDIA,GeForce GTX 960A,GM107,Maxwell,GeForce 900A,2015-03-13,1097.0,1176.0,1253.0,2.0,GDDR5,128,80.19,640,,,1.5,,0.05,75,5.0,28,1.87,148.0,TSMC,MXM-B (3.0),5,2.0,https://www.techpowerup.com/gpu-specs/geforce-gtx-960a.c2775
NVIDIA,GeForce GTX 960M,GM107,Maxwell,GeForce 900M,2015-03-13,1097.0,1176.0,1253.0,4.0,GDDR5,128,80.19,640,,,1.5,,0.05,75,5.0,28,1.87,148.0,TSMC,MXM-B (3.0),5,2.0,https://www.techpowerup.com/gpu-specs/geforce-gtx-960m.c2635
NVIDIA,GeForce GTX 965M,GM206S,Maxwell 2.0,GeForce 900M,2016-01-01,935.0,1150.0,1253.0,2.0,GDDR5,128,80.19,1024,,,2.35,,0.07,,5.2,28,2.94,228.0,TSMC,MXM-A (3.0),8,1.0,https://www.techpowerup.com/gpu-specs/geforce-gtx-965m.c2796
NVIDIA,GeForce GTX 965M 4 GB,GM204,Maxwell 2.0,GeForce 900M,2015-01-09,935.0,1150.0,1253.0,4.0,GDDR5,128,80.19,1024,,,2.35,,0.07,,5.2,28,5.2,398.0,TSMC,MXM-B (3.0),8,1.0,https://www.techpowerup.com/gpu-specs/geforce-gtx-965m-4-gb.c2814
NVIDIA,GeForce GTX 980 Mobile,GM204,Maxwell 2.0,GeForce 900M,2015-09-21,1064.0,1140.0,1753.0,8.0,GDDR5,256,224.4,2048,,,4.67,,0.15,,5.2,28,5.2,398.0,TSMC,MXM-B (3.0),16,2.0,https://www.techpowerup.com/gpu-specs/geforce-gtx-980-mobile.c2763
NVIDIA,GeForce GTX 980 Ti,GM200,Maxwell 2.0,GeForce 900,2015-06-02,1000.0,1076.0,1753.0,6.0,GDDR5,384,336.6,2816,,,6.06,,0.19,250,5.2,28,8.0,601.0,TSMC,PCIe 3.0 x16,22,3.0,https://www.techpowerup.com/gpu-specs/geforce-gtx-980-ti.c2724
NVIDIA,GeForce GTX TITAN X,GM200,Maxwell 2.0,GeForce 900,2015-03-17,1000.0,1089.0,1753.0,12.0,GDDR5,384,336.6,3072,,,6.69,,0.21,250,5.2,28,8.0,601.0,TSMC,PCIe 3.0 x16,24,3.0,https://www.techpowerup.com/gpu-specs/geforce-gtx-titan-x.c2632
NVIDIA,GRID M60-1Q,GM204,Maxwell 2.0,GRID(Mx),2015-08-30,557.0,1178.0,1253.0,1.0,GDDR5,256,160.4,2048,,,4.83,,0.15,225,5.2,28,5.2,398.0,TSMC,PCIe 3.0 x16,16,2.0,https://www.techpowerup.com/gpu-specs/grid-m60-1q.c3087
NVIDIA,GRID M60-2Q,GM204,Maxwell 2.0,GRID(Mx),2015-08-30,557.0,1178.0,1253.0,2.0,GDDR5,256,160.4,2048,,,4.83,,0.15,225,5.2,28,5.2,398.0,TSMC,PCIe 3.0 x16,16,2.0,https://www.techpowerup.com/gpu-specs/grid-m60-2q.c3088
NVIDIA,GRID M60-4A,GM204,Maxwell 2.0,GRID(Mx),2015-08-30,557.0,1178.0,1253.0,4.0,GDDR5,256,160.4,2048,,,4.83,,0.15,225,5.2,28,5.2,398.0,TSMC,PCIe 3.0 x16,16,2.0,https://www.techpowerup.com/gpu-specs/grid-m60-4a.c3090
NVIDIA,GRID M60-8Q,GM204,Maxwell 2.0,GRID(Mx),2015-08-30,557.0,1178.0,1253.0,8.0,GDDR5,256,160.4,2048,,,4.83,,0.15,225,5.2,28,5.2,398.0,TSMC,PCIe 3.0 x16,16,2.0,https://www.techpowerup.com/gpu-specs/grid-m60-8q.c3089
NVIDIA,GRID M6-8Q,GM204,Maxwell 2.0,GRID(Mx),2015-08-30,722.0,722.0,1253.0,8.0,GDDR5,256,160.4,1536,,,2.22,,0.07,100,5.2,28,5.2,398.0,TSMC,PCIe 3.0 x16,12,2.0,https://www.techpowerup.com/gpu-specs/grid-m6-8q.c3052
NVIDIA,Jetson TX1,GM20B,Maxwell 2.0,Tegra(Maxwell),2015-01-04,998.0,998.0,600.0,4.0,LPDDR4,64,9.6,256,,,0.51,1.02,0.02,6,5.3,20,2.0,118.0,TSMC,PCIe 2.0 x4,2,0.25,https://www.techpowerup.com/gpu-specs/jetson-tx1.c3230
NVIDIA,NVS 810,GM107,Maxwell,NVS,2015-11-04,902.0,1033.0,900.0,2.0,DDR3,64,14.4,512,,,1.06,,0.03,68,5.0,28,1.87,148.0,TSMC,PCIe 3.0 x16,4,1.0,https://www.techpowerup.com/gpu-specs/nvs-810.c2772
NVIDIA,Quadro K1200,GM107,Maxwell,Quadro Kepler(Kx200),2015-01-28,954.0,1033.0,1253.0,4.0,GDDR5,128,80.19,512,,,1.06,,0.03,45,5.0,28,1.87,148.0,TSMC,PCIe 2.0 x16,4,2.0,https://www.techpowerup.com/gpu-specs/quadro-k1200.c2641
NVIDIA,Quadro K620M,GM108S,Maxwell,Quadro Kepler-M(Kx200M),2015-03-01,1029.0,1124.0,1001.0,2.0,DDR3,64,16.02,384,,,0.86,,0.03,30,5.0,28,1.02,77.0,TSMC,MXM-A (3.0),2,1.0,https://www.techpowerup.com/gpu-specs/quadro-k620m.c2678
NVIDIA,Quadro M1000M,GM107,Maxwell,Quadro Maxwell-M(Mx000M),2015-08-18,993.0,1072.0,1253.0,2.0,GDDR5,128,80.19,512,,,1.1,,0.03,40,5.0,28,1.87,148.0,TSMC,MXM-A (3.0),4,2.0,https://www.techpowerup.com/gpu-specs/quadro-m1000m.c2739
NVIDIA,Quadro M2000M,GM107,Maxwell,Quadro Maxwell-M(Mx000M),2015-12-03,1098.0,1137.0,1253.0,4.0,GDDR5,128,80.19,640,,,1.46,,0.05,55,5.0,28,1.87,148.0,TSMC,MXM-A (3.0),5,2.0,https://www.techpowerup.com/gpu-specs/quadro-m2000m.c2740
NVIDIA,Quadro M3000M,GM204,Maxwell 2.0,Quadro Maxwell-M(Mx000M),2015-08-18,823.0,924.0,1253.0,4.0,GDDR5,256,160.4,1024,,,1.89,,0.06,75,5.2,28,5.2,398.0,TSMC,PCIe 3.0 x16,8,2.0,https://www.techpowerup.com/gpu-specs/quadro-m3000m.c2759
NVIDIA,Quadro M4000,GM204,Maxwell 2.0,Quadro Maxwell(Mx000),2015-06-29,773.0,773.0,1502.0,8.0,GDDR5,256,192.3,1664,,,2.57,,0.08,120,5.2,28,5.2,398.0,TSMC,PCIe 3.0 x16,13,2.0,https://www.techpowerup.com/gpu-specs/quadro-m4000.c2757
NVIDIA,Quadro M4000M,GM204,Maxwell 2.0,Quadro Maxwell-M(Mx000M),2015-08-18,975.0,1013.0,1253.0,4.0,GDDR5,256,160.4,1280,,,2.59,,0.08,100,5.2,28,5.2,398.0,TSMC,PCIe 3.0 x16,10,2.0,https://www.techpowerup.com/gpu-specs/quadro-m4000m.c2822
NVIDIA,Quadro M5000,GM204,Maxwell 2.0,Quadro Maxwell(Mx000),2015-06-29,861.0,1038.0,1653.0,8.0,GDDR5,256,211.6,2048,,,4.25,,0.13,150,5.2,28,5.2,398.0,TSMC,PCIe 3.0 x16,16,2.0,https://www.techpowerup.com/gpu-specs/quadro-m5000.c2756
NVIDIA,Quadro M5000M,GM204,Maxwell 2.0,Quadro Maxwell-M(Mx000M),2015-08-18,962.0,1051.0,1253.0,8.0,GDDR5,256,160.4,1536,,,3.23,,0.1,100,5.2,28,5.2,398.0,TSMC,MXM-B (3.0),12,2.0,https://www.techpowerup.com/gpu-specs/quadro-m5000m.c2823
NVIDIA,Quadro M6000,GM200,Maxwell 2.0,Quadro Maxwell(Mx000),2015-03-21,988.0,1114.0,1653.0,12.0,GDDR5,384,317.4,3072,,,6.84,,0.21,250,5.2,28,8.0,601.0,TSMC,PCIe 3.0 x16,24,3.0,https://www.techpowerup.com/gpu-specs/quadro-m6000.c2638
NVIDIA,Quadro M600M,GM107,Maxwell,Quadro Maxwell-M(Mx000M),2015-08-18,837.0,876.0,1253.0,2.0,GDDR5,128,80.19,384,,,0.67,,0.02,30,5.0,28,1.87,148.0,TSMC,MXM-A (3.0),2,2.0,https://www.techpowerup.com/gpu-specs/quadro-m600m.c2738
NVIDIA,Tesla M4,GM206,Maxwell 2.0,Tesla Maxwell(Mxx),2015-11-10,872.0,1072.0,1375.0,4.0,GDDR5,128,88.0,1024,,,2.19,,0.07,50,5.2,28,2.94,228.0,TSMC,PCIe 3.0 x16,8,1.0,https://www.techpowerup.com/gpu-specs/tesla-m4.c2770
NVIDIA,Tesla M40,GM200,Maxwell 2.0,Tesla Maxwell(Mxx),2015-11-10,948.0,1112.0,1502.0,12.0,GDDR5,384,288.4,3072,,,6.83,,0.21,250,5.2,28,8.0,601.0,TSMC,PCIe 3.0 x16,24,3.0,https://www.techpowerup.com/gpu-specs/tesla-m40.c2771
NVIDIA,Tesla M40 24 GB,GM200,Maxwell 2.0,Tesla Maxwell(Mxx),2015-11-10,948.0,1112.0,1502.0,24.0,GDDR5,384,288.4,3072,,,6.83,,0.21,250,5.2,28,8.0,601.0,TSMC,PCIe 3.0 x16,24,3.0,https://www.techpowerup.com/gpu-specs/tesla-m40-24-gb.c3838
NVIDIA,Tesla M6 Mobile,GM204,Maxwell 2.0,Tesla Maxwell(Mxx),2015-08-30,930.0,1180.0,1253.0,8.0,GDDR5,256,160.4,1536,,,3.62,,0.11,100,5.2,28,5.2,398.0,TSMC,PCIe 3.0 x16,12,2.0,https://www.techpowerup.com/gpu-specs/tesla-m6-mobile.c2818
NVIDIA,Tesla M6 X2 Mobile,GM204,Maxwell 2.0,Tesla Maxwell(Mxx),2015-08-30,930.0,1180.0,1253.0,8.0,GDDR5,256,160.4,1536,,,3.62,,0.11,100,5.2,28,5.2,398.0,TSMC,PCIe 3.0 x16,12,2.0,https://www.techpowerup.com/gpu-specs/tesla-m6-x2-mobile.c4123
NVIDIA,Tesla M60,GM204,Maxwell 2.0,Tesla Maxwell(Mxx),2015-08-30,557.0,1178.0,1253.0,8.0,GDDR5,256,160.4,2048,,,4.83,,0.15,300,5.2,28,5.2,398.0,TSMC,PCIe 3.0 x16,16,2.0,https://www.techpowerup.com/gpu-specs/tesla-m60.c2760
AMD,FirePro M4170,Opal,GCN 1.0,FirePro Mobile(Mx100),2015-04-23,825.0,900.0,1000.0,1.0,GDDR5,128,64.0,384,,,0.69,,0.04,,,28,0.95,77.0,TSMC,PCIe 3.0 x8,,0.25,https://www.techpowerup.com/gpu-specs/firepro-m4170.c2723
AMD,FirePro S9170,Hawaii,GCN 2.0,FirePro Server(Sx100),2015-07-08,930.0,930.0,1250.0,32.0,GDDR5,512,320.0,2816,,,5.24,,2.62,275,,28,6.2,438.0,TSMC,PCIe 3.0 x16,,1.0,https://www.techpowerup.com/gpu-specs/firepro-s9170.c2744
AMD,FirePro W4190M,Opal,GCN 1.0,FirePro Mobile(Wx100M),2015-11-12,825.0,900.0,1000.0,2.0,GDDR5,128,64.0,384,,,0.69,,0.04,,,28,0.95,77.0,TSMC,PCIe 3.0 x8,,0.25,https://www.techpowerup.com/gpu-specs/firepro-w4190m.c2799
AMD,FirePro W4300,Bonaire,GCN 2.0,FirePro GCN(Wx300),2015-12-01,930.0,930.0,1500.0,4.0,GDDR5,128,96.0,768,,,1.43,,0.09,50,,28,2.08,160.0,TSMC,PCIe 3.0 x16,,0.25,https://www.techpowerup.com/gpu-specs/firepro-w4300.c2781
AMD,FirePro W5130M,Tropo,GCN 1.0,FirePro Mobile(Wx100M),2015-10-02,900.0,925.0,1000.0,2.0,GDDR5,128,64.0,512,,,0.95,,0.06,,,28,1.5,123.0,TSMC,PCIe 3.0 x16,,0.25,https://www.techpowerup.com/gpu-specs/firepro-w5130m.c2769
AMD,FirePro W6150M,Emerald,GCN 2.0,FirePro Mobile(Wx100M),2015-11-12,1075.0,1075.0,1375.0,4.0,GDDR5,128,88.0,768,,,1.65,,0.1,,,28,2.08,160.0,TSMC,MXM-B (3.0),,0.25,https://www.techpowerup.com/gpu-specs/firepro-w6150m.c2798
AMD,FirePro W7170M,Amethyst,GCN 3.0,FirePro Mobile(Wx100M),2015-10-02,723.0,723.0,1250.0,4.0,GDDR5,256,160.0,2048,,,2.96,2.96,0.19,100,,28,5.0,366.0,TSMC,PCIe 3.0 x16,,0.5,https://www.techpowerup.com/gpu-specs/firepro-w7170m.c2768
AMD,Radeon E6465,Caicos,TeraScale 2,Embedded(6000),2015-09-29,600.0,600.0,800.0,2.0,GDDR5,64,25.6,160,,,0.19,,,25,,40,0.37,67.0,TSMC,PCIe 2.0 x16,,0.128,https://www.techpowerup.com/gpu-specs/radeon-e6465.c2766
AMD,Radeon E8870 MXM,Saturn,GCN 2.0,Embedded(8000),2015-09-29,1000.0,1000.0,1500.0,4.0,GDDR5,128,96.0,768,,,1.54,,0.1,75,,28,2.08,160.0,TSMC,MXM-B (3.0),,0.25,https://www.techpowerup.com/gpu-specs/radeon-e8870-mxm.c4040
AMD,Radeon E8870 PCIe,Saturn,GCN 2.0,Embedded(8000),2015-09-29,1000.0,1000.0,1500.0,4.0,GDDR5,128,96.0,768,,,1.54,,0.1,75,,28,2.08,160.0,TSMC,PCIe 3.0 x16,,0.25,https://www.techpowerup.com/gpu-specs/radeon-e8870-pcie.c2767
AMD,Radeon E8950,Amethyst,GCN 3.0,Embedded(8000),2015-09-29,735.0,1000.0,1500.0,8.0,GDDR5,256,192.0,2048,,,4.1,4.1,0.26,95,,28,5.0,366.0,TSMC,MXM-B (3.0),,0.5,https://www.techpowerup.com/gpu-specs/radeon-e8950.c2765
AMD,Radeon R2 Mobile Graphics,Stoney,GCN 3.0,GCN 3.0 IGP(Stoney Ridge-M),2016-06-01,200.0,600.0,,,System Shared,,,128,,,0.15,0.15,0.01,15,,28,1.2,125.0,GlobalFoundries,IGP,,,https://www.techpowerup.com/gpu-specs/radeon-r2-mobile-graphics.c3216
AMD,Radeon R2E Mobile Graphics,Stoney,GCN 3.0,GCN 3.0 IGP(Stoney Ridge-M),2016-06-01,200.0,600.0,,,System Shared,,,128,,,0.15,0.15,0.01,15,,28,1.2,125.0,GlobalFoundries,IGP,,,https://www.techpowerup.com/gpu-specs/radeon-r2e-mobile-graphics.c4049
AMD,Radeon R3 Mobile Graphics,Stoney,GCN 3.0,GCN 3.0 IGP(Stoney Ridge-M),2016-06-01,200.0,655.0,,,System Shared,,,128,,,0.17,0.17,0.01,15,,28,1.2,125.0,GlobalFoundries,IGP,,,https://www.techpowerup.com/gpu-specs/radeon-r3-mobile-graphics.c3217
AMD,Radeon R3E Mobile Graphics,Beema,GCN 2.0,GCN 2.0 IGP(Mullins Mobile),2015-01-28,351.0,351.0,,,System Shared,,,128,,,0.09,,0.01,15,,28,0.93,107.0,GlobalFoundries,IGP,,,https://www.techpowerup.com/gpu-specs/radeon-r3e-mobile-graphics.c3635
AMD,Radeon R5 310 OEM,Caicos,TeraScale 2,Pirate Islands(R5 300),2015-05-05,875.0,875.0,900.0,1.0,DDR3,64,14.4,160,,,0.28,,,35,,40,0.37,67.0,TSMC,PCIe 2.0 x16,,0.128,https://www.techpowerup.com/gpu-specs/radeon-r5-310-oem.c3025
AMD,Radeon R5 330 OEM,Exo,GCN 1.0,Pirate Islands(R5 300),2015-05-05,830.0,855.0,900.0,2.0,DDR3,64,14.4,320,,,0.55,,,50,,28,0.69,56.0,TSMC,PCIe 3.0 x8,,0.128,https://www.techpowerup.com/gpu-specs/radeon-r5-330-oem.c2727
AMD,Radeon R5 340 OEM,Oland,GCN 1.0,Pirate Islands(R5 300),2015-05-05,730.0,780.0,1150.0,1.0,GDDR5,64,36.8,384,,,0.6,,0.04,65,,28,0.95,77.0,TSMC,PCIe 3.0 x8,,0.128,https://www.techpowerup.com/gpu-specs/radeon-r5-340-oem.c2683
AMD,Radeon R5 340X OEM,Oland,GCN 1.0,Pirate Islands(R5 300),2015-05-05,900.0,900.0,1000.0,2.0,DDR3,64,16.0,384,,,0.69,,0.04,65,,28,0.95,77.0,TSMC,PCIe 3.0 x8,,0.128,https://www.techpowerup.com/gpu-specs/radeon-r5-340x-oem.c2820
AMD,Radeon R5 A320,Jet,GCN 1.0,All-In-One(Rx 300),2015-01-01,750.0,825.0,1000.0,1.0,DDR3,64,16.0,320,,,0.53,,,,,28,0.69,56.0,TSMC,PCIe 3.0 x8,,0.128,https://www.techpowerup.com/gpu-specs/radeon-r5-a320.c2728
AMD,Radeon R5 A330,Exo,GCN 1.0,All-In-One(Rx 300),2015-10-21,1030.0,1030.0,900.0,2.0,DDR3,64,14.4,320,,,0.66,,,,,28,0.69,56.0,TSMC,PCIe 3.0 x8,,0.128,https://www.techpowerup.com/gpu-specs/radeon-r5-a330.c3110
AMD,Radeon R5 A335,Exo,GCN 1.0,All-In-One(Rx 300),2015-10-21,1070.0,1070.0,900.0,2.0,DDR3,64,14.4,320,,,0.68,,,,,28,0.69,56.0,TSMC,PCIe 3.0 x8,,0.128,https://www.techpowerup.com/gpu-specs/radeon-r5-a335.c2935
AMD,Radeon R5 M315,Meso,GCN 3.0,Gem System(R5 M300),2015-05-05,970.0,970.0,900.0,2.0,DDR3,64,14.4,384,,,0.74,0.74,0.05,,,28,1.55,125.0,TSMC,PCIe 3.0 x8,,0.128,https://www.techpowerup.com/gpu-specs/radeon-r5-m315.c2895
AMD,Radeon R5 M320,Jet,GCN 1.0,Gem System(R5 M300),2015-05-05,780.0,855.0,1000.0,4.0,DDR3,64,16.0,320,,,0.55,,0.03,,,28,0.69,56.0,TSMC,PCIe 3.0 x8,,0.128,https://www.techpowerup.com/gpu-specs/radeon-r5-m320.c2693
AMD,Radeon R5 M330,Exo,GCN 1.0,Gem System(R5 M300),2015-05-05,955.0,1030.0,900.0,2.0,DDR3,64,14.4,320,,,0.66,,0.04,18,,28,0.69,56.0,TSMC,PCIe 3.0 x8,,0.128,https://www.techpowerup.com/gpu-specs/radeon-r5-m330.c2681
AMD,Radeon R5 M335,Exo,GCN 1.0,Gem System(R5 M300),2015-10-21,1030.0,1030.0,900.0,2.0,DDR3,64,14.4,320,,,0.66,,0.04,,,28,0.69,56.0,TSMC,PCIe 3.0 x8,,0.128,https://www.techpowerup.com/gpu-specs/radeon-r5-m335.c2692
AMD,Radeon R6 M335DX,Jet,GCN 1.0,Gem System Hybrid(Rx M300),2015-12-12,955.0,1030.0,,,System Shared,,,384,,,0.79,,0.05,,,28,0.69,56.0,TSMC,IGP,,0.25,https://www.techpowerup.com/gpu-specs/radeon-r6-m335dx.c2941
AMD,Radeon R6 M340DX,Jet,GCN 1.0,Gem System Hybrid(Rx M300),2015-12-12,955.0,1030.0,,,System Shared,,,384,,,0.79,,0.05,,,28,0.69,56.0,TSMC,IGP,,0.25,https://www.techpowerup.com/gpu-specs/radeon-r6-m340dx.c2942
AMD,Radeon R7 340 OEM,Oland,GCN 1.0,Pirate Islands(R7 300),2015-05-05,730.0,780.0,1000.0,2.0,GDDR5,128,64.0,384,,,0.6,,0.04,50,,28,0.95,77.0,TSMC,PCIe 3.0 x8,,0.25,https://www.techpowerup.com/gpu-specs/radeon-r7-340-oem.c2946
AMD,Radeon R7 350 Fake Card,Opal,GCN 1.0,Pirate Islands(R7 300),2015-01-01,1050.0,1050.0,1150.0,2.0,GDDR5,64,36.8,384,,,0.81,,,35,,28,0.95,77.0,TSMC,PCIe 3.0 x8,,0.128,https://www.techpowerup.com/gpu-specs/radeon-r7-350-fake-card.c2696
AMD,Radeon R7 350 OEM,Oland,GCN 1.0,Pirate Islands(R7 300),2015-05-05,1000.0,1050.0,1150.0,2.0,GDDR5,128,73.6,384,,,0.81,,0.05,65,,28,0.95,77.0,TSMC,PCIe 3.0 x8,,0.25,https://www.techpowerup.com/gpu-specs/radeon-r7-350-oem.c2682
AMD,Radeon R7 350X OEM,Oland,GCN 1.0,Pirate Islands(R7 300),2015-05-05,1000.0,1050.0,1000.0,4.0,DDR3,128,32.0,384,,,0.81,,0.05,65,,28,0.95,77.0,TSMC,PCIe 3.0 x8,,0.25,https://www.techpowerup.com/gpu-specs/radeon-r7-350x-oem.c2819
AMD,Radeon R7 360,Tobago,GCN 2.0,Pirate Islands(R7 300),2015-06-18,1000.0,1050.0,1500.0,2.0,GDDR5,128,96.0,768,,,1.61,,0.1,100,,28,2.08,160.0,TSMC,PCIe 3.0 x16,,0.25,https://www.techpowerup.com/gpu-specs/radeon-r7-360.c2733
AMD,Radeon R7 360 896SP,Tobago,GCN 2.0,Pirate Islands(R7 300),2015-06-18,1100.0,1100.0,1500.0,2.0,GDDR5,128,96.0,896,,,1.97,,0.12,85,,28,2.08,160.0,TSMC,PCIe 3.0 x16,,0.25,https://www.techpowerup.com/gpu-specs/radeon-r7-360-896sp.c2811
AMD,Radeon R7 360E,Tobago,GCN 2.0,Pirate Islands(R7 300),2015-12-30,1050.0,1050.0,1500.0,2.0,GDDR5,128,96.0,768,,,1.61,,0.1,75,,28,2.08,160.0,TSMC,PCIe 3.0 x16,,0.25,https://www.techpowerup.com/gpu-specs/radeon-r7-360e.c2827
AMD,Radeon R7 370,Trinidad,GCN 1.0,Pirate Islands(R7 300),2015-06-18,925.0,975.0,1400.0,2.0,GDDR5,256,179.2,1024,,,2.0,,0.12,110,,28,2.8,212.0,TSMC,PCIe 3.0 x16,,0.5,https://www.techpowerup.com/gpu-specs/radeon-r7-370.c2645
AMD,Radeon R7 A360,Opal,GCN 1.0,All-In-One(Rx 300),2015-01-01,725.0,825.0,900.0,2.0,DDR3,128,28.8,384,,,0.63,,,,,28,0.95,77.0,TSMC,PCIe 3.0 x8,,0.25,https://www.techpowerup.com/gpu-specs/radeon-r7-a360.c2712
AMD,Radeon R7 M260X,Opal,GCN 1.0,Gem System(R7 M200),2015-12-06,620.0,715.0,1000.0,1.0,GDDR5,128,64.0,384,,,0.55,,,,,28,0.95,77.0,TSMC,PCIe 3.0 x8,,0.25,https://www.techpowerup.com/gpu-specs/radeon-r7-m260x.c2483
AMD,Radeon R7 M340,Opal,GCN 1.0,Gem System(R7 M300),2015-12-06,620.0,715.0,1000.0,1.0,DDR3,64,16.0,384,,,0.55,,0.03,,,28,0.95,77.0,TSMC,PCIe 3.0 x8,,0.25,https://www.techpowerup.com/gpu-specs/radeon-r7-m340.c3109
AMD,Radeon R7 M350,Meso,GCN 3.0,Gem System(R7 M300),2015-05-05,1000.0,1015.0,1000.0,4.0,DDR3,64,16.0,384,,,0.78,0.78,0.05,,,28,1.55,125.0,TSMC,PCIe 3.0 x8,,0.128,https://www.techpowerup.com/gpu-specs/radeon-r7-m350.c2745
AMD,Radeon R7 M350 2GB,Litho,GCN 1.0,Gem System(R7 M300),2015-05-05,825.0,825.0,1000.0,2.0,GDDR5,128,64.0,384,,,0.63,0.63,0.04,,,28,0.95,77.0,TSMC,PCIe 3.0 x8,,0.128,https://www.techpowerup.com/gpu-specs/radeon-r7-m350-2gb.c4241
AMD,Radeon R7 M360,Meso,GCN 3.0,Gem System(R7 M300),2015-05-05,1100.0,1125.0,900.0,2.0,DDR3,64,14.4,384,,,0.86,0.86,0.05,,,28,1.55,125.0,TSMC,PCIe 3.0 x8,,0.128,https://www.techpowerup.com/gpu-specs/radeon-r7-m360.c2686
AMD,Radeon R7 M365X,Litho,GCN 1.0,Gem System(R7 M300),2015-05-05,825.0,825.0,1000.0,1.0,GDDR5,128,64.0,384,,,0.63,,0.04,,,28,0.95,77.0,TSMC,PCIe 3.0 x8,,0.25,https://www.techpowerup.com/gpu-specs/radeon-r7-m365x.c2762
AMD,Radeon R7 M370,Litho,GCN 1.0,Gem System(R7 M300),2015-05-05,875.0,960.0,900.0,2.0,GDDR5,128,57.6,384,,,0.74,,0.05,,,28,0.95,77.0,TSMC,PCIe 3.0 x8,,0.25,https://www.techpowerup.com/gpu-specs/radeon-r7-m370.c2695
AMD,Radeon R7 M380,Tropo,GCN 1.0,Gem System(R7 M300),2015-05-05,900.0,915.0,1000.0,4.0,DDR3,128,32.0,640,,,1.17,,0.07,,,28,1.5,123.0,TSMC,PCIe 3.0 x16,,0.25,https://www.techpowerup.com/gpu-specs/radeon-r7-m380.c3046
AMD,Radeon R8 M350DX,Jet,GCN 1.0,Gem System Hybrid(Rx M300),2015-12-12,955.0,1030.0,,,System Shared,,,384,,,0.79,,0.05,,,28,0.69,56.0,TSMC,IGP,,0.25,https://www.techpowerup.com/gpu-specs/radeon-r8-m350dx.c2802
AMD,Radeon R8 M365DX,Meso,GCN 3.0,Gem System Hybrid(Rx M300),2015-06-03,900.0,1125.0,,,System Shared,,,384,,,0.86,0.86,0.05,,,28,1.55,125.0,TSMC,IGP,,0.25,https://www.techpowerup.com/gpu-specs/radeon-r8-m365dx.c2803
AMD,Radeon R9 270 1024SP,Pitcairn,GCN 1.0,Volcanic Islands(R9 200),2015-03-13,900.0,925.0,1200.0,2.0,GDDR5,256,153.6,1024,,,1.89,,0.12,150,,28,2.8,212.0,TSMC,PCIe 3.0 x16,,0.5,https://www.techpowerup.com/gpu-specs/radeon-r9-270-1024sp.c2679
AMD,Radeon R9 360 OEM,Tobago,GCN 2.0,Pirate Islands(R9 300),2015-05-05,1000.0,1050.0,1625.0,2.0,GDDR5,128,104.0,768,,,1.61,,0.1,75,,28,2.08,160.0,TSMC,PCIe 3.0 x16,,0.25,https://www.techpowerup.com/gpu-specs/radeon-r9-360-oem.c2661
AMD,Radeon R9 370,Trinidad,GCN 1.0,Pirate Islands(R9 300),2015-05-05,925.0,975.0,1400.0,2.0,GDDR5,256,179.2,1280,,,2.5,,0.16,110,,28,2.8,212.0,TSMC,PCIe 3.0 x16,,0.5,https://www.techpowerup.com/gpu-specs/radeon-r9-370.c2726
AMD,Radeon R9 370 1024SP,Trinidad,GCN 1.0,Pirate Islands(R9 300),2015-06-12,925.0,975.0,1400.0,2.0,GDDR5,256,179.2,1024,,,2.0,,0.12,150,,28,2.8,212.0,TSMC,PCIe 3.0 x16,,0.5,https://www.techpowerup.com/gpu-specs/radeon-r9-370-1024sp.c2800
AMD,Radeon R9 370X,Trinidad,GCN 1.0,Pirate Islands(R9 300),2015-08-27,980.0,1030.0,1400.0,2.0,GDDR5,256,179.2,1280,,,2.64,,0.16,180,,28,2.8,212.0,TSMC,PCIe 3.0 x16,,0.5,https://www.techpowerup.com/gpu-specs/radeon-r9-370x.c2754
AMD,Radeon R9 380,Antigua,GCN 3.0,Pirate Islands(R9 300),2015-06-18,970.0,970.0,1375.0,2.0,GDDR5,256,176.0,1792,,,3.48,3.48,0.22,190,,28,5.0,366.0,TSMC,PCIe 3.0 x16,,0.5,https://www.techpowerup.com/gpu-specs/radeon-r9-380.c2734
AMD,Radeon R9 380 OEM,Antigua,GCN 3.0,Pirate Islands(R9 300),2015-05-05,918.0,918.0,1375.0,4.0,GDDR5,256,176.0,1792,,,3.29,3.29,0.21,190,,28,5.0,366.0,TSMC,PCIe 3.0 x16,,0.5,https://www.techpowerup.com/gpu-specs/radeon-r9-380-oem.c2725
AMD,Radeon R9 380X,Antigua,GCN 3.0,Pirate Islands(R9 300),2015-11-19,970.0,970.0,1425.0,4.0,GDDR5,256,182.4,2048,,,3.97,3.97,0.25,190,,28,5.0,366.0,TSMC,PCIe 3.0 x16,,0.5,https://www.techpowerup.com/gpu-specs/radeon-r9-380x.c2758
AMD,Radeon R9 390,Grenada,GCN 2.0,Pirate Islands(R9 300),2015-06-18,1000.0,1000.0,1500.0,8.0,GDDR5,512,384.0,2560,,,5.12,,0.64,275,,28,6.2,438.0,TSMC,PCIe 3.0 x16,,1.0,https://www.techpowerup.com/gpu-specs/radeon-r9-390.c2664
AMD,Radeon R9 390 X2,Grenada,GCN 2.0,Pirate Islands(R9 300),2015-09-03,1000.0,1000.0,1350.0,8.0,GDDR5,512,345.6,2560,,,5.12,,0.64,580,,28,6.2,438.0,TSMC,PCIe 3.0 x16,,1.0,https://www.techpowerup.com/gpu-specs/radeon-r9-390-x2.c2755
AMD,Radeon R9 390X,Grenada,GCN 2.0,Pirate Islands(R9 300),2015-06-18,1050.0,1050.0,1500.0,8.0,GDDR5,512,384.0,2816,,,5.91,,0.74,275,,28,6.2,438.0,TSMC,PCIe 3.0 x16,,1.0,https://www.techpowerup.com/gpu-specs/radeon-r9-390x.c2663
AMD,Radeon R9 A375,Venus,GCN 1.0,All-In-One(Rx 300),2015-01-01,1015.0,1015.0,1125.0,2.0,GDDR5,128,72.0,640,,,1.3,,,,,28,1.5,123.0,TSMC,PCIe 3.0 x16,,0.25,https://www.techpowerup.com/gpu-specs/radeon-r9-a375.c2716
AMD,Radeon R9 FURY,Fiji,GCN 3.0,Pirate Islands(R9 300),2015-07-10,1000.0,1000.0,500.0,4.0,HBM,4096,512.0,3584,,,7.17,7.17,0.45,275,,28,8.9,596.0,TSMC,PCIe 3.0 x16,,2.0,https://www.techpowerup.com/gpu-specs/radeon-r9-fury.c2736
AMD,Radeon R9 FURY X,Fiji,GCN 3.0,Pirate Islands(R9 300),2015-06-24,1050.0,1050.0,500.0,4.0,HBM,4096,512.0,4096,,,8.6,8.6,0.54,275,,28,8.9,596.0,TSMC,PCIe 3.0 x16,,2.0,https://www.techpowerup.com/gpu-specs/radeon-r9-fury-x.c2677
AMD,Radeon R9 M280X,Saturn,GCN 2.0,Gem System(R9 M200),2015-02-05,900.0,1000.0,1375.0,4.0,GDDR5,128,88.0,896,,,1.79,,0.11,,,28,2.08,160.0,TSMC,PCIe 3.0 x16,,0.25,https://www.techpowerup.com/gpu-specs/radeon-r9-m280x.c2581
AMD,Radeon R9 M360,Tropo,GCN 1.0,Gem System(R9 M300),2015-05-05,900.0,925.0,1125.0,4.0,GDDR5,128,72.0,512,,,0.95,,0.06,,,28,1.5,123.0,TSMC,PCIe 3.0 x16,,0.25,https://www.techpowerup.com/gpu-specs/radeon-r9-m360.c2688
AMD,Radeon R9 M365X,Tropo,GCN 1.0,Gem System(R9 M300),2015-05-05,900.0,925.0,1125.0,4.0,GDDR5,128,72.0,640,,,1.18,,0.07,,,28,1.5,123.0,TSMC,PCIe 3.0 x16,,0.25,https://www.techpowerup.com/gpu-specs/radeon-r9-m365x.c2761
AMD,Radeon R9 M370X Mac Edition,Tropo,GCN 1.0,Gem System(R9 M300),2015-05-05,775.0,800.0,1125.0,2.0,GDDR5,128,72.0,640,,,1.02,,0.06,,,28,1.5,123.0,TSMC,PCIe 3.0 x16,,0.25,https://www.techpowerup.com/gpu-specs/radeon-r9-m370x-mac-edition.c2730
AMD,Radeon R9 M375,Tropo,GCN 1.0,Gem System(R9 M300),2015-05-05,1000.0,1015.0,900.0,2.0,DDR3,128,28.8,640,,,1.3,,0.08,,,28,1.5,123.0,TSMC,PCIe 3.0 x16,,0.25,https://www.techpowerup.com/gpu-specs/radeon-r9-m375.c2690
AMD,Radeon R9 M375X,Tropo,GCN 1.0,Gem System(R9 M300),2015-05-05,925.0,1015.0,1125.0,2.0,GDDR5,128,72.0,640,,,1.3,,0.08,,,28,1.5,123.0,TSMC,PCIe 3.0 x16,,0.25,https://www.techpowerup.com/gpu-specs/radeon-r9-m375x.c2689
AMD,Radeon R9 M380,Strato,GCN 2.0,Gem System(R9 M300),2015-05-05,900.0,1000.0,1500.0,4.0,GDDR5,128,96.0,768,,,1.54,,0.1,,,28,2.08,160.0,TSMC,PCIe 3.0 x16,,0.25,https://www.techpowerup.com/gpu-specs/radeon-r9-m380.c2708
AMD,Radeon R9 M380 Mac Edition,Strato,GCN 2.0,Gem System(R9 M300),2015-05-05,900.0,1021.0,1568.0,2.0,GDDR5,128,100.4,768,,,1.57,,0.1,,,28,2.08,160.0,TSMC,PCIe 3.0 x16,,0.25,https://www.techpowerup.com/gpu-specs/radeon-r9-m380-mac-edition.c3047
AMD,Radeon R9 M385,Strato,GCN 2.0,Gem System(R9 M300),2015-05-05,900.0,1000.0,1200.0,4.0,GDDR5,128,76.8,896,,,1.79,,0.11,,,28,2.08,160.0,TSMC,PCIe 3.0 x16,,0.25,https://www.techpowerup.com/gpu-specs/radeon-r9-m385.c2709
AMD,Radeon R9 M385X,Strato,GCN 2.0,Gem System(R9 M300),2015-05-05,1000.0,1100.0,1200.0,4.0,GDDR5,128,76.8,896,,,1.97,,0.12,,,28,2.08,160.0,TSMC,PCIe 3.0 x16,,0.25,https://www.techpowerup.com/gpu-specs/radeon-r9-m385x.c2743
AMD,Radeon R9 M390 Mac Edition,Pitcairn,GCN 1.0,Gem System(R9 M300),2015-05-05,958.0,958.0,1365.0,2.0,GDDR5,256,174.7,1024,,,1.96,,0.12,80,,28,2.8,212.0,TSMC,PCIe 3.0 x16,,0.5,https://www.techpowerup.com/gpu-specs/radeon-r9-m390-mac-edition.c3769
AMD,Radeon R9 M390X,Amethyst,GCN 3.0,Gem System(R9 M300),2015-05-05,723.0,723.0,1250.0,4.0,GDDR5,256,160.0,2048,,,2.96,2.96,0.19,75,,28,5.0,366.0,TSMC,PCIe 3.0 x16,,0.5,https://www.techpowerup.com/gpu-specs/radeon-r9-m390x.c2732
AMD,Radeon R9 M395 Mac Edition,Amethyst,GCN 3.0,Gem System(R9 M300),2015-05-05,834.0,834.0,1365.0,2.0,GDDR5,256,174.7,1792,,,2.99,,0.37,250,,28,5.0,366.0,TSMC,MXM-B (3.0),,,https://www.techpowerup.com/gpu-specs/radeon-r9-m395-mac-edition.c2960
AMD,Radeon R9 M395X,Amethyst,GCN 3.0,Gem System(R9 M300),2015-05-05,723.0,723.0,1250.0,8.0,GDDR5,256,160.0,2048,,,2.96,2.96,0.19,75,,28,5.0,366.0,TSMC,PCIe 3.0 x16,,0.5,https://www.techpowerup.com/gpu-specs/radeon-r9-m395x.c3577
AMD,Radeon R9 M395X Mac Edition,Amethyst,GCN 3.0,Gem System(R9 M300),2015-05-05,909.0,909.0,1365.0,4.0,GDDR5,256,174.7,2048,,,3.72,3.72,0.23,250,,28,5.0,366.0,TSMC,MXM-B (3.0),,0.5,https://www.techpowerup.com/gpu-specs/radeon-r9-m395x-mac-edition.c2809
AMD,Radeon R9 Nano,Fiji,GCN 3.0,Pirate Islands(R9 300),2015-08-27,1000.0,1000.0,500.0,4.0,HBM,4096,512.0,4096,,,8.19,8.19,0.51,175,,28,8.9,596.0,TSMC,PCIe 3.0 x16,,2.0,https://www.techpowerup.com/gpu-specs/radeon-r9-nano.c2735
Intel,HD Graphics 12EU Mobile,Broadwell GT1,Generation 8.0,HD Graphics-M(Broadwell),2015-01-05,100.0,800.0,,,System Shared,,,96,,,0.15,,0.04,6,,14,,82.0,Intel,Ring Bus,,,https://www.techpowerup.com/gpu-specs/hd-graphics-12eu-mobile.c3149
Intel,HD Graphics 400 Mobile,Braswell GT1,Generation 8.0,HD Graphics-T(Airmont),2015-04-01,320.0,600.0,,,System Shared,,,96,,,0.12,,0.03,6,,14,,,Intel,Ring Bus,,,https://www.techpowerup.com/gpu-specs/hd-graphics-400-mobile.c2900
Intel,HD Graphics 405 Mobile,Braswell GT1,Generation 8.0,HD Graphics-T(Airmont),2015-04-01,200.0,600.0,,,System Shared,,,128,,,0.15,,0.04,6,,14,,,Intel,Ring Bus,,,https://www.techpowerup.com/gpu-specs/hd-graphics-405-mobile.c2901
Intel,HD Graphics 500 Mobile,Apollo Lake GT1,Generation 9.0,HD Graphics-T(Goldmont),2015-09-01,200.0,650.0,,,System Shared,,,96,,,0.12,,0.02,6,,14,,,Intel,Ring Bus,,,https://www.techpowerup.com/gpu-specs/hd-graphics-500-mobile.c2902
Intel,HD Graphics 510,Skylake GT1,Generation 9.0,HD Graphics(Skylake),2015-09-01,350.0,950.0,,,System Shared,,,96,,,0.18,0.36,0.05,15,,14,,,Intel,Ring Bus,,,https://www.techpowerup.com/gpu-specs/hd-graphics-510.c2795
Intel,HD Graphics 510 Mobile,Skylake GT1,Generation 9.0,HD Graphics-M(Skylake),2015-09-01,300.0,900.0,,,System Shared,,,96,,,0.17,0.35,0.04,15,,14,,,Intel,Ring Bus,,,https://www.techpowerup.com/gpu-specs/hd-graphics-510-mobile.c2784
Intel,HD Graphics 515 Mobile,Skylake GT2,Generation 9.0,HD Graphics-M(Skylake),2015-09-01,300.0,800.0,,,System Shared,,,192,,,0.31,0.61,0.08,15,,14,,123.0,Intel,Ring Bus,,,https://www.techpowerup.com/gpu-specs/hd-graphics-515-mobile.c3400
Intel,HD Graphics 520 Mobile,Skylake GT2,Generation 9.0,HD Graphics-M(Skylake),2015-09-01,300.0,900.0,,,System Shared,,,192,,,0.35,0.69,0.09,15,,14,,123.0,Intel,Ring Bus,,,https://www.techpowerup.com/gpu-specs/hd-graphics-520-mobile.c2783
Intel,HD Graphics 530,Skylake GT2,Generation 9.0,HD Graphics(Skylake),2015-09-01,350.0,950.0,,,System Shared,,,192,,,0.36,0.73,0.09,15,,14,,123.0,Intel,Ring Bus,,,https://www.techpowerup.com/gpu-specs/hd-graphics-530.c2789
Intel,HD Graphics 530 Mobile,Skylake GT2,Generation 9.0,HD Graphics-M(Skylake),2015-09-01,350.0,950.0,,,System Shared,,,192,,,0.36,0.73,0.09,15,,14,,123.0,Intel,Ring Bus,,,https://www.techpowerup.com/gpu-specs/hd-graphics-530-mobile.c2785
Intel,HD Graphics P530,Skylake GT2,Generation 9.0,HD Graphics-W(Skylake),2015-09-01,350.0,1000.0,,,System Shared,,,192,,,0.38,0.77,0.1,15,,14,,123.0,Intel,Ring Bus,,,https://www.techpowerup.com/gpu-specs/hd-graphics-p530.c2793
Intel,Iris Graphics 540 Mobile,Skylake GT3e,Generation 9.0,HD Graphics-M(Skylake),2015-09-01,300.0,1000.0,,,System Shared,,,384,,,0.77,,,15,,14,,,Intel,Ring Bus,,,https://www.techpowerup.com/gpu-specs/iris-graphics-540-mobile.c2786
Intel,Iris Graphics 550 Mobile,Skylake GT3e,Generation 9.0,HD Graphics-M(Skylake),2015-09-01,300.0,1000.0,,,System Shared,,,384,,,0.77,1.54,0.19,15,,14,,,Intel,Ring Bus,,,https://www.techpowerup.com/gpu-specs/iris-graphics-550-mobile.c2787
Intel,Iris Pro Graphics 580 Mobile,Skylake GT4e,Generation 9.0,HD Graphics-M(Skylake),2015-09-01,350.0,950.0,,,System Shared,,,576,,,1.09,2.19,0.27,15,,14,,,Intel,Ring Bus,,,https://www.techpowerup.com/gpu-specs/iris-pro-graphics-580-mobile.c2788
Intel,Iris Pro Graphics P555,Skylake GT3e,Generation 9.0,HD Graphics-W(Skylake),2015-09-01,350.0,1000.0,,,System Shared,,,384,,,0.77,1.54,0.19,15,,14,,,Intel,Ring Bus,,,https://www.techpowerup.com/gpu-specs/iris-pro-graphics-p555.c3220
Intel,Iris Pro Graphics P580,Skylake GT4e,Generation 9.0,HD Graphics-W(Skylake),2015-09-01,350.0,1000.0,,,System Shared,,,576,,,1.15,2.3,0.29,15,,14,,,Intel,Ring Bus,,,https://www.techpowerup.com/gpu-specs/iris-pro-graphics-p580.c2794
Intel,Iris Pro Graphics P580 Mobile,Skylake GT4e,Generation 9.0,HD Graphics-WM(Skylake),2015-09-01,350.0,1050.0,,,System Shared,,,576,,,1.21,2.42,0.3,15,,14,,,Intel,Ring Bus,,,https://www.techpowerup.com/gpu-specs/iris-pro-graphics-p580-mobile.c3606
NVIDIA,GeForce 920MX,GM108S,Maxwell,GeForce 900M,2016-03-25,965.0,993.0,900.0,2.0,DDR3,64,14.4,256,,,0.51,,0.02,16,5.0,28,1.02,77.0,TSMC,PCIe 3.0 x8,2,1.0,https://www.techpowerup.com/gpu-specs/geforce-920mx.c2826
NVIDIA,GeForce 930MX,GM108S,Maxwell,GeForce 900M,2016-03-01,952.0,1020.0,900.0,2.0,DDR3,64,14.4,384,,,0.78,,0.02,17,5.0,28,1.02,77.0,TSMC,PCIe 3.0 x8,3,1.0,https://www.techpowerup.com/gpu-specs/geforce-930mx.c2825
NVIDIA,GeForce 940MX,GM108,Maxwell,GeForce 900M,2016-01-01,954.0,993.0,1253.0,1.0,GDDR5,64,40.1,384,,,0.76,,0.02,23,5.0,28,1.02,77.0,TSMC,PCIe 3.0 x8,3,1.0,https://www.techpowerup.com/gpu-specs/geforce-940mx.c3113
NVIDIA,GeForce GTX 1050,GP107,Pascal,GeForce 10,2016-10-25,1354.0,1455.0,1752.0,2.0,GDDR5,128,112.1,640,,,1.86,0.03,0.06,75,6.1,14,3.3,132.0,Samsung,PCIe 3.0 x16,5,1.0,https://www.techpowerup.com/gpu-specs/geforce-gtx-1050.c2875
NVIDIA,GeForce GTX 1050 Ti,GP107,Pascal,GeForce 10,2016-10-25,1291.0,1392.0,1752.0,4.0,GDDR5,128,112.1,768,,,2.14,0.03,0.07,75,6.1,14,3.3,132.0,Samsung,PCIe 3.0 x16,6,1.0,https://www.techpowerup.com/gpu-specs/geforce-gtx-1050-ti.c2885
NVIDIA,GeForce GTX 1060 3 GB,GP106,Pascal,GeForce 10,2016-08-18,1506.0,1708.0,2002.0,3.0,GDDR5,192,192.2,1152,,,3.94,0.06,0.12,120,6.1,16,4.4,200.0,TSMC,PCIe 3.0 x16,9,1.5,https://www.techpowerup.com/gpu-specs/geforce-gtx-1060-3-gb.c2867
NVIDIA,GeForce GTX 1060 3 GB GP104,GP104,Pascal,GeForce 10,2016-12-25,1506.0,1708.0,2002.0,3.0,GDDR5,192,192.2,1152,,,3.94,0.06,0.12,120,6.1,16,7.2,314.0,TSMC,PCIe 3.0 x16,9,1.5,https://www.techpowerup.com/gpu-specs/geforce-gtx-1060-3-gb-gp104.c2926
NVIDIA,GeForce GTX 1060 6 GB,GP106,Pascal,GeForce 10,2016-07-19,1506.0,1709.0,2002.0,6.0,GDDR5,192,192.2,1280,,,4.38,0.07,0.14,120,6.1,16,4.4,200.0,TSMC,PCIe 3.0 x16,10,1.5,https://www.techpowerup.com/gpu-specs/geforce-gtx-1060-6-gb.c2862
NVIDIA,GeForce GTX 1060 Mobile,GP106,Pascal,GeForce 10 Mobile,2016-08-15,1405.0,1671.0,2002.0,6.0,GDDR5,192,192.2,1280,,,4.28,0.07,0.13,80,6.1,16,4.4,200.0,TSMC,PCIe 3.0 x16,10,1.5,https://www.techpowerup.com/gpu-specs/geforce-gtx-1060-mobile.c3016
NVIDIA,GeForce GTX 1070,GP104,Pascal,GeForce 10,2016-06-10,1506.0,1683.0,2002.0,8.0,GDDR5,256,256.3,1920,,,6.46,0.1,0.2,150,6.1,16,7.2,314.0,TSMC,PCIe 3.0 x16,15,2.0,https://www.techpowerup.com/gpu-specs/geforce-gtx-1070.c2840
NVIDIA,GeForce GTX 1070 Mobile,GP104B,Pascal,GeForce 10 Mobile,2016-08-15,1443.0,1645.0,2002.0,8.0,GDDR5,256,256.3,2048,,,6.74,0.11,0.21,120,6.1,16,7.2,314.0,TSMC,PCIe 3.0 x16,16,2.0,https://www.techpowerup.com/gpu-specs/geforce-gtx-1070-mobile.c2869
NVIDIA,GeForce GTX 1080,GP104,Pascal,GeForce 10,2016-05-27,1607.0,1733.0,1251.0,8.0,GDDR5X,256,320.3,2560,,,8.87,0.14,0.28,180,6.1,16,7.2,314.0,TSMC,PCIe 3.0 x16,20,2.0,https://www.techpowerup.com/gpu-specs/geforce-gtx-1080.c2839
NVIDIA,GeForce GTX 1080 Mobile,GP104B,Pascal,GeForce 10 Mobile,2016-08-15,1557.0,1734.0,1251.0,8.0,GDDR5X,256,320.3,2560,,,8.88,0.14,0.28,150,6.1,16,7.2,314.0,TSMC,PCIe 3.0 x16,20,2.0,https://www.techpowerup.com/gpu-specs/geforce-gtx-1080-mobile.c2870
NVIDIA,GeForce GTX 950 Low Power,GM206,Maxwell 2.0,GeForce 900,2016-03-01,1026.0,1190.0,1653.0,2.0,GDDR5,128,105.8,768,,,1.83,,0.06,75,5.2,28,2.94,228.0,TSMC,PCIe 3.0 x16,6,1.0,https://www.techpowerup.com/gpu-specs/geforce-gtx-950-low-power.c2841
NVIDIA,GeForce GTX 950 OEM,GM206S,Maxwell 2.0,GeForce 900,2016-01-01,937.0,1203.0,1253.0,4.0,GDDR5,128,80.19,1024,,,2.46,,0.08,,5.2,28,2.94,228.0,TSMC,PCIe 3.0 x16,8,1.0,https://www.techpowerup.com/gpu-specs/geforce-gtx-950-oem.c2817
NVIDIA,GeForce GTX 980MX,GM204,Maxwell 2.0,GeForce 900M,2016-06-01,1050.0,1178.0,1500.0,8.0,GDDR5,256,192.0,1664,,,3.92,,0.12,148,5.2,28,5.2,398.0,TSMC,PCIe 3.0 x16,13,2.0,https://www.techpowerup.com/gpu-specs/geforce-gtx-980mx.c2808
NVIDIA,GRID M10-8Q,GM107,Maxwell,GRID(Mx),2016-05-18,1033.0,1306.0,1300.0,8.0,GDDR5,128,83.2,640,,,1.67,,0.05,225,5.0,28,1.87,148.0,TSMC,PCIe 3.0 x16,5,2.0,https://www.techpowerup.com/gpu-specs/grid-m10-8q.c3086
NVIDIA,GRID M3-3020,GM107,Maxwell,GRID(Mx),2016-05-18,1033.0,1306.0,1300.0,4.0,GDDR5,128,83.2,640,,,1.67,,0.05,,5.0,28,1.87,148.0,TSMC,PCIe 3.0 x16,5,2.0,https://www.techpowerup.com/gpu-specs/grid-m3-3020.c3084
NVIDIA,GRID M40,GM107,Maxwell,GRID(Mx),2016-05-18,1033.0,1033.0,1300.0,8.0,GDDR5,128,83.2,384,,,0.79,,0.02,50,5.0,28,1.87,148.0,TSMC,PCIe 3.0 x16,3,2.0,https://www.techpowerup.com/gpu-specs/grid-m40.c2518
NVIDIA,Jetson TX2,GP10B,Pascal,Tegra(Pascal),2016-01-01,1300.0,1300.0,1866.0,8.0,LPDDR4,128,59.71,256,,,0.67,1.33,0.02,15,6.2,16,,,TSMC,PCIe 2.0 x4,2,0.5,https://www.techpowerup.com/gpu-specs/jetson-tx2.c3231
NVIDIA,Quadro GP100,GP100,Pascal,Quadro Pascal(Px000),2016-10-01,1304.0,1443.0,715.0,16.0,HBM2,4096,732.2,3584,,,10.34,20.69,5.17,235,6.0,16,15.3,610.0,TSMC,PCIe 3.0 x16,56,4.0,https://www.techpowerup.com/gpu-specs/quadro-gp100.c2994
NVIDIA,Quadro M2000,GM206,Maxwell 2.0,Quadro Maxwell(Mx000),2016-04-08,796.0,1163.0,1653.0,4.0,GDDR5,128,105.8,768,,,1.79,,0.06,75,5.2,28,2.94,228.0,TSMC,PCIe 3.0 x16,6,1.0,https://www.techpowerup.com/gpu-specs/quadro-m2000.c2837
NVIDIA,Quadro M3000 SE,GM204,Maxwell 2.0,Quadro Maxwell(Mx000),2016-10-02,823.0,924.0,1253.0,4.0,GDDR5,256,160.4,1024,,,1.89,,0.06,75,5.2,28,5.2,398.0,TSMC,PCIe 3.0 x16,8,2.0,https://www.techpowerup.com/gpu-specs/quadro-m3000-se.c2886
NVIDIA,Quadro M500M,GM108S,Maxwell,Quadro Maxwell-M(Mx000M),2016-04-27,1029.0,1124.0,900.0,2.0,DDR3,64,14.4,384,,,0.86,,0.03,30,5.0,28,1.02,77.0,TSMC,MXM-A (3.0),2,1.0,https://www.techpowerup.com/gpu-specs/quadro-m500m.c2843
NVIDIA,Quadro M5500 Mobile,GM204,Maxwell 2.0,Quadro Maxwell-M(Mx000M),2016-04-08,1140.0,1165.0,1753.0,8.0,GDDR5,256,224.4,2048,,,4.77,,0.15,150,5.2,28,5.2,398.0,TSMC,MXM-B (3.0),16,2.0,https://www.techpowerup.com/gpu-specs/quadro-m5500-mobile.c2838
NVIDIA,Quadro M6000 24 GB,GM200,Maxwell 2.0,Quadro Maxwell(Mx000),2016-03-05,988.0,1114.0,1653.0,24.0,GDDR5,384,317.4,3072,,,6.84,,0.21,250,5.2,28,8.0,601.0,TSMC,PCIe 3.0 x16,24,3.0,https://www.techpowerup.com/gpu-specs/quadro-m6000-24-gb.c2824
NVIDIA,Quadro P5000,GP104,Pascal,Quadro Pascal(Px000),2016-10-01,1607.0,1733.0,1127.0,16.0,GDDR5X,256,288.5,2560,,,8.87,0.14,0.28,180,6.1,16,7.2,314.0,TSMC,PCIe 3.0 x16,20,2.0,https://www.techpowerup.com/gpu-specs/quadro-p5000.c2864
NVIDIA,Quadro P6000,GP102,Pascal,Quadro Pascal(Px000),2016-10-01,1506.0,1645.0,1127.0,24.0,GDDR5X,384,432.8,3840,,,12.63,0.2,0.39,250,6.1,16,11.8,471.0,TSMC,PCIe 3.0 x16,30,3.0,https://www.techpowerup.com/gpu-specs/quadro-p6000.c2865
NVIDIA,Tesla M10,GM107,Maxwell,Tesla Maxwell(Mxx),2016-05-18,1033.0,1306.0,1300.0,8.0,GDDR5,128,83.2,640,,,1.67,,0.05,225,5.0,28,1.87,148.0,TSMC,PCIe 3.0 x16,5,2.0,https://www.techpowerup.com/gpu-specs/tesla-m10.c3035
NVIDIA,Tesla P10,GP102,Pascal,Tesla Pascal(Pxx),2016-09-13,1025.0,1493.0,1808.0,24.0,GDDR5X,384,694.3,3840,,,11.47,0.18,0.36,150,6.1,16,11.8,471.0,TSMC,PCIe 3.0 x16,30,3.0,https://www.techpowerup.com/gpu-specs/tesla-p10.c3750
NVIDIA,Tesla P100 DGXS,GP100,Pascal,Tesla Pascal(Pxx),2016-04-05,1328.0,1480.0,715.0,16.0,HBM2,4096,732.2,3584,,,10.61,21.22,5.3,300,6.0,16,15.3,610.0,TSMC,PCIe 3.0 x16,56,4.0,https://www.techpowerup.com/gpu-specs/tesla-p100-dgxs.c3285
NVIDIA,Tesla P100 PCIe 12 GB,GP100,Pascal,Tesla Pascal(Pxx),2016-06-20,1190.0,1329.0,715.0,12.0,HBM2,3072,549.1,3584,,,9.53,19.05,4.76,250,6.0,16,15.3,610.0,TSMC,PCIe 3.0 x16,56,3.0,https://www.techpowerup.com/gpu-specs/tesla-p100-pcie-12-gb.c2915
NVIDIA,Tesla P100 PCIe 16 GB,GP100,Pascal,Tesla Pascal(Pxx),2016-06-20,1190.0,1329.0,715.0,16.0,HBM2,4096,732.2,3584,,,9.53,19.05,4.76,250,6.0,16,15.3,610.0,TSMC,PCIe 3.0 x16,56,4.0,https://www.techpowerup.com/gpu-specs/tesla-p100-pcie-16-gb.c2888
NVIDIA,Tesla P100 SXM2,GP100,Pascal,Tesla Pascal(Pxx),2016-04-05,1328.0,1480.0,715.0,16.0,HBM2,4096,732.2,3584,,,10.61,21.22,5.3,300,6.0,16,15.3,610.0,TSMC,PCIe 3.0 x16,56,4.0,https://www.techpowerup.com/gpu-specs/tesla-p100-sxm2.c3183
NVIDIA,Tesla P4,GP104,Pascal,Tesla Pascal(Pxx),2016-09-13,886.0,1114.0,1502.0,8.0,GDDR5,256,192.3,2560,,,5.7,0.09,0.18,75,6.1,16,7.2,314.0,TSMC,PCIe 3.0 x16,20,2.0,https://www.techpowerup.com/gpu-specs/tesla-p4.c2879
NVIDIA,Tesla P40,GP102,Pascal,Tesla Pascal(Pxx),2016-09-13,1303.0,1531.0,1808.0,24.0,GDDR5,384,347.1,3840,,,11.76,0.18,0.37,250,6.1,16,11.8,471.0,TSMC,PCIe 3.0 x16,30,3.0,https://www.techpowerup.com/gpu-specs/tesla-p40.c2878
NVIDIA,TITAN X Pascal,GP102,Pascal,GeForce 10,2016-08-02,1417.0,1531.0,1251.0,12.0,GDDR5X,384,480.4,3584,,,10.97,0.17,0.34,250,6.1,16,11.8,471.0,TSMC,PCIe 3.0 x16,28,3.0,https://www.techpowerup.com/gpu-specs/titan-x-pascal.c2863
AMD,FirePro S7100X,Amethyst,GCN 3.0,FirePro Mobile(Sx100),2016-05-25,725.0,725.0,1250.0,8.0,GDDR5,256,160.0,2048,,,2.97,2.97,0.19,100,,28,5.0,366.0,TSMC,PCIe 3.0 x16,,0.5,https://www.techpowerup.com/gpu-specs/firepro-s7100x.c2860
AMD,FirePro S7150,Tonga,GCN 3.0,FirePro Server(Sx100),2016-02-01,920.0,920.0,1250.0,8.0,GDDR5,256,160.0,2048,,,3.77,7.54,0.24,150,,28,5.0,366.0,TSMC,PCIe 3.0 x16,,0.5,https://www.techpowerup.com/gpu-specs/firepro-s7150.c2751
AMD,FirePro S7150 x2,Tonga,GCN 3.0,FirePro Server(Sx100),2016-02-01,920.0,920.0,1250.0,8.0,GDDR5,256,160.0,1792,,,3.3,3.3,0.21,265,,28,5.0,366.0,TSMC,PCIe 3.0 x16,,0.5,https://www.techpowerup.com/gpu-specs/firepro-s7150-x2.c2812
AMD,FirePro S9300 X2,Capsaicin,GCN 3.0,FirePro Server(Sx300),2016-03-31,975.0,975.0,500.0,4.0,HBM,4096,512.0,4096,,,7.99,,0.5,300,,28,8.9,596.0,TSMC,PCIe 3.0 x16,,2.0,https://www.techpowerup.com/gpu-specs/firepro-s9300-x2.c2833
AMD,Playstation 4 Pro GPU,Neo,GCN 2.0,Console GPU(Sony),2016-11-10,911.0,911.0,1700.0,8.0,GDDR5,256,217.6,2304,,,4.2,8.4,,150,,16,5.7,322.0,TSMC,,,,https://www.techpowerup.com/gpu-specs/playstation-4-pro-gpu.c2876
AMD,Playstation 4 Slim GPU,Liverpool 16nm,GCN 2.0,Console GPU(Sony),2016-09-07,800.0,800.0,1375.0,8.0,GDDR5,256,176.0,1152,,,1.84,1.84,,75,,16,,209.0,TSMC,,,,https://www.techpowerup.com/gpu-specs/playstation-4-slim-gpu.c3758
AMD,Radeon E9260 MXM,Baffin,GCN 4.0,Embedded(9000),2016-09-27,1053.0,1053.0,1750.0,4.0,GDDR5,128,112.0,896,,,1.89,1.89,0.12,50,,14,3.0,123.0,GlobalFoundries,MXM-A (3.0),,1.0,https://www.techpowerup.com/gpu-specs/radeon-e9260-mxm.c2883
AMD,Radeon E9260 PCIe,Baffin,GCN 4.0,Embedded(9000),2016-09-27,1090.0,1200.0,1750.0,4.0,GDDR5,128,112.0,896,,,2.15,2.15,0.13,80,,14,3.0,123.0,GlobalFoundries,PCIe 3.0 x8,,1.0,https://www.techpowerup.com/gpu-specs/radeon-e9260-pcie.c2884
AMD,Radeon E9550 MXM,Ellesmere,GCN 4.0,Embedded(9000),2016-09-27,1120.0,1244.0,1250.0,8.0,GDDR5,256,160.0,2304,,,5.73,5.73,0.36,95,,14,5.7,232.0,GlobalFoundries,MXM-B (3.0),,2.0,https://www.techpowerup.com/gpu-specs/radeon-e9550-mxm.c2882
AMD,Radeon Instinct MI6,Ellesmere,GCN 4.0,Radeon Instinct(MIx),2016-12-12,1120.0,1233.0,1750.0,8.0,GDDR5,256,224.0,2304,,,5.68,5.68,0.36,150,,14,5.7,232.0,GlobalFoundries,PCIe 3.0 x16,,2.0,https://www.techpowerup.com/gpu-specs/radeon-instinct-mi6.c2927
AMD,Radeon Instinct MI8,Fiji,GCN 3.0,Radeon Instinct(MIx),2016-12-12,1000.0,1000.0,500.0,4.0,HBM,4096,512.0,4096,,,8.19,8.19,0.51,175,,28,8.9,596.0,TSMC,PCIe 3.0 x16,,2.0,https://www.techpowerup.com/gpu-specs/radeon-instinct-mi8.c2928
AMD,Radeon Pro 450,Baffin,GCN 4.0,Radeon Pro Mac(400 Series),2016-10-30,800.0,800.0,1270.0,2.0,GDDR5,128,81.28,640,,,1.02,1.02,0.06,35,,14,3.0,123.0,GlobalFoundries,PCIe 3.0 x8,,1.0,https://www.techpowerup.com/gpu-specs/radeon-pro-450.c2899
AMD,Radeon Pro 455,Baffin,GCN 4.0,Radeon Pro Mac(400 Series),2016-10-30,855.0,855.0,1270.0,2.0,GDDR5,128,81.28,768,,,1.31,1.31,0.08,35,,14,3.0,123.0,GlobalFoundries,PCIe 3.0 x8,,1.0,https://www.techpowerup.com/gpu-specs/radeon-pro-455.c2898
AMD,Radeon Pro 460,Baffin,GCN 4.0,Radeon Pro Mac(400 Series),2016-10-30,850.0,907.0,1270.0,4.0,GDDR5,128,81.28,1024,,,1.86,1.86,0.12,35,,14,3.0,123.0,GlobalFoundries,PCIe 3.0 x8,,1.0,https://www.techpowerup.com/gpu-specs/radeon-pro-460.c2897
AMD,Radeon Pro Duo,Capsaicin,GCN 3.0,Radeon Pro GCN,2016-04-26,1000.0,1000.0,500.0,4.0,HBM,4096,512.0,4096,,,8.19,8.19,0.51,350,,28,8.9,596.0,TSMC,PCIe 3.0 x16,,2.0,https://www.techpowerup.com/gpu-specs/radeon-pro-duo.c2828
AMD,Radeon Pro SSG,Vega 10,GCN 5.0,Radeon Pro Vega(Vega Series),2017-08-08,1440.0,1500.0,945.0,16.0,HBM2,2048,483.8,4096,,,12.29,24.58,0.77,260,,14,12.5,495.0,GlobalFoundries,PCIe 3.0 x16,,4.0,https://www.techpowerup.com/gpu-specs/radeon-pro-ssg.c2998
AMD,Radeon Pro WX 4100,Baffin,GCN 4.0,Radeon Pro Polaris(WX x100),2016-11-10,1125.0,1201.0,1500.0,4.0,GDDR5,128,96.0,1024,,,2.46,2.46,0.15,50,,14,3.0,123.0,GlobalFoundries,PCIe 3.0 x8,,1.0,https://www.techpowerup.com/gpu-specs/radeon-pro-wx-4100.c2874
AMD,Radeon Pro WX 5100,Ellesmere,GCN 4.0,Radeon Pro Polaris(WX x100),2016-11-18,713.0,1086.0,1250.0,8.0,GDDR5,256,160.0,1792,,,3.89,3.89,0.24,75,,14,5.7,232.0,GlobalFoundries,PCIe 3.0 x16,,2.0,https://www.techpowerup.com/gpu-specs/radeon-pro-wx-5100.c2873
AMD,Radeon Pro WX 7100,Ellesmere,GCN 4.0,Radeon Pro Polaris(WX x100),2016-11-10,1188.0,1243.0,1750.0,8.0,GDDR5,256,224.0,2304,,,5.73,5.73,0.36,130,,14,5.7,232.0,GlobalFoundries,PCIe 3.0 x16,,2.0,https://www.techpowerup.com/gpu-specs/radeon-pro-wx-7100.c2872
AMD,Radeon R1E Mobile Graphics,Beema,GCN 2.0,GCN 2.0 IGP(Mullins Mobile),2016-02-23,497.0,497.0,,,System Shared,,,64,,,0.06,,,15,,28,0.93,107.0,GlobalFoundries,IGP,,,https://www.techpowerup.com/gpu-specs/radeon-r1e-mobile-graphics.c4044
AMD,Radeon R5 430 OEM,Oland,GCN 1.0,Arctic Islands(R5 400),2016-06-30,730.0,780.0,1150.0,2.0,GDDR5,64,36.8,384,,,0.6,,0.04,50,,28,0.95,77.0,TSMC,PCIe 3.0 x8,,0.25,https://www.techpowerup.com/gpu-specs/radeon-r5-430-oem.c2893
AMD,Radeon R5 435 OEM,Banks,GCN 1.0,Arctic Islands(R5 400),2016-06-30,1030.0,1030.0,1125.0,2.0,DDR3,64,18.0,320,,,0.66,,0.04,50,,28,0.69,56.0,TSMC,PCIe 3.0 x8,,0.128,https://www.techpowerup.com/gpu-specs/radeon-r5-435-oem.c2894
AMD,Radeon R5 M420,Jet,GCN 1.0,Gem System(R5 M400),2016-05-15,780.0,850.0,1000.0,4.0,DDR3,64,16.0,320,,,0.54,,0.03,,,28,0.69,56.0,TSMC,PCIe 3.0 x8,,0.128,https://www.techpowerup.com/gpu-specs/radeon-r5-m420.c2859
AMD,Radeon R5 M430,Jet,GCN 1.0,Gem System(R5 M400),2016-01-01,780.0,855.0,1000.0,4.0,DDR3,64,16.0,320,,,0.55,,,,,28,0.69,56.0,TSMC,PCIe 3.0 x8,,0.128,https://www.techpowerup.com/gpu-specs/radeon-r5-m430.c2834
AMD,Radeon R5 M435,Jet,GCN 1.0,Gem System(R5 M400),2016-05-15,780.0,1030.0,1125.0,2.0,GDDR5,64,36.0,320,,,0.66,,0.04,,,28,0.69,56.0,TSMC,PCIe 3.0 x8,,0.128,https://www.techpowerup.com/gpu-specs/radeon-r5-m435.c2850
AMD,Radeon R5 M445,Meso,GCN 3.0,Gem System(R5 M400),2016-01-01,920.0,920.0,1000.0,4.0,GDDR5,64,32.0,384,,,0.71,,,,,28,1.55,125.0,TSMC,PCIe 3.0 x8,,0.128,https://www.techpowerup.com/gpu-specs/radeon-r5-m445.c2750
AMD,Radeon R5 M465,Meso,GCN 3.0,Gem System(R5 M400),2016-01-01,1000.0,1015.0,1000.0,4.0,DDR3,64,16.0,384,,,0.78,,,,,28,1.55,125.0,TSMC,PCIe 3.0 x8,,0.128,https://www.techpowerup.com/gpu-specs/radeon-r5-m465.c2749
AMD,Radeon R6 M435DX,Jet,GCN 1.0,Gem System Hybrid(Rx M400),2016-12-12,955.0,1030.0,,,System Shared,,,384,,,0.79,,0.05,,,28,0.69,56.0,TSMC,IGP,,0.25,https://www.techpowerup.com/gpu-specs/radeon-r6-m435dx.c2943
AMD,Radeon R6E Mobile Graphics,Wani,GCN 3.0,GCN 3.0 IGP(Carrizo Mobile),2016-01-01,200.0,758.0,,,System Shared,,,384,,,0.58,0.58,0.29,15,,28,1.2,125.0,GlobalFoundries,IGP,,,https://www.techpowerup.com/gpu-specs/radeon-r6e-mobile-graphics.c4042
AMD,Radeon R7 350,Cape Verde,GCN 1.0,Pirate Islands(R7 300),2016-07-06,800.0,800.0,1125.0,2.0,GDDR5,128,72.0,512,,,0.82,,0.05,55,,28,1.5,123.0,TSMC,PCIe 3.0 x16,,0.25,https://www.techpowerup.com/gpu-specs/radeon-r7-350.c3135
AMD,Radeon R7 430 OEM,Oland,GCN 1.0,Arctic Islands(R7 400),2016-06-30,730.0,780.0,900.0,2.0,DDR3,128,28.8,384,,,0.6,,0.04,50,,28,0.95,77.0,TSMC,PCIe 3.0 x8,,0.25,https://www.techpowerup.com/gpu-specs/radeon-r7-430-oem.c2892
AMD,Radeon R7 435 OEM,Oland,GCN 1.0,Arctic Islands(R7 400),2016-06-30,920.0,920.0,1000.0,2.0,DDR3,64,16.0,320,,,0.59,,0.04,50,,28,0.95,77.0,TSMC,PCIe 3.0 x8,,0.128,https://www.techpowerup.com/gpu-specs/radeon-r7-435-oem.c2891
AMD,Radeon R7 450 OEM,Cape Verde,GCN 1.0,Arctic Islands(R7 400),2016-06-30,925.0,925.0,1125.0,2.0,GDDR5,128,72.0,512,,,0.95,,0.06,65,,28,1.5,123.0,TSMC,PCIe 3.0 x16,,0.25,https://www.techpowerup.com/gpu-specs/radeon-r7-450-oem.c2890
AMD,Radeon R7 M440,Meso,GCN 3.0,Gem System(R7 M400),2016-05-15,891.0,891.0,900.0,4.0,DDR3,64,14.4,320,,,0.57,0.57,0.04,,,28,1.55,125.0,TSMC,PCIe 3.0 x8,,0.128,https://www.techpowerup.com/gpu-specs/radeon-r7-m440.c2851
AMD,Radeon R7 M445,Meso,GCN 3.0,Gem System(R7 M400),2016-05-15,780.0,920.0,1000.0,4.0,GDDR5,64,32.0,320,,,0.59,0.59,0.04,,,28,1.55,125.0,TSMC,PCIe 3.0 x8,,0.128,https://www.techpowerup.com/gpu-specs/radeon-r7-m445.c2852
AMD,Radeon R7 M460,Meso,GCN 3.0,Gem System(R7 M400),2016-05-15,730.0,1024.0,1125.0,2.0,GDDR5,64,36.0,384,,,0.79,0.79,0.05,,,28,1.55,125.0,TSMC,PCIe 3.0 x8,,0.128,https://www.techpowerup.com/gpu-specs/radeon-r7-m460.c2853
AMD,Radeon R7 M465,Topaz,GCN 3.0,Gem System(R7 M400),2016-05-15,730.0,1024.0,1125.0,2.0,GDDR5,64,36.0,384,,,0.79,0.79,0.05,,,28,1.55,125.0,TSMC,PCIe 3.0 x8,,0.128,https://www.techpowerup.com/gpu-specs/radeon-r7-m465.c3211
AMD,Radeon R7 M465X,Tropo,GCN 1.0,Gem System(R7 M400),2016-05-15,900.0,925.0,1125.0,2.0,GDDR5,128,72.0,512,,,0.95,,0.06,,,28,1.5,123.0,TSMC,PCIe 3.0 x16,,0.25,https://www.techpowerup.com/gpu-specs/radeon-r7-m465x.c2855
AMD,Radeon R7E Mobile Graphics,Wani,GCN 3.0,GCN 3.0 IGP(Carrizo Mobile),2016-01-01,200.0,626.0,,,System Shared,,,384,,,0.48,0.48,0.24,15,,28,1.2,125.0,GlobalFoundries,IGP,,,https://www.techpowerup.com/gpu-specs/radeon-r7e-mobile-graphics.c4041
AMD,Radeon R8 M435DX,Jet,GCN 1.0,Gem System Hybrid(Rx M400),2016-12-12,955.0,1030.0,,,System Shared,,,384,,,0.79,,0.05,,,28,0.69,56.0,TSMC,IGP,,0.25,https://www.techpowerup.com/gpu-specs/radeon-r8-m435dx.c2944
AMD,Radeon R8 M445DX,Meso,GCN 3.0,Gem System Hybrid(Rx M400),2016-05-15,780.0,1021.0,,,System Shared,,,320,,,0.65,0.65,0.04,,,28,1.55,125.0,TSMC,IGP,,0.128,https://www.techpowerup.com/gpu-specs/radeon-r8-m445dx.c3128
AMD,Radeon R9 M470,Emerald,GCN 2.0,Gem System(R9 M400),2016-05-15,900.0,1000.0,1200.0,2.0,GDDR5,128,76.8,768,,,1.54,,0.1,,,28,2.08,160.0,TSMC,PCIe 3.0 x16,,0.25,https://www.techpowerup.com/gpu-specs/radeon-r9-m470.c2856
AMD,Radeon R9 M470X,Emerald,GCN 2.0,Gem System(R9 M400),2016-05-15,1000.0,1100.0,1200.0,4.0,GDDR5,128,76.8,896,,,1.97,,0.12,,,28,2.08,160.0,TSMC,PCIe 3.0 x16,,0.25,https://www.techpowerup.com/gpu-specs/radeon-r9-m470x.c2857
AMD,Radeon R9 M485X,Amethyst,GCN 3.0,Gem System(R9 M400),2016-05-15,723.0,723.0,1250.0,8.0,GDDR5,256,160.0,2048,,,2.96,2.96,0.19,250,,28,5.0,366.0,TSMC,MXM-B (3.0),,0.5,https://www.techpowerup.com/gpu-specs/radeon-r9-m485x.c2858
AMD,Radeon RX 455 OEM,Tobago,GCN 2.0,Arctic Islands(RX 400),2016-06-30,1050.0,1050.0,1625.0,2.0,GDDR5,128,104.0,768,,,1.61,,0.1,100,,28,2.08,160.0,TSMC,PCIe 3.0 x16,,0.25,https://www.techpowerup.com/gpu-specs/radeon-rx-455-oem.c2889
AMD,Radeon RX 460,Baffin,GCN 4.0,Arctic Islands(RX 400),2016-08-08,1090.0,1200.0,1750.0,2.0,GDDR5,128,112.0,896,,,2.15,2.15,0.13,75,,14,3.0,123.0,GlobalFoundries,PCIe 3.0 x8,,1.0,https://www.techpowerup.com/gpu-specs/radeon-rx-460.c2849
AMD,Radeon RX 460 Mobile,Baffin,GCN 4.0,Polaris Mobile(RX M400),2016-08-08,1000.0,1180.0,1250.0,4.0,GDDR5,128,80.0,896,,,2.12,2.12,0.13,55,,14,3.0,123.0,GlobalFoundries,MXM-B (3.0),,1.0,https://www.techpowerup.com/gpu-specs/radeon-rx-460-mobile.c3072
AMD,Radeon RX 470,Ellesmere,GCN 4.0,Arctic Islands(RX 400),2016-08-04,926.0,1206.0,1650.0,4.0,GDDR5,256,211.2,2048,,,4.94,4.94,0.31,120,,14,5.7,232.0,GlobalFoundries,PCIe 3.0 x16,,2.0,https://www.techpowerup.com/gpu-specs/radeon-rx-470.c2861
AMD,Radeon RX 470 Mobile,Ellesmere,GCN 4.0,Polaris Mobile(RX M400),2016-08-04,926.0,1074.0,1750.0,8.0,GDDR5,256,224.0,2048,,,4.4,4.4,0.27,85,,14,5.7,232.0,GlobalFoundries,MXM-B (3.0),,2.0,https://www.techpowerup.com/gpu-specs/radeon-rx-470-mobile.c3070
AMD,Radeon RX 470D,Ellesmere,GCN 4.0,Arctic Islands(RX 400),2016-10-21,926.0,1206.0,1650.0,4.0,GDDR5,256,211.2,1792,,,4.32,4.32,0.27,120,,14,5.7,232.0,GlobalFoundries,PCIe 3.0 x16,,2.0,https://www.techpowerup.com/gpu-specs/radeon-rx-470d.c2896
AMD,Radeon RX 480,Ellesmere,GCN 4.0,Arctic Islands(RX 400),2016-06-29,1120.0,1266.0,2000.0,8.0,GDDR5,256,256.0,2304,,,5.83,5.83,0.36,150,,14,5.7,232.0,GlobalFoundries,PCIe 3.0 x16,,2.0,https://www.techpowerup.com/gpu-specs/radeon-rx-480.c2848
AMD,Radeon RX 480 Mobile,Ellesmere,GCN 4.0,Polaris Mobile(RX M400),2016-08-04,1000.0,1077.0,2000.0,8.0,GDDR5,256,256.0,2304,,,4.96,4.96,0.31,100,,14,5.7,232.0,GlobalFoundries,MXM-B (3.0),,2.0,https://www.techpowerup.com/gpu-specs/radeon-rx-480-mobile.c3073
AMD,Radeon RX 580 OEM,Ellesmere,GCN 4.0,Polaris(RX 500),2016-06-29,1120.0,1266.0,2000.0,8.0,GDDR5,256,256.0,2304,,,5.83,5.83,0.36,150,,14,5.7,232.0,GlobalFoundries,PCIe 3.0 x16,,2.0,https://www.techpowerup.com/gpu-specs/radeon-rx-580-oem.c3112
AMD,Xbox One S GPU,Durango 2,GCN 1.0,Console GPU(Microsoft),2016-08-02,914.0,914.0,1066.0,8.0,DDR3,256,68.22,768,,,1.4,,,95,,16,5.0,240.0,TSMC,,,,https://www.techpowerup.com/gpu-specs/xbox-one-s-gpu.c2866
Intel,HD Graphics 505 Mobile,Apollo Lake GT1.5,Generation 9.0,HD Graphics-T(Goldmont),2016-09-01,200.0,650.0,,,System Shared,,,144,,,0.19,,0.02,6,,14,,,Intel,Ring Bus,,,https://www.techpowerup.com/gpu-specs/hd-graphics-505-mobile.c3155
Intel,HD Graphics 610,Kaby Lake GT1,Generation 9.5,HD Graphics(Kaby Lake),2016-08-30,350.0,1050.0,,,System Shared,,,96,,,0.2,0.4,0.05,5,,14,,,Intel,Ring Bus,,,https://www.techpowerup.com/gpu-specs/hd-graphics-610.c3021
Intel,HD Graphics 610 Mobile,Kaby Lake GT1,Generation 9.5,HD Graphics-M(Kaby Lake),2016-08-30,300.0,900.0,,,System Shared,,,96,,,0.17,0.35,0.04,5,,14,,,Intel,Ring Bus,,,https://www.techpowerup.com/gpu-specs/hd-graphics-610-mobile.c3102
Intel,HD Graphics 615 Mobile,Kaby Lake GT2,Generation 9.5,HD Graphics-M(Kaby Lake),2016-08-30,300.0,850.0,,,System Shared,,,192,,,0.33,0.65,0.08,5,,14,,,Intel,Ring Bus,,,https://www.techpowerup.com/gpu-specs/hd-graphics-615-mobile.c2910
Intel,HD Graphics 620 Mobile,Kaby Lake GT2,Generation 9.5,HD Graphics-M(Kaby Lake),2016-08-30,300.0,1000.0,,,System Shared,,,192,,,0.38,0.77,0.1,15,,14,,,Intel,Ring Bus,,,https://www.techpowerup.com/gpu-specs/hd-graphics-620-mobile.c2911
Intel,HD Graphics 630,Kaby Lake GT2,Generation 9.5,HD Graphics(Kaby Lake),2016-08-30,350.0,1000.0,,,System Shared,,,192,,,0.38,0.77,0.1,15,,14,,,Intel,Ring Bus,,,https://www.techpowerup.com/gpu-specs/hd-graphics-630.c2962
Intel,HD Graphics 630 Mobile,Kaby Lake GT2,Generation 9.5,HD Graphics-M(Kaby Lake),2016-08-30,350.0,1000.0,,,System Shared,,,192,,,0.38,0.77,0.1,15,,14,,,Intel,Ring Bus,,,https://www.techpowerup.com/gpu-specs/hd-graphics-630-mobile.c2961
Intel,HD Graphics P630 Mobile,Kaby Lake GT2,Generation 9.5,HD Graphics-WM(Kaby Lake),2016-08-05,350.0,1100.0,,,System Shared,,,192,,,0.42,0.84,0.11,15,,14,,,Intel,Ring Bus,,,https://www.techpowerup.com/gpu-specs/hd-graphics-p630-mobile.c2965
NVIDIA,GeForce GT 1030,GP108,Pascal,GeForce 10,2017-05-17,1228.0,1468.0,1502.0,2.0,GDDR5,64,48.06,384,,,1.13,0.02,0.04,30,6.1,14,1.8,74.0,Samsung,PCIe 3.0 x4,3,0.5,https://www.techpowerup.com/gpu-specs/geforce-gt-1030.c2954
NVIDIA,GeForce GT 720 OEM,GK107,Kepler,GeForce 700,2017-10-29,993.0,993.0,891.0,1.0,DDR3,128,28.51,192,,,0.38,,0.02,50,3.0,28,1.27,118.0,TSMC,PCIe 3.0 x16,,0.25,https://www.techpowerup.com/gpu-specs/geforce-gt-720-oem.c3572
NVIDIA,GeForce GTX 1050 Mobile,GP107,Pascal,GeForce 10 Mobile,2017-01-03,1354.0,1493.0,1752.0,2.0,GDDR5,128,112.1,640,,,1.91,0.03,0.06,75,6.1,14,3.3,132.0,Samsung,PCIe 3.0 x16,5,1.0,https://www.techpowerup.com/gpu-specs/geforce-gtx-1050-mobile.c2917
NVIDIA,GeForce GTX 1050 Ti Mobile,GP106,Pascal,GeForce 10 Mobile,2017-02-01,1493.0,1620.0,1752.0,2.0,GDDR5,128,112.1,768,,,2.49,0.04,0.08,75,6.1,16,4.4,200.0,TSMC,PCIe 3.0 x16,6,1.0,https://www.techpowerup.com/gpu-specs/geforce-gtx-1050-ti-mobile.c3013
NVIDIA,GeForce GTX 1060 5 GB,GP106,Pascal,GeForce 10,2017-12-26,1506.0,1709.0,2002.0,5.0,GDDR5,160,160.2,1280,,,4.38,0.07,0.14,120,6.1,16,4.4,200.0,TSMC,PCIe 3.0 x16,10,1.25,https://www.techpowerup.com/gpu-specs/geforce-gtx-1060-5-gb.c3060
NVIDIA,GeForce GTX 1060 6 GB 9Gbps,GP106,Pascal,GeForce 10,2017-04-20,1506.0,1709.0,2257.0,6.0,GDDR5,192,216.7,1280,,,4.38,0.07,0.14,120,6.1,16,4.4,200.0,TSMC,PCIe 3.0 x16,10,1.5,https://www.techpowerup.com/gpu-specs/geforce-gtx-1060-6-gb-9gbps.c2952
NVIDIA,GeForce GTX 1060 Max-Q,GP106,Pascal,GeForce 10 Mobile,2017-06-27,1063.0,1480.0,2002.0,6.0,GDDR5,192,192.2,1280,,,3.79,0.06,0.12,80,6.1,16,4.4,200.0,TSMC,PCIe 3.0 x16,10,1.5,https://www.techpowerup.com/gpu-specs/geforce-gtx-1060-max-q.c2976
NVIDIA,GeForce GTX 1070 Max-Q,GP104B,Pascal,GeForce 10 Mobile,2017-06-27,1215.0,1379.0,2002.0,8.0,GDDR5,256,256.3,2048,,,5.65,0.09,0.18,115,6.1,16,7.2,314.0,TSMC,PCIe 3.0 x16,16,2.0,https://www.techpowerup.com/gpu-specs/geforce-gtx-1070-max-q.c2974
NVIDIA,GeForce GTX 1070 Ti,GP104,Pascal,GeForce 10,2017-11-02,1607.0,1683.0,2002.0,8.0,GDDR5,256,256.3,2432,,,8.19,0.13,0.26,180,6.1,16,7.2,314.0,TSMC,PCIe 3.0 x16,19,2.0,https://www.techpowerup.com/gpu-specs/geforce-gtx-1070-ti.c3010
NVIDIA,GeForce GTX 1080 11Gbps,GP104,Pascal,GeForce 10,2017-04-20,1607.0,1733.0,1376.0,8.0,GDDR5X,256,352.3,2560,,,8.87,0.14,0.28,180,6.1,16,7.2,314.0,TSMC,PCIe 3.0 x16,20,2.0,https://www.techpowerup.com/gpu-specs/geforce-gtx-1080-11gbps.c2951
NVIDIA,GeForce GTX 1080 Max-Q,GP104B,Pascal,GeForce 10 Mobile,2017-06-27,1277.0,1366.0,1251.0,8.0,GDDR5X,256,320.3,2560,,,6.99,0.11,0.22,150,6.1,16,7.2,314.0,TSMC,PCIe 3.0 x16,20,2.0,https://www.techpowerup.com/gpu-specs/geforce-gtx-1080-max-q.c2975
NVIDIA,GeForce GTX 1080 Ti,GP102,Pascal,GeForce 10,2017-03-10,1481.0,1582.0,1376.0,11.0,GDDR5X,352,484.4,3584,,,11.34,0.18,0.35,250,6.1,16,11.8,471.0,TSMC,PCIe 3.0 x16,28,2.75,https://www.techpowerup.com/gpu-specs/geforce-gtx-1080-ti.c2877
NVIDIA,GeForce MX110,GM108S,Maxwell,GeForce MX(1xx),2017-11-17,978.0,1006.0,1253.0,2.0,GDDR5,64,40.1,256,,,0.52,,0.02,30,5.0,28,1.02,77.0,TSMC,PCIe 3.0 x4,2,1.0,https://www.techpowerup.com/gpu-specs/geforce-mx110.c3044
NVIDIA,GeForce MX130,GM108S,Maxwell,GeForce MX(1xx),2017-11-17,1109.0,1189.0,1253.0,2.0,GDDR5,64,40.1,384,,,0.91,,0.03,30,5.0,28,1.02,77.0,TSMC,PCIe 3.0 x4,3,1.0,https://www.techpowerup.com/gpu-specs/geforce-mx130.c3043
NVIDIA,GeForce MX150,GP108,Pascal,GeForce MX(1xx),2017-05-17,1469.0,1532.0,1502.0,2.0,GDDR5,64,48.06,384,,,1.18,0.02,0.04,25,6.1,14,1.8,74.0,Samsung,PCIe 3.0 x4,3,0.5,https://www.techpowerup.com/gpu-specs/geforce-mx150.c2959
NVIDIA,P104-100,GP104,Pascal,Mining GPUs,2017-12-12,1607.0,1733.0,1251.0,4.0,GDDR5X,256,320.3,1920,,,6.66,0.1,0.21,,6.1,16,7.2,314.0,TSMC,PCIe 1.0 x4,15,2.0,https://www.techpowerup.com/gpu-specs/p104-100.c2981
NVIDIA,P106-090,GP106,Pascal,Mining GPUs,2017-07-31,1354.0,1531.0,2002.0,3.0,GDDR5,192,192.2,768,,,2.35,0.04,0.07,75,6.1,16,4.4,200.0,TSMC,PCIe 1.0 x1,6,1.5,https://www.techpowerup.com/gpu-specs/p106-090.c2999
NVIDIA,P106-100,GP106,Pascal,Mining GPUs,2017-06-19,1506.0,1709.0,2002.0,6.0,GDDR5,192,192.2,1280,,,4.38,0.07,0.14,120,6.1,16,4.4,200.0,TSMC,PCIe 1.0 x16,10,1.5,https://www.techpowerup.com/gpu-specs/p106-100.c2980
NVIDIA,Quadro M1200 Mobile,GM107,Maxwell,Quadro Maxwell-M(Mx200),2017-01-11,991.0,1148.0,1253.0,4.0,GDDR5,128,80.19,640,,,1.47,,0.05,45,5.0,28,1.87,148.0,TSMC,MXM-A (3.0),5,2.0,https://www.techpowerup.com/gpu-specs/quadro-m1200-mobile.c2921
NVIDIA,Quadro M2200 Mobile,GM206,Maxwell 2.0,Quadro Maxwell-M(Mx200),2017-01-11,695.0,1036.0,1377.0,4.0,GDDR5,128,88.13,1024,,,2.12,,0.07,55,5.2,28,2.94,228.0,TSMC,MXM-A (3.0),8,1.0,https://www.techpowerup.com/gpu-specs/quadro-m2200-mobile.c2922
NVIDIA,Quadro M520 Mobile,GM108,Maxwell,Quadro Maxwell-M(Mx200),2017-01-11,965.0,1176.0,1253.0,2.0,GDDR5,64,40.1,384,,,0.9,,0.03,25,5.0,28,1.02,77.0,TSMC,MXM-A (3.0),2,1.0,https://www.techpowerup.com/gpu-specs/quadro-m520-mobile.c2919
NVIDIA,Quadro M620 Mobile,GM107,Maxwell,Quadro Maxwell-M(Mx200),2017-01-11,756.0,1018.0,1253.0,2.0,GDDR5,128,80.19,512,,,1.04,,0.03,30,5.0,28,1.87,148.0,TSMC,MXM-A (3.0),4,2.0,https://www.techpowerup.com/gpu-specs/quadro-m620-mobile.c2920
NVIDIA,Quadro P1000,GP107,Pascal,Quadro Pascal(Px000),2017-02-07,1354.0,1392.0,1502.0,4.0,GDDR5,128,96.13,512,,,1.43,0.02,0.04,47,6.1,14,3.3,132.0,Samsung,PCIe 3.0 x16,4,1.0,https://www.techpowerup.com/gpu-specs/quadro-p1000.c2932
NVIDIA,Quadro P1000 Mobile,GP107,Pascal,Quadro Pascal-M(Px000),2017-02-07,1493.0,1519.0,1502.0,4.0,GDDR5,128,96.13,512,,,1.55,0.02,0.05,40,6.1,14,3.3,132.0,Samsung,PCIe 3.0 x16,4,1.0,https://www.techpowerup.com/gpu-specs/quadro-p1000-mobile.c3201
NVIDIA,Quadro P2000,GP106,Pascal,Quadro Pascal(Px000),2017-02-06,1076.0,1480.0,1752.0,5.0,GDDR5,160,140.2,1024,,,3.03,0.05,0.09,75,6.1,16,4.4,200.0,TSMC,PCIe 3.0 x16,8,1.25,https://www.techpowerup.com/gpu-specs/quadro-p2000.c2931
NVIDIA,Quadro P2000 Mobile,GP106,Pascal,Quadro Pascal-M(Px000),2019-02-15,1291.0,1291.0,1502.0,3.75,GDDR5,128,96.13,1152,,,2.97,0.05,0.09,75,6.1,16,4.4,200.0,TSMC,PCIe 3.0 x16,9,1.25,https://www.techpowerup.com/gpu-specs/quadro-p2000-mobile.c3772
NVIDIA,Quadro P3000 Mobile,GP104,Pascal,Quadro Pascal-M(Px000),2017-01-11,1088.0,1215.0,1752.0,6.0,GDDR5,192,168.2,1280,,,3.11,0.05,0.1,75,6.1,16,7.2,314.0,TSMC,MXM-B (3.0),10,1.5,https://www.techpowerup.com/gpu-specs/quadro-p3000-mobile.c2923
NVIDIA,Quadro P400,GP107,Pascal,Quadro Pascal(Px000),2017-02-07,1228.0,1252.0,1002.0,2.0,GDDR5,64,32.06,256,,,0.64,0.01,0.02,30,6.1,14,3.3,132.0,Samsung,PCIe 3.0 x16,2,0.5,https://www.techpowerup.com/gpu-specs/quadro-p400.c2934
NVIDIA,Quadro P4000,GP104,Pascal,Quadro Pascal(Px000),2017-02-06,1202.0,1480.0,1901.0,8.0,GDDR5,256,243.3,1792,,,5.3,0.08,0.17,105,6.1,16,7.2,314.0,TSMC,PCIe 3.0 x16,14,2.0,https://www.techpowerup.com/gpu-specs/quadro-p4000.c2930
NVIDIA,Quadro P4000 Max-Q,GP104,Pascal,Quadro Pascal-M(Px000),2017-01-11,1114.0,1228.0,1502.0,8.0,GDDR5,256,192.3,1792,,,4.4,0.07,0.14,100,6.1,16,7.2,314.0,TSMC,MXM-B (3.0),14,2.0,https://www.techpowerup.com/gpu-specs/quadro-p4000-max-q.c3015
NVIDIA,Quadro P4000 Mobile,GP104,Pascal,Quadro Pascal-M(Px000),2017-01-11,1202.0,1228.0,1500.0,8.0,GDDR5,256,192.0,1792,,,4.4,0.07,0.14,100,6.1,16,7.2,314.0,TSMC,MXM-B (3.0),14,2.0,https://www.techpowerup.com/gpu-specs/quadro-p4000-mobile.c2924
NVIDIA,Quadro P5000 Mobile,GP104,Pascal,Quadro Pascal-M(Px000),2017-01-11,1164.0,1506.0,1500.0,16.0,GDDR5,256,192.0,2048,,,6.17,0.1,0.19,100,6.1,16,7.2,314.0,TSMC,MXM-B (3.0),16,2.0,https://www.techpowerup.com/gpu-specs/quadro-p5000-mobile.c2925
NVIDIA,Quadro P5000 X2 Mobile,GP104,Pascal,Quadro Pascal-M(Px000),2017-01-11,1164.0,1506.0,1500.0,16.0,GDDR5,256,192.0,2048,,,6.17,0.1,0.19,200,6.1,16,7.2,314.0,TSMC,MXM-B (3.0),16,2.0,https://www.techpowerup.com/gpu-specs/quadro-p5000-x2-mobile.c4122
NVIDIA,Quadro P600,GP107,Pascal,Quadro Pascal(Px000),2017-02-07,1329.0,1557.0,1002.0,2.0,GDDR5,128,64.13,384,,,1.2,0.02,0.04,40,6.1,14,3.3,132.0,Samsung,PCIe 3.0 x16,3,1.0,https://www.techpowerup.com/gpu-specs/quadro-p600.c2933
NVIDIA,Quadro P600 Mobile,GP107,Pascal,Quadro Pascal-M(Px000),2017-02-07,1430.0,1620.0,1252.0,4.0,GDDR5,128,80.13,384,,,1.24,0.02,0.04,40,6.1,14,3.3,132.0,Samsung,PCIe 3.0 x16,3,1.0,https://www.techpowerup.com/gpu-specs/quadro-p600-mobile.c3200
NVIDIA,Switch GPU 20nm,GM20B,Maxwell 2.0,Console GPU(Nintendo),2017-03-17,384.0,768.0,1600.0,4.0,DDR4,64,25.6,256,,,0.39,0.79,0.01,15,5.3,20,2.0,118.0,TSMC,,2,,https://www.techpowerup.com/gpu-specs/switch-gpu-20nm.c3104
NVIDIA,Tesla P6 Mobile,GP104,Pascal,Tesla Pascal(Pxx),2017-03-24,1012.0,1506.0,1502.0,16.0,GDDR5,256,192.3,2048,,,6.17,0.1,0.19,90,6.1,16,7.2,314.0,TSMC,MXM-B (3.0),16,2.0,https://www.techpowerup.com/gpu-specs/tesla-p6-mobile.c3036
NVIDIA,Tesla V100 PCIe 16 GB,GV100,Volta,Tesla Volta(Vxx),2017-06-21,1245.0,1380.0,876.0,16.0,HBM2,4096,897.0,5120,640,,14.13,28.26,7.07,300,7.0,12,21.1,815.0,TSMC,PCIe 3.0 x16,80,6.0,https://www.techpowerup.com/gpu-specs/tesla-v100-pcie-16-gb.c2957
NVIDIA,Tesla V100 SXM2 16 GB,GV100,Volta,Tesla Volta(Vxx),2019-11-26,1245.0,1597.0,1106.0,16.0,HBM2,4096,1130.0,5120,640,,16.35,32.71,8.18,250,7.0,12,21.1,815.0,TSMC,PCIe 3.0 x16,80,6.0,https://www.techpowerup.com/gpu-specs/tesla-v100-sxm2-16-gb.c3471
NVIDIA,TITAN V,GV100,Volta,GeForce 10,2017-12-07,1200.0,1455.0,848.0,12.0,HBM2,3072,651.3,5120,640,,14.9,29.8,7.45,250,7.0,12,21.1,815.0,TSMC,PCIe 3.0 x16,80,4.5,https://www.techpowerup.com/gpu-specs/titan-v.c3051
NVIDIA,TITAN Xp,GP102,Pascal,GeForce 10,2017-04-06,1405.0,1582.0,1426.0,12.0,GDDR5X,384,547.6,3840,,,12.15,0.19,0.38,250,6.1,16,11.8,471.0,TSMC,PCIe 3.0 x16,30,3.0,https://www.techpowerup.com/gpu-specs/titan-xp.c2948
AMD,Radeon 520 Mobile DDR3,Banks,GCN 1.0,Polaris Mobile(M500),2017-04-18,1030.0,1030.0,1000.0,2.0,DDR3,64,16.0,320,,,0.66,,0.04,50,,28,0.69,56.0,TSMC,PCIe 3.0 x8,,0.128,https://www.techpowerup.com/gpu-specs/radeon-520-mobile-ddr3.c3003
AMD,Radeon 520 Mobile GDDR5,Banks,GCN 1.0,Polaris Mobile(M500),2017-04-18,1030.0,1030.0,1125.0,2.0,GDDR5,64,36.0,320,,,0.66,,0.04,50,,28,0.69,56.0,TSMC,PCIe 3.0 x8,,0.128,https://www.techpowerup.com/gpu-specs/radeon-520-mobile-gddr5.c3236
AMD,Radeon 520 OEM,Banks,GCN 1.0,Polaris(RX 500),2017-04-18,1030.0,1030.0,1125.0,2.0,GDDR5,64,36.0,320,,,0.66,,0.04,50,,28,0.69,56.0,TSMC,PCIe 3.0 x8,,0.128,https://www.techpowerup.com/gpu-specs/radeon-520-oem.c4061
AMD,Radeon 530 Mobile DDR3,Weston,GCN 3.0,Polaris Mobile(M500),2017-04-18,730.0,1021.0,900.0,2.0,DDR3,64,14.4,384,,,0.78,0.78,0.05,50,,28,1.55,125.0,TSMC,PCIe 3.0 x8,,0.128,https://www.techpowerup.com/gpu-specs/radeon-530-mobile-ddr3.c4106
AMD,Radeon 530 Mobile GDDR5,Weston,GCN 3.0,Polaris Mobile(M500),2017-04-18,730.0,891.0,900.0,2.0,GDDR5,64,28.8,384,,,0.68,0.68,0.04,50,,28,1.55,125.0,TSMC,PCIe 3.0 x8,,0.128,https://www.techpowerup.com/gpu-specs/radeon-530-mobile-gddr5.c3002
AMD,Radeon 530X Mobile,Polaris 24,GCN 3.0,Polaris Mobile(M500X),2017-04-18,730.0,1024.0,1125.0,2.0,GDDR5,64,36.0,384,,,0.79,0.79,0.05,50,,28,1.55,125.0,TSMC,PCIe 3.0 x8,,0.128,https://www.techpowerup.com/gpu-specs/radeon-530x-mobile.c3108
AMD,Radeon 535 Mobile,Polaris 24,GCN 3.0,Polaris Mobile(M500),2017-04-18,730.0,984.0,1125.0,2.0,GDDR5,64,36.0,384,,,0.76,0.76,0.05,50,,28,1.55,125.0,TSMC,PCIe 3.0 x8,,0.128,https://www.techpowerup.com/gpu-specs/radeon-535-mobile.c3209
AMD,Radeon 540,Lexa,GCN 4.0,Polaris(RX 500),2017-04-20,1183.0,1183.0,1500.0,1.0,GDDR5,32,24.0,384,,,0.91,0.91,0.06,50,,14,2.2,103.0,GlobalFoundries,PCIe 3.0 x8,,0.5,https://www.techpowerup.com/gpu-specs/radeon-540.c4213
AMD,Radeon 550,Lexa,GCN 4.0,Polaris(RX 500),2017-04-20,1100.0,1183.0,1750.0,2.0,GDDR5,64,56.0,512,,,1.21,1.21,0.08,50,,14,2.2,103.0,GlobalFoundries,PCIe 3.0 x8,,0.25,https://www.techpowerup.com/gpu-specs/radeon-550.c3407
AMD,Radeon E9171 MCM,Lexa,GCN 4.0,Embedded(9000),2017-10-03,1124.0,1219.0,1500.0,4.0,GDDR5,128,96.0,512,,,1.25,1.25,0.08,40,,14,2.2,103.0,GlobalFoundries,PCIe 3.0 x8,,0.5,https://www.techpowerup.com/gpu-specs/radeon-e9171-mcm.c3028
AMD,Radeon E9172 MXM,Lexa,GCN 4.0,Embedded(9000),2017-10-03,1124.0,1219.0,1500.0,2.0,GDDR5,64,48.0,512,,,1.25,1.25,0.08,35,,14,2.2,103.0,GlobalFoundries,MXM-A (3.0),,0.25,https://www.techpowerup.com/gpu-specs/radeon-e9172-mxm.c3029
AMD,Radeon E9173 PCIe,Lexa,GCN 4.0,Embedded(9000),2017-10-03,1124.0,1219.0,1500.0,2.0,GDDR5,64,48.0,512,,,1.25,1.25,0.08,35,,14,2.2,103.0,GlobalFoundries,PCIe 3.0 x8,,0.25,https://www.techpowerup.com/gpu-specs/radeon-e9173-pcie.c3031
AMD,Radeon E9174 MXM,Lexa,GCN 4.0,Embedded(9000),2017-10-03,1124.0,1219.0,1500.0,4.0,GDDR5,128,96.0,512,,,1.25,1.25,0.08,50,,14,2.2,103.0,GlobalFoundries,MXM-A (3.0),,0.5,https://www.techpowerup.com/gpu-specs/radeon-e9174-mxm.c3030
AMD,Radeon E9175 PCIe,Lexa,GCN 4.0,Embedded(9000),2017-10-03,1124.0,1219.0,1500.0,4.0,GDDR5,128,96.0,512,,,1.25,1.25,0.08,50,,14,2.2,103.0,GlobalFoundries,PCIe 3.0 x8,,0.5,https://www.techpowerup.com/gpu-specs/radeon-e9175-pcie.c3032
AMD,Radeon Instinct MI25,Vega 10,GCN 5.0,Radeon Instinct(MIx),2017-06-27,1400.0,1500.0,852.0,16.0,HBM2,2048,436.2,4096,,,12.29,24.58,0.77,300,,14,12.5,495.0,GlobalFoundries,PCIe 3.0 x16,,4.0,https://www.techpowerup.com/gpu-specs/radeon-instinct-mi25.c2983
AMD,Radeon Pro 555,Polaris 21,GCN 4.0,Radeon Pro Mac(500 Series),2017-06-05,850.0,850.0,1275.0,2.0,GDDR5,128,81.6,768,,,1.31,1.31,0.08,75,,14,3.0,123.0,GlobalFoundries,PCIe 3.0 x8,,1.0,https://www.techpowerup.com/gpu-specs/radeon-pro-555.c2972
AMD,Radeon Pro 560,Polaris 21,GCN 4.0,Radeon Pro Mac(500 Series),2017-04-18,907.0,907.0,1270.0,4.0,GDDR5,128,81.28,1024,,,1.86,1.86,0.12,75,,14,3.0,123.0,GlobalFoundries,PCIe 3.0 x8,,1.0,https://www.techpowerup.com/gpu-specs/radeon-pro-560.c2971
AMD,Radeon Pro 570,Ellesmere,GCN 4.0,Radeon Pro Mac(500 Series),2017-06-05,1000.0,1105.0,1695.0,4.0,GDDR5,256,217.0,1792,,,3.96,3.96,0.25,150,,14,5.7,232.0,GlobalFoundries,PCIe 3.0 x16,,2.0,https://www.techpowerup.com/gpu-specs/radeon-pro-570.c2970
AMD,Radeon Pro 575,Ellesmere,GCN 4.0,Radeon Pro Mac(500 Series),2017-06-05,1096.0,1096.0,1695.0,4.0,GDDR5,256,217.0,2048,,,4.49,4.49,0.28,150,,14,5.7,232.0,GlobalFoundries,PCIe 3.0 x16,,2.0,https://www.techpowerup.com/gpu-specs/radeon-pro-575.c2969
AMD,Radeon Pro 580,Ellesmere,GCN 4.0,Radeon Pro Mac(500 Series),2017-06-05,1100.0,1200.0,1695.0,8.0,GDDR5,256,217.0,2304,,,5.53,5.53,0.35,185,,14,5.7,232.0,GlobalFoundries,PCIe 3.0 x16,,2.0,https://www.techpowerup.com/gpu-specs/radeon-pro-580.c2968
AMD,Radeon Pro Duo Polaris,Ellesmere,GCN 4.0,Radeon Pro GCN,2017-04-24,1243.0,1243.0,1750.0,16.0,GDDR5,256,224.0,2304,,,5.73,5.73,0.36,250,,14,5.7,232.0,GlobalFoundries,PCIe 3.0 x16,,2.0,https://www.techpowerup.com/gpu-specs/radeon-pro-duo-polaris.c2953
AMD,Radeon Pro V320,Vega 10,GCN 5.0,Radeon Pro Vega(Vega Series),2017-06-29,852.0,1500.0,945.0,8.0,HBM2,2048,483.8,3584,,,10.75,21.5,0.67,230,,14,12.5,495.0,GlobalFoundries,PCIe 3.0 x16,,4.0,https://www.techpowerup.com/gpu-specs/radeon-pro-v320.c3270
AMD,Radeon Pro Vega 56,Vega 10,GCN 5.0,Radeon Pro Mac(Vega Series),2017-08-14,1138.0,1250.0,786.0,8.0,HBM2,2048,402.4,3584,,,8.96,17.92,0.56,210,,14,12.5,495.0,GlobalFoundries,PCIe 3.0 x16,,4.0,https://www.techpowerup.com/gpu-specs/radeon-pro-vega-56.c3099
AMD,Radeon Pro Vega 64,Vega 10,GCN 5.0,Radeon Pro Mac(Vega Series),2017-06-27,1250.0,1350.0,786.0,16.0,HBM2,2048,402.4,4096,,,11.06,22.12,0.69,250,,14,12.5,495.0,GlobalFoundries,PCIe 3.0 x16,,4.0,https://www.techpowerup.com/gpu-specs/radeon-pro-vega-64.c3098
AMD,Radeon Pro WX 2100,Lexa,GCN 4.0,Radeon Pro Polaris(WX x100),2017-06-04,925.0,1219.0,1500.0,2.0,GDDR5,64,48.0,512,,,1.25,1.25,0.08,35,,14,2.2,103.0,GlobalFoundries,PCIe 3.0 x8,,0.25,https://www.techpowerup.com/gpu-specs/radeon-pro-wx-2100.c2979
AMD,Radeon Pro WX 3100,Lexa,GCN 4.0,Radeon Pro Polaris(WX x100),2017-06-12,925.0,1219.0,1500.0,4.0,GDDR5,128,96.0,512,,,1.25,1.25,0.08,65,,14,2.2,103.0,GlobalFoundries,PCIe 3.0 x8,,0.5,https://www.techpowerup.com/gpu-specs/radeon-pro-wx-3100.c2978
AMD,Radeon Pro WX 4130 Mobile,Baffin,GCN 4.0,Radeon Pro Mobile(WX x100),2017-03-01,1002.0,1053.0,1500.0,2.0,GDDR5,128,96.0,640,,,1.35,1.35,0.08,50,,14,3.0,123.0,GlobalFoundries,PCIe 3.0 x8,,1.0,https://www.techpowerup.com/gpu-specs/radeon-pro-wx-4130-mobile.c3093
AMD,Radeon Pro WX 4150 Mobile,Baffin,GCN 4.0,Radeon Pro Mobile(WX x100),2017-03-01,1002.0,1053.0,1500.0,4.0,GDDR5,128,96.0,896,,,1.89,1.89,0.12,50,,14,3.0,123.0,GlobalFoundries,PCIe 3.0 x8,,1.0,https://www.techpowerup.com/gpu-specs/radeon-pro-wx-4150-mobile.c3092
AMD,Radeon Pro WX 4170 Mobile,Baffin,GCN 4.0,Radeon Pro Mobile(WX x100),2017-03-01,1002.0,1201.0,1500.0,4.0,GDDR5,128,96.0,1024,,,2.46,2.46,0.15,50,,14,3.0,123.0,GlobalFoundries,PCIe 3.0 x8,,1.0,https://www.techpowerup.com/gpu-specs/radeon-pro-wx-4170-mobile.c3094
AMD,Radeon Pro WX 7100 Mobile,Ellesmere,GCN 4.0,Radeon Pro Mobile(WX x100),2017-03-01,1188.0,1243.0,1250.0,8.0,GDDR5,256,160.0,2304,,,5.73,,0.36,130,,14,5.7,232.0,GlobalFoundries,PCIe 3.0 x16,,2.0,https://www.techpowerup.com/gpu-specs/radeon-pro-wx-7100-mobile.c3091
AMD,Radeon Pro WX 7130 Mobile,Ellesmere,GCN 4.0,Radeon Pro Mobile(WX x100),2017-03-01,1188.0,1243.0,1250.0,8.0,GDDR5,256,160.0,2304,,,5.73,,0.36,130,,14,5.7,232.0,GlobalFoundries,PCIe 3.0 x16,,2.0,https://www.techpowerup.com/gpu-specs/radeon-pro-wx-7130-mobile.c3457
AMD,Radeon Pro WX 8100,Vega 10,GCN 5.0,Radeon Pro Polaris(WX x100),2017-12-03,1200.0,1500.0,1000.0,8.0,HBM2,2048,512.0,3584,,,10.75,21.5,0.67,230,,14,12.5,495.0,GlobalFoundries,PCIe 3.0 x16,,4.0,https://www.techpowerup.com/gpu-specs/radeon-pro-wx-8100.c3271
AMD,Radeon Pro WX 9100,Vega 10,GCN 5.0,Radeon Pro Polaris(WX x100),2017-07-10,1200.0,1500.0,945.0,16.0,HBM2,2048,483.8,4096,,,12.29,24.58,0.77,230,,14,12.5,495.0,GlobalFoundries,PCIe 3.0 x16,,4.0,https://www.techpowerup.com/gpu-specs/radeon-pro-wx-9100.c2989
AMD,Radeon R8 M535DX,Meso,GCN 3.0,Gem System Hybrid(Rx M500),2017-04-18,780.0,891.0,,,System Shared,,,320,,,0.57,0.57,0.04,,,28,1.55,125.0,TSMC,IGP,,0.128,https://www.techpowerup.com/gpu-specs/radeon-r8-m535dx.c3210
AMD,Radeon RX 460 1024SP,Baffin,GCN 4.0,Arctic Islands(RX 400),2017-01-17,1090.0,1200.0,1750.0,2.0,GDDR5,128,112.0,1024,,,2.46,2.46,0.15,75,,14,3.0,123.0,GlobalFoundries,PCIe 3.0 x8,,1.0,https://www.techpowerup.com/gpu-specs/radeon-rx-460-1024sp.c2918
AMD,Radeon RX 540 Mobile,Lexa,GCN 4.0,Polaris Mobile(RX M500),2017-11-11,1046.0,1046.0,1250.0,2.0,GDDR5,128,80.0,512,,,1.07,1.07,0.07,50,,14,2.2,103.0,GlobalFoundries,PCIe 3.0 x8,,0.5,https://www.techpowerup.com/gpu-specs/radeon-rx-540-mobile.c3048
AMD,Radeon RX 550,Lexa,GCN 4.0,Polaris(RX 500),2017-04-20,1100.0,1183.0,1750.0,2.0,GDDR5,128,112.0,512,,,1.21,1.21,0.08,50,,14,2.2,103.0,GlobalFoundries,PCIe 3.0 x8,,0.5,https://www.techpowerup.com/gpu-specs/radeon-rx-550.c2947
AMD,Radeon RX 550 512SP,Baffin,GCN 4.0,Polaris(RX 500),2017-10-13,1019.0,1071.0,1500.0,2.0,GDDR5,128,96.0,512,,,1.1,1.1,0.07,50,,14,3.0,123.0,GlobalFoundries,PCIe 3.0 x8,,0.5,https://www.techpowerup.com/gpu-specs/radeon-rx-550-512sp.c3740
AMD,Radeon RX 550 640SP,Baffin,GCN 4.0,Polaris(RX 500),2017-10-13,1019.0,1071.0,1500.0,2.0,GDDR5,128,96.0,640,,,1.37,1.37,0.09,60,,14,3.0,123.0,GlobalFoundries,PCIe 3.0 x8,,1.0,https://www.techpowerup.com/gpu-specs/radeon-rx-550-640sp.c3083
AMD,Radeon RX 550 Mobile,Lexa,GCN 4.0,Polaris Mobile(RX M500),2017-07-02,1100.0,1287.0,1500.0,2.0,GDDR5,128,96.0,640,,,1.65,1.65,0.1,50,,14,2.2,103.0,GlobalFoundries,PCIe 3.0 x8,,0.5,https://www.techpowerup.com/gpu-specs/radeon-rx-550-mobile.c3049
AMD,Radeon RX 560,Polaris 21,GCN 4.0,Polaris(RX 500),2017-04-18,1175.0,1275.0,1750.0,4.0,GDDR5,128,112.0,1024,,,2.61,2.61,0.16,75,,14,3.0,123.0,GlobalFoundries,PCIe 3.0 x8,,1.0,https://www.techpowerup.com/gpu-specs/radeon-rx-560.c2940
AMD,Radeon RX 560 896SP,Polaris 21,GCN 4.0,Polaris(RX 500),2017-07-04,1090.0,1175.0,1750.0,4.0,GDDR5,128,112.0,896,,,2.11,2.11,0.13,45,,14,3.0,123.0,GlobalFoundries,PCIe 3.0 x8,,1.0,https://www.techpowerup.com/gpu-specs/radeon-rx-560-896sp.c3082
AMD,Radeon RX 560 Mobile,Baffin,GCN 4.0,Polaris Mobile(RX M500),2017-01-05,1000.0,1053.0,1500.0,4.0,GDDR5,128,96.0,896,,,1.89,1.89,0.12,55,,14,3.0,123.0,GlobalFoundries,MXM-B (3.0),,1.0,https://www.techpowerup.com/gpu-specs/radeon-rx-560-mobile.c3071
AMD,Radeon RX 560D,Polaris 21,GCN 4.0,Polaris(RX 500),2017-07-04,1090.0,1175.0,1500.0,4.0,GDDR5,128,96.0,896,,,2.11,2.11,0.13,65,,14,3.0,123.0,GlobalFoundries,PCIe 3.0 x8,,1.0,https://www.techpowerup.com/gpu-specs/radeon-rx-560d.c2990
AMD,Radeon RX 570,Polaris 20,GCN 4.0,Polaris(RX 500),2017-04-18,1168.0,1244.0,1750.0,4.0,GDDR5,256,224.0,2048,,,5.09,5.09,0.32,150,,14,5.7,232.0,GlobalFoundries,PCIe 3.0 x16,,2.0,https://www.techpowerup.com/gpu-specs/radeon-rx-570.c2939
AMD,Radeon RX 570 Mobile,Ellesmere,GCN 4.0,Polaris Mobile(RX M500),2017-12-10,926.0,1206.0,1650.0,8.0,GDDR5,256,211.2,2048,,,4.94,4.94,0.31,85,,14,5.7,232.0,GlobalFoundries,MXM-B (3.0),,2.0,https://www.techpowerup.com/gpu-specs/radeon-rx-570-mobile.c3068
AMD,Radeon RX 580,Polaris 20,GCN 4.0,Polaris(RX 500),2017-04-18,1257.0,1340.0,2000.0,8.0,GDDR5,256,256.0,2304,,,6.17,6.17,0.39,185,,14,5.7,232.0,GlobalFoundries,PCIe 3.0 x16,,2.0,https://www.techpowerup.com/gpu-specs/radeon-rx-580.c2938
AMD,Radeon RX 580 Mobile,Polaris 20,GCN 4.0,Polaris Mobile(RX M500),2017-04-18,1000.0,1077.0,2000.0,8.0,GDDR5,256,256.0,2304,,,4.96,4.96,0.31,100,,14,5.7,232.0,GlobalFoundries,MXM-B (3.0),,2.0,https://www.techpowerup.com/gpu-specs/radeon-rx-580-mobile.c3067
AMD,Radeon RX Vega 10 Mobile,Raven-M,GCN 5.0,Vega IGP(Raven Ridge-M),2017-10-26,300.0,1301.0,,,System Shared,,,640,,,1.67,3.33,0.1,10,,14,4.94,210.0,GlobalFoundries,IGP,,,https://www.techpowerup.com/gpu-specs/radeon-rx-vega-10-mobile.c3053
AMD,Radeon RX Vega 56,Vega 10,GCN 5.0,Vega(RX Vega),2017-08-14,1156.0,1471.0,800.0,8.0,HBM2,2048,409.6,3584,,,10.54,21.09,0.66,210,,14,12.5,495.0,GlobalFoundries,PCIe 3.0 x16,,4.0,https://www.techpowerup.com/gpu-specs/radeon-rx-vega-56.c2993
AMD,Radeon RX Vega 64,Vega 10,GCN 5.0,Vega(RX Vega),2017-08-07,1247.0,1546.0,945.0,8.0,HBM2,2048,483.8,4096,,,12.66,25.33,0.79,295,,14,12.5,495.0,GlobalFoundries,PCIe 3.0 x16,,4.0,https://www.techpowerup.com/gpu-specs/radeon-rx-vega-64.c2871
AMD,Radeon RX Vega 64 Limited Edition,Vega 10,GCN 5.0,Vega(RX Vega),2017-08-07,1247.0,1546.0,945.0,8.0,HBM2,2048,483.8,4096,,,12.66,25.33,0.79,295,,14,12.5,495.0,GlobalFoundries,PCIe 3.0 x16,,4.0,https://www.techpowerup.com/gpu-specs/radeon-rx-vega-64-limited-edition.c2995
AMD,Radeon RX Vega 64 Liquid Cooling,Vega 10,GCN 5.0,Vega(RX Vega),2017-08-07,1406.0,1677.0,945.0,8.0,HBM2,2048,483.8,4096,,,13.74,27.48,0.86,345,,14,12.5,495.0,GlobalFoundries,PCIe 3.0 x16,,4.0,https://www.techpowerup.com/gpu-specs/radeon-rx-vega-64-liquid-cooling.c2992
AMD,Radeon Vega 8 Mobile,Picasso-M,GCN 5.0,Vega IGP(Picasso Mobile),2019-04-08,300.0,1200.0,,,System Shared,,,512,,,1.23,2.46,0.08,15,,12,4.94,210.0,GlobalFoundries,IGP,,,https://www.techpowerup.com/gpu-specs/radeon-vega-8-mobile.c3596
AMD,Radeon Vega Frontier Edition,Vega 10,GCN 5.0,Radeon Pro Vega(Vega Series),2017-06-27,1382.0,1600.0,945.0,16.0,HBM2,2048,483.8,4096,,,13.11,26.21,0.82,300,,14,12.5,495.0,GlobalFoundries,PCIe 3.0 x16,,4.0,https://www.techpowerup.com/gpu-specs/radeon-vega-frontier-edition.c2958
AMD,Radeon Vega Frontier Edition Watercooled,Vega 10,GCN 5.0,Radeon Pro Vega(Vega Series),2017-07-13,1382.0,1600.0,945.0,16.0,HBM2,2048,483.8,4096,,,13.11,26.21,0.82,375,,14,12.5,495.0,GlobalFoundries,PCIe 3.0 x16,,4.0,https://www.techpowerup.com/gpu-specs/radeon-vega-frontier-edition-watercooled.c2982
AMD,Xbox One X GPU,Scorpio,GCN 2.0,Console GPU(Microsoft),2017-11-07,1172.0,1172.0,1700.0,12.0,GDDR5,384,326.4,2560,,,6.0,6.0,,150,,16,7.0,359.0,TSMC,,,,https://www.techpowerup.com/gpu-specs/xbox-one-x-gpu.c2977
Intel,Iris Plus Graphics 640 Mobile,Kaby Lake GT3e,Generation 9.5,HD Graphics-M(Kaby Lake),2017-01-03,300.0,1100.0,,,System Shared,,,384,,,0.84,1.69,0.21,15,,14,,,Intel,Ring Bus,,,https://www.techpowerup.com/gpu-specs/iris-plus-graphics-640-mobile.c2963
Intel,Iris Plus Graphics 650 Mobile,Kaby Lake GT3e,Generation 9.5,HD Graphics-M(Kaby Lake),2017-01-03,300.0,1150.0,,,System Shared,,,384,,,0.88,1.77,0.22,15,,14,,,Intel,Ring Bus,,,https://www.techpowerup.com/gpu-specs/iris-plus-graphics-650-mobile.c2964
Intel,UHD Graphics 600 Mobile,Gemini Lake GT1,Generation 9.5,HD Graphics-T(Goldmont Plus),2017-12-11,200.0,650.0,,,System Shared,,,96,,,0.12,0.25,0.03,5,,14,,,Intel,Ring Bus,,,https://www.techpowerup.com/gpu-specs/uhd-graphics-600-mobile.c3065
Intel,UHD Graphics 605 Mobile,Gemini Lake GT1.5,Generation 9.5,HD Graphics-T(Goldmont Plus),2017-12-11,200.0,750.0,,,System Shared,,,144,,,0.22,0.43,0.05,5,,14,,,Intel,Ring Bus,,,https://www.techpowerup.com/gpu-specs/uhd-graphics-605-mobile.c3101
Intel,UHD Graphics 620 Mobile,Whiskey Lake GT2,Generation 9.5,HD Graphics-M(Whiskey Lake),2018-08-28,300.0,1000.0,,,System Shared,,,192,,,0.38,0.77,0.1,15,,14,,,Intel,Ring Bus,,,https://www.techpowerup.com/gpu-specs/uhd-graphics-620-mobile.c3381
Intel,UHD Graphics 630,Comet Lake GT2,Generation 9.5,HD Graphics(Comet Lake),2020-04-30,350.0,1200.0,,,System Shared,,,192,,,0.46,0.92,0.12,15,,14,,,Intel,Ring Bus,,,https://www.techpowerup.com/gpu-specs/uhd-graphics-630.c3600
NVIDIA,GeForce GT 1030 DDR4,GP108,Pascal,GeForce 10,2018-03-12,1152.0,1379.0,1050.0,2.0,DDR4,64,16.8,384,,,1.06,0.02,0.03,20,6.1,14,1.8,74.0,Samsung,PCIe 3.0 x4,3,0.5,https://www.techpowerup.com/gpu-specs/geforce-gt-1030-ddr4.c3187
NVIDIA,GeForce GT 1030 GK107,GK107,Kepler,GeForce 10,2018-09-30,1058.0,1058.0,1250.0,2.0,GDDR5,128,80.0,384,,,0.81,,0.03,65,3.0,28,1.27,118.0,TSMC,PCIe 3.0 x16,,0.25,https://www.techpowerup.com/gpu-specs/geforce-gt-1030-gk107.c3454
NVIDIA,GeForce GTX 1050 3 GB,GP107,Pascal,GeForce 10,2018-05-21,1392.0,1518.0,1752.0,3.0,GDDR5,96,84.1,768,,,2.33,0.04,0.07,75,6.1,14,3.3,132.0,Samsung,PCIe 3.0 x16,6,0.75,https://www.techpowerup.com/gpu-specs/geforce-gtx-1050-3-gb.c3257
NVIDIA,GeForce GTX 1050 Max-Q,GP107,Pascal,GeForce 10 Mobile,2018-01-03,1000.0,1139.0,1752.0,4.0,GDDR5,128,112.1,640,,,1.46,0.02,0.05,75,6.1,14,3.3,132.0,Samsung,PCIe 3.0 x16,5,1.0,https://www.techpowerup.com/gpu-specs/geforce-gtx-1050-max-q.c3074
NVIDIA,GeForce GTX 1050 Ti Max-Q,GP107,Pascal,GeForce 10 Mobile,2018-01-03,1152.0,1291.0,1752.0,4.0,GDDR5,128,112.1,768,,,1.98,0.03,0.06,75,6.1,14,3.3,132.0,Samsung,PCIe 3.0 x16,6,1.0,https://www.techpowerup.com/gpu-specs/geforce-gtx-1050-ti-max-q.c3075
NVIDIA,GeForce GTX 1060 6 GB GDDR5X,GP104,Pascal,GeForce 10,2018-10-18,1506.0,1709.0,1001.0,6.0,GDDR5X,192,192.2,1280,,,4.38,0.07,0.14,120,6.1,16,7.2,314.0,TSMC,PCIe 3.0 x16,10,1.5,https://www.techpowerup.com/gpu-specs/geforce-gtx-1060-6-gb-gddr5x.c3328
NVIDIA,GeForce GTX 1060 6 GB GP104,GP104,Pascal,GeForce 10,2018-03-08,1506.0,1708.0,2002.0,6.0,GDDR5,192,192.2,1280,,,4.37,0.07,0.14,120,6.1,16,7.2,314.0,TSMC,PCIe 3.0 x16,10,1.5,https://www.techpowerup.com/gpu-specs/geforce-gtx-1060-6-gb-gp104.c3250
NVIDIA,GeForce GTX 1060 6 GB Rev. 2,GP106,Pascal,GeForce 10,2018-01-05,1506.0,1709.0,2002.0,6.0,GDDR5,192,192.2,1280,,,4.38,0.07,0.14,120,6.1,16,4.4,200.0,TSMC,PCIe 3.0 x16,10,1.5,https://www.techpowerup.com/gpu-specs/geforce-gtx-1060-6-gb-rev-2.c3063
NVIDIA,GeForce GTX 1070 GDDR5X,GP104,Pascal,GeForce 10,2018-12-04,1506.0,1683.0,1001.0,8.0,GDDR5X,256,256.3,1920,,,6.46,0.1,0.2,150,6.1,16,7.2,314.0,TSMC,PCIe 3.0 x16,15,2.0,https://www.techpowerup.com/gpu-specs/geforce-gtx-1070-gddr5x.c3343
NVIDIA,GeForce RTX 2070,TU106,Turing,GeForce 20,2018-10-17,1410.0,1620.0,1750.0,8.0,GDDR6,256,448.0,2304,288,36,7.46,14.93,0.23,175,7.5,12,10.8,445.0,TSMC,PCIe 3.0 x16,36,4.0,https://www.techpowerup.com/gpu-specs/geforce-rtx-2070.c3252
NVIDIA,GeForce RTX 2080,TU104,Turing,GeForce 20,2018-09-20,1515.0,1710.0,1750.0,8.0,GDDR6,256,448.0,2944,368,46,10.07,20.14,0.31,215,7.5,12,13.6,545.0,TSMC,PCIe 3.0 x16,46,4.0,https://www.techpowerup.com/gpu-specs/geforce-rtx-2080.c3224
NVIDIA,GeForce RTX 2080 Ti,TU102,Turing,GeForce 20,2018-09-20,1350.0,1545.0,1750.0,11.0,GDDR6,352,616.0,4352,544,68,13.45,26.9,0.42,250,7.5,12,18.6,754.0,TSMC,PCIe 3.0 x16,68,5.5,https://www.techpowerup.com/gpu-specs/geforce-rtx-2080-ti.c3305
NVIDIA,Jetson AGX Xavier 16 GB,GV10B,Volta,Tegra(Volta),2018-10-01,854.0,1377.0,2133.0,16.0,LPDDR4X,256,136.5,512,64,,1.41,2.82,0.7,30,7.2,12,9.0,350.0,TSMC,PCIe 4.0 x4,8,0.5,https://www.techpowerup.com/gpu-specs/jetson-agx-xavier-16-gb.c3232
NVIDIA,Jetson AGX Xavier 32 GB,GV10B,Volta,Tegra(Volta),2018-10-01,854.0,1377.0,2133.0,32.0,LPDDR4X,256,136.5,512,64,,1.41,2.82,0.7,30,7.2,12,9.0,350.0,TSMC,PCIe 4.0 x4,8,0.5,https://www.techpowerup.com/gpu-specs/jetson-agx-xavier-32-gb.c4088
NVIDIA,P102-100,GP102,Pascal,Mining GPUs,2018-02-12,1582.0,1683.0,1376.0,5.0,GDDR5X,320,440.3,3200,,,10.77,0.17,0.34,250,6.1,16,11.8,471.0,TSMC,PCIe 1.0 x4,25,2.5,https://www.techpowerup.com/gpu-specs/p102-100.c3100
NVIDIA,P102-101,GP102,Pascal,Mining GPUs,2018-01-01,1557.0,1670.0,2002.0,10.0,GDDR5,320,320.3,3200,,,10.69,0.17,0.33,250,6.1,16,11.8,471.0,TSMC,PCIe 3.0 x4,25,2.5,https://www.techpowerup.com/gpu-specs/p102-101.c3284
NVIDIA,P104-101,GP104,Pascal,Mining GPUs,2018-01-05,1506.0,1683.0,2002.0,4.0,GDDR5,256,256.3,2560,,,8.62,0.13,0.27,,6.1,16,7.2,314.0,TSMC,PCIe 1.0 x4,20,2.0,https://www.techpowerup.com/gpu-specs/p104-101.c3064
NVIDIA,Quadro GV100,GV100,Volta,Quadro Volta(Vx000),2018-03-27,1132.0,1627.0,848.0,32.0,HBM2,4096,868.4,5120,640,,16.66,33.32,8.33,250,7.0,12,21.1,815.0,TSMC,PCIe 3.0 x16,80,6.0,https://www.techpowerup.com/gpu-specs/quadro-gv100.c3066
NVIDIA,Quadro P3200 Max-Q,GP104,Pascal,Quadro Pascal-M(Px200),2018-02-21,1139.0,1404.0,1753.0,6.0,GDDR5,192,168.3,1792,,,5.03,0.08,0.16,75,6.1,16,7.2,314.0,TSMC,MXM-B (3.0),14,1.5,https://www.techpowerup.com/gpu-specs/quadro-p3200-max-q.c3315
NVIDIA,Quadro P3200 Mobile,GP104,Pascal,Quadro Pascal-M(Px200),2018-02-21,1328.0,1543.0,1752.0,6.0,GDDR5,192,168.2,1792,,,5.53,0.09,0.17,75,6.1,16,7.2,314.0,TSMC,MXM-B (3.0),14,1.5,https://www.techpowerup.com/gpu-specs/quadro-p3200-mobile.c3147
NVIDIA,Quadro P4200 Max-Q,GP104,Pascal,Quadro Pascal-M(Px200),2018-02-21,1215.0,1480.0,1753.0,8.0,GDDR5,256,224.4,2304,,,6.82,0.11,0.21,100,6.1,16,7.2,314.0,TSMC,MXM-B (3.0),18,2.0,https://www.techpowerup.com/gpu-specs/quadro-p4200-max-q.c4004
NVIDIA,Quadro P4200 Mobile,GP104,Pascal,Quadro Pascal-M(Px200),2018-02-21,1418.0,1594.0,1753.0,8.0,GDDR5,256,224.4,2304,,,7.34,0.11,0.23,100,6.1,16,7.2,314.0,TSMC,MXM-B (3.0),18,2.0,https://www.techpowerup.com/gpu-specs/quadro-p4200-mobile.c3199
NVIDIA,Quadro P500 Mobile,GP108,Pascal,Quadro Pascal-M(Px000),2018-01-05,1455.0,1519.0,1253.0,2.0,GDDR5,64,40.1,256,,,0.78,0.01,0.02,18,6.1,14,1.8,74.0,Samsung,PCIe 3.0 x16,2,0.5,https://www.techpowerup.com/gpu-specs/quadro-p500-mobile.c3261
NVIDIA,Quadro P5200 Max-Q,GP104,Pascal,Quadro Pascal-M(Px200),2018-02-21,1316.0,1569.0,1804.0,16.0,GDDR5,256,230.9,2560,,,8.03,0.13,0.25,100,6.1,16,7.2,314.0,TSMC,MXM-B (3.0),20,2.0,https://www.techpowerup.com/gpu-specs/quadro-p5200-max-q.c3347
NVIDIA,Quadro P5200 Mobile,GP104,Pascal,Quadro Pascal-M(Px200),2018-02-21,1582.0,1759.0,1804.0,16.0,GDDR5,256,230.9,2560,,,9.01,0.14,0.28,100,6.1,16,7.2,314.0,TSMC,MXM-B (3.0),20,2.0,https://www.techpowerup.com/gpu-specs/quadro-p5200-mobile.c3020
NVIDIA,Quadro P620,GP107,Pascal,Quadro Pascal(Px200),2018-02-01,1266.0,1354.0,1252.0,2.0,GDDR5,128,80.13,512,,,1.39,0.02,0.04,40,6.1,14,3.3,132.0,Samsung,PCIe 3.0 x16,4,1.0,https://www.techpowerup.com/gpu-specs/quadro-p620.c3085
NVIDIA,Quadro P620 Mobile,GP107,Pascal,Quadro Pascal-M(Px200),2018-02-01,1177.0,1443.0,1502.0,4.0,GDDR5,128,96.13,512,,,1.48,0.02,0.05,40,6.1,14,3.3,132.0,Samsung,PCIe 3.0 x16,4,1.0,https://www.techpowerup.com/gpu-specs/quadro-p620-mobile.c3456
NVIDIA,Quadro RTX 4000,TU104,Turing,Quadro Turing(Tx000),2018-11-13,1005.0,1545.0,1625.0,8.0,GDDR6,256,416.0,2304,288,36,7.12,14.24,0.22,160,7.5,12,13.6,545.0,TSMC,PCIe 3.0 x16,36,4.0,https://www.techpowerup.com/gpu-specs/quadro-rtx-4000.c3336
NVIDIA,Quadro RTX 5000,TU104,Turing,Quadro Turing(Tx000),2018-08-13,1620.0,1815.0,1750.0,16.0,GDDR6,256,448.0,3072,384,48,11.15,22.3,0.35,230,7.5,12,13.6,545.0,TSMC,PCIe 3.0 x16,48,4.0,https://www.techpowerup.com/gpu-specs/quadro-rtx-5000.c3308
NVIDIA,Quadro RTX 6000,TU102,Turing,Quadro Turing(Tx000),2018-08-13,1440.0,1770.0,1750.0,24.0,GDDR6,384,672.0,4608,576,72,16.31,32.62,0.51,260,7.5,12,18.6,754.0,TSMC,PCIe 3.0 x16,72,6.0,https://www.techpowerup.com/gpu-specs/quadro-rtx-6000.c3307
NVIDIA,Quadro RTX 6000 Passive,TU102,Turing,Quadro Turing(Tx000),2018-08-13,1275.0,1620.0,1625.0,24.0,GDDR6,384,624.0,4608,576,72,14.93,29.86,0.47,260,7.5,12,18.6,754.0,TSMC,PCIe 3.0 x16,72,6.0,https://www.techpowerup.com/gpu-specs/quadro-rtx-6000-passive.c3469
NVIDIA,Quadro RTX 8000,TU102,Turing,Quadro Turing(Tx000),2018-08-13,1395.0,1770.0,1750.0,48.0,GDDR6,384,672.0,4608,576,72,16.31,32.62,0.51,260,7.5,12,18.6,754.0,TSMC,PCIe 3.0 x16,72,6.0,https://www.techpowerup.com/gpu-specs/quadro-rtx-8000.c3306
NVIDIA,Quadro RTX 8000 Passive,TU102,Turing,Quadro Turing(Tx000),2018-08-13,1230.0,1620.0,1625.0,48.0,GDDR6,384,624.0,4608,576,72,14.93,29.86,0.47,260,7.5,12,18.6,754.0,TSMC,PCIe 3.0 x16,72,6.0,https://www.techpowerup.com/gpu-specs/quadro-rtx-8000-passive.c3470
NVIDIA,Tesla T4,TU104,Turing,Tesla Turing(Txx),2018-09-13,585.0,1590.0,1250.0,16.0,GDDR6,256,320.0,2560,320,40,8.14,65.13,0.25,70,7.5,12,13.6,545.0,TSMC,PCIe 3.0 x16,40,4.0,https://www.techpowerup.com/gpu-specs/tesla-t4.c3316
NVIDIA,Tesla T4G,TU104,Turing,Tesla Turing(Txx),2018-09-13,585.0,1590.0,1250.0,16.0,GDDR6,256,320.0,2560,320,40,8.14,65.13,0.25,70,7.5,12,13.6,545.0,TSMC,PCIe 3.0 x16,40,4.0,https://www.techpowerup.com/gpu-specs/tesla-t4g.c4134
NVIDIA,Tesla V100 DGXS 16 GB,GV100,Volta,Tesla Volta(Vxx),2018-03-27,1354.0,1582.0,876.0,16.0,HBM2,4096,897.0,5120,640,,16.2,32.4,8.1,250,7.0,12,21.1,815.0,TSMC,PCIe 3.0 x16,80,6.0,https://www.techpowerup.com/gpu-specs/tesla-v100-dgxs-16-gb.c3763
NVIDIA,Tesla V100 DGXS 32 GB,GV100,Volta,Tesla Volta(Vxx),2018-03-27,1297.0,1530.0,876.0,32.0,HBM2,4096,897.0,5120,640,,15.67,31.33,7.83,250,7.0,12,21.1,815.0,TSMC,PCIe 3.0 x16,80,6.0,https://www.techpowerup.com/gpu-specs/tesla-v100-dgxs-32-gb.c3186
NVIDIA,Tesla V100 FHHL,GV100,Volta,Tesla Volta(Vxx),2018-03-27,937.0,1290.0,808.0,16.0,HBM2,4096,827.4,5120,640,,13.21,26.42,6.61,250,7.0,12,21.1,815.0,TSMC,PCIe 3.0 x16,80,6.0,https://www.techpowerup.com/gpu-specs/tesla-v100-fhhl.c3248
NVIDIA,Tesla V100 PCIe 32 GB,GV100,Volta,Tesla Volta(Vxx),2018-03-27,1230.0,1380.0,876.0,32.0,HBM2,4096,897.0,5120,640,,14.13,28.26,7.07,250,7.0,12,21.1,815.0,TSMC,PCIe 3.0 x16,80,6.0,https://www.techpowerup.com/gpu-specs/tesla-v100-pcie-32-gb.c3184
NVIDIA,Tesla V100 SXM2 32 GB,GV100,Volta,Tesla Volta(Vxx),2018-03-27,1290.0,1530.0,877.0,32.0,HBM2,4096,898.0,5120,640,,15.67,31.33,7.83,250,7.0,12,21.1,815.0,TSMC,PCIe 3.0 x16,80,6.0,https://www.techpowerup.com/gpu-specs/tesla-v100-sxm2-32-gb.c3185
NVIDIA,Tesla V100 SXM3 32 GB,GV100,Volta,Tesla Volta(Vxx),2018-03-27,1380.0,1597.0,958.0,32.0,HBM2,4096,981.0,5120,640,,16.35,32.71,8.18,250,7.0,12,21.1,815.0,TSMC,PCIe 3.0 x16,80,6.0,https://www.techpowerup.com/gpu-specs/tesla-v100-sxm3-32-gb.c3472
NVIDIA,TITAN RTX,TU102,Turing,GeForce 20,2018-12-18,1350.0,1770.0,1750.0,24.0,GDDR6,384,672.0,4608,576,72,16.31,32.62,0.51,280,7.5,12,18.6,754.0,TSMC,PCIe 3.0 x16,72,6.0,https://www.techpowerup.com/gpu-specs/titan-rtx.c3311
NVIDIA,TITAN V CEO Edition,GV100,Volta,GeForce 10,2018-06-21,1200.0,1455.0,848.0,32.0,HBM2,4096,868.4,5120,640,,14.9,29.8,7.45,250,7.0,12,21.1,815.0,TSMC,PCIe 3.0 x16,80,6.0,https://www.techpowerup.com/gpu-specs/titan-v-ceo-edition.c3277
AMD,Radeon 540X Mobile,Polaris 23,GCN 4.0,Polaris Mobile(M500X),2019-02-11,980.0,1095.0,1000.0,2.0,GDDR5,64,32.0,512,,,1.12,1.12,0.07,50,,14,2.2,103.0,GlobalFoundries,PCIe 3.0 x8,,0.5,https://www.techpowerup.com/gpu-specs/radeon-540x-mobile.c3415
AMD,Radeon 550X 640SP,Lexa,GCN 4.0,Polaris(RX 500X),2018-04-11,1019.0,1071.0,1500.0,4.0,GDDR5,64,48.0,640,,,1.37,1.37,0.09,50,,14,2.2,103.0,GlobalFoundries,PCIe 3.0 x8,,0.25,https://www.techpowerup.com/gpu-specs/radeon-550x-640sp.c3206
AMD,Radeon 550X Mobile,Polaris 23,GCN 4.0,Polaris Mobile(M500X),2018-04-11,1082.0,1082.0,1000.0,2.0,GDDR5,64,32.0,640,,,1.39,1.39,0.09,50,,14,2.2,103.0,GlobalFoundries,PCIe 3.0 x8,,0.25,https://www.techpowerup.com/gpu-specs/radeon-550x-mobile.c3207
AMD,Radeon Instinct MI50,Vega 20,GCN 5.1,Radeon Instinct(MIx),2018-11-18,1200.0,1746.0,1000.0,16.0,HBM2,4096,1020.0,3840,,,13.41,26.82,6.71,300,,7,13.23,331.0,TSMC,PCIe 4.0 x16,,4.0,https://www.techpowerup.com/gpu-specs/radeon-instinct-mi50.c3335
AMD,Radeon Instinct MI60,Vega 20,GCN 5.1,Radeon Instinct(MIx),2018-11-18,1200.0,1800.0,1000.0,32.0,HBM2,4096,1020.0,4096,,,14.75,29.49,7.37,300,,7,13.23,331.0,TSMC,PCIe 4.0 x16,,4.0,https://www.techpowerup.com/gpu-specs/radeon-instinct-mi60.c3233
AMD,Radeon Pro 555X,Polaris 21,GCN 4.0,Radeon Pro Mac(500X Series),2018-07-16,907.0,907.0,1470.0,4.0,GDDR5,128,94.08,768,,,1.39,1.39,0.09,75,,14,3.0,123.0,GlobalFoundries,PCIe 3.0 x8,,1.0,https://www.techpowerup.com/gpu-specs/radeon-pro-555x.c3283
AMD,Radeon Pro 560X,Polaris 21,GCN 4.0,Radeon Pro Mac(500X Series),2018-07-16,1004.0,1004.0,1470.0,4.0,GDDR5,128,94.08,1024,,,2.06,2.06,0.13,75,,14,3.0,123.0,GlobalFoundries,PCIe 3.0 x8,,1.0,https://www.techpowerup.com/gpu-specs/radeon-pro-560x.c3282
AMD,Radeon Pro V340 16 GB,Vega 10,GCN 5.0,Radeon Pro Vega(Vega Series),2018-08-26,852.0,1500.0,945.0,16.0,HBM2,2048,483.8,3584,,,10.75,21.5,0.67,230,,14,12.5,495.0,GlobalFoundries,PCIe 3.0 x16,,4.0,https://www.techpowerup.com/gpu-specs/radeon-pro-v340-16-gb.c3267
AMD,Radeon Pro V340 8 GB,Vega 10,GCN 5.0,Radeon Pro Vega(Vega Series),2018-08-26,852.0,1500.0,945.0,8.0,HBM2,2048,483.8,3584,,,10.75,21.5,0.67,230,,14,12.5,495.0,GlobalFoundries,PCIe 3.0 x16,,4.0,https://www.techpowerup.com/gpu-specs/radeon-pro-v340-8-gb.c3977
AMD,Radeon Pro Vega 16,Vega 12,GCN 5.0,Radeon Pro Mac(Vega Series),2018-11-14,815.0,1190.0,1200.0,4.0,HBM2,1024,307.2,1024,,,2.44,4.87,0.15,75,,14,,,GlobalFoundries,PCIe 3.0 x16,,1.0,https://www.techpowerup.com/gpu-specs/radeon-pro-vega-16.c3331
AMD,Radeon Pro Vega 20,Vega 12,GCN 5.0,Radeon Pro Mac(Vega Series),2018-11-14,815.0,1283.0,740.0,4.0,HBM2,1024,189.4,1280,,,3.28,6.57,0.21,100,,14,,,GlobalFoundries,PCIe 3.0 x16,,1.0,https://www.techpowerup.com/gpu-specs/radeon-pro-vega-20.c3263
AMD,Radeon Pro WX 8200,Vega 10,GCN 5.0,Radeon Pro Polaris(WX x200),2018-08-13,1200.0,1500.0,1000.0,8.0,HBM2,2048,512.0,3584,,,10.75,21.5,0.67,230,,14,12.5,495.0,GlobalFoundries,PCIe 3.0 x16,,4.0,https://www.techpowerup.com/gpu-specs/radeon-pro-wx-8200.c3303
AMD,Radeon Pro WX Vega M GL,Polaris 22,GCN 4.0,Vega(Vega M),2018-04-24,931.0,1011.0,700.0,4.0,HBM2,1024,179.2,1280,,,2.59,2.59,0.16,65,,14,5.0,208.0,GlobalFoundries,IGP,,1.0,https://www.techpowerup.com/gpu-specs/radeon-pro-wx-vega-m-gl.c3352
AMD,Radeon RX 540X Mobile,Polaris 23,GCN 4.0,Polaris Mobile(RX M500X),2018-04-11,1124.0,1211.0,1500.0,2.0,GDDR5,128,96.0,512,,,1.24,1.24,0.08,50,,14,2.2,103.0,GlobalFoundries,PCIe 3.0 x8,,0.5,https://www.techpowerup.com/gpu-specs/radeon-rx-540x-mobile.c3204
AMD,Radeon RX 550X,Lexa,GCN 4.0,Polaris(RX 500X),2018-12-16,1100.0,1183.0,1500.0,4.0,GDDR5,128,96.0,512,,,1.21,1.21,0.08,50,,14,2.2,103.0,GlobalFoundries,PCIe 3.0 x8,,0.5,https://www.techpowerup.com/gpu-specs/radeon-rx-550x.c3194
AMD,Radeon RX 550X 640SP,Baffin,GCN 4.0,Polaris(RX 500X),2018-04-11,1019.0,1071.0,1500.0,2.0,GDDR5,128,96.0,640,,,1.37,1.37,0.09,60,,14,3.0,123.0,GlobalFoundries,PCIe 3.0 x8,,1.0,https://www.techpowerup.com/gpu-specs/radeon-rx-550x-640sp.c3203
AMD,Radeon RX 550X Mobile,Polaris 23,GCN 4.0,Polaris Mobile(RX M500X),2018-04-11,1100.0,1176.0,1500.0,2.0,GDDR5,64,48.0,640,,,1.5,1.5,0.09,50,,14,2.2,103.0,GlobalFoundries,PCIe 3.0 x8,,0.5,https://www.techpowerup.com/gpu-specs/radeon-rx-550x-mobile.c3205
AMD,Radeon RX 560DX,Polaris 21,GCN 4.0,Polaris(RX 500X),2018-04-11,1090.0,1175.0,1500.0,4.0,GDDR5,128,96.0,896,,,2.11,2.11,0.13,65,,14,3.0,123.0,GlobalFoundries,PCIe 3.0 x8,,1.0,https://www.techpowerup.com/gpu-specs/radeon-rx-560dx.c3198
AMD,Radeon RX 560X,Polaris 21,GCN 4.0,Polaris(RX 500X),2018-04-11,1175.0,1275.0,1750.0,4.0,GDDR5,128,112.0,1024,,,2.61,2.61,0.16,75,,14,3.0,123.0,GlobalFoundries,PCIe 3.0 x8,,1.0,https://www.techpowerup.com/gpu-specs/radeon-rx-560x.c3193
AMD,Radeon RX 560X Mobile,Polaris 31,GCN 4.0,Polaris Mobile(RX M500X),2019-01-09,1223.0,1223.0,1750.0,4.0,GDDR5,128,112.0,896,,,2.19,2.19,0.14,65,,14,3.0,123.0,GlobalFoundries,PCIe 3.0 x16,,1.0,https://www.techpowerup.com/gpu-specs/radeon-rx-560x-mobile.c3357
AMD,Radeon RX 570X,Polaris 20,GCN 4.0,Polaris(RX 500X),2018-04-11,1168.0,1244.0,1750.0,8.0,GDDR5,256,224.0,2048,,,5.09,5.09,0.32,150,,14,5.7,232.0,GlobalFoundries,PCIe 3.0 x16,,2.0,https://www.techpowerup.com/gpu-specs/radeon-rx-570x.c3192
AMD,Radeon RX 580 2048SP,Polaris 20,GCN 4.0,Polaris(RX 500),2018-10-15,1168.0,1284.0,1750.0,4.0,GDDR5,256,224.0,2048,,,5.26,5.26,0.33,150,,14,5.7,232.0,GlobalFoundries,PCIe 3.0 x16,,2.0,https://www.techpowerup.com/gpu-specs/radeon-rx-580-2048sp.c3321
AMD,Radeon RX 580G,Polaris 20,GCN 4.0,Polaris(RX 500),2018-10-15,1257.0,1330.0,2000.0,8.0,GDDR5,256,256.0,2304,,,6.13,6.13,0.38,185,,14,5.7,232.0,GlobalFoundries,PCIe 3.0 x16,,2.0,https://www.techpowerup.com/gpu-specs/radeon-rx-580g.c3323
AMD,Radeon RX 580X,Polaris 20,GCN 4.0,Polaris(RX 500X),2018-04-11,1257.0,1340.0,2000.0,8.0,GDDR5,256,256.0,2304,,,6.17,6.17,0.39,185,,14,5.7,232.0,GlobalFoundries,PCIe 3.0 x16,,2.0,https://www.techpowerup.com/gpu-specs/radeon-rx-580x.c3190
AMD,Radeon RX 580X Mobile,Polaris 20,GCN 4.0,Polaris Mobile(RX M500X),2018-04-11,1266.0,1266.0,2000.0,8.0,GDDR5,256,256.0,2304,,,5.83,5.83,0.36,100,,14,5.7,232.0,GlobalFoundries,MXM-B (3.0),,2.0,https://www.techpowerup.com/gpu-specs/radeon-rx-580x-mobile.c3235
AMD,Radeon RX 590,Polaris 30,GCN 4.0,Polaris(RX 500),2018-11-15,1469.0,1545.0,2000.0,8.0,GDDR5,256,256.0,2304,,,7.12,7.12,0.45,175,,12,5.7,232.0,GlobalFoundries,PCIe 3.0 x16,,2.0,https://www.techpowerup.com/gpu-specs/radeon-rx-590.c3322
AMD,Radeon RX Vega 11,Picasso,GCN 5.0,Vega IGP(Picasso),2019-07-07,300.0,1400.0,,,System Shared,,,704,,,1.97,3.94,0.12,15,,12,4.94,210.0,GlobalFoundries,IGP,,,https://www.techpowerup.com/gpu-specs/radeon-rx-vega-11.c3593
AMD,Radeon RX Vega 11 Embedded,Raven,GCN 5.0,Vega IGP(Raven Ridge),2018-04-19,300.0,1251.0,,,System Shared,,,704,,,1.76,3.52,0.11,25,,14,4.94,210.0,GlobalFoundries,IGP,,,https://www.techpowerup.com/gpu-specs/radeon-rx-vega-11-embedded.c3222
AMD,Radeon RX Vega 56 Mobile,Vega 10,GCN 5.0,Polaris Mobile(Vega),2018-06-01,1138.0,1301.0,800.0,8.0,HBM2,2048,409.6,3584,,,9.33,18.65,0.58,120,,14,12.5,495.0,GlobalFoundries,PCIe 3.0 x16,,4.0,https://www.techpowerup.com/gpu-specs/radeon-rx-vega-56-mobile.c3333
AMD,Radeon RX Vega M GH,Polaris 22,GCN 4.0,Vega(Vega M),2018-02-01,1063.0,1190.0,800.0,4.0,HBM2,1024,204.8,1536,,,3.66,3.66,0.23,100,,14,5.0,208.0,GlobalFoundries,IGP,,1.0,https://www.techpowerup.com/gpu-specs/radeon-rx-vega-m-gh.c3056
AMD,Radeon RX Vega M GL,Polaris 22,GCN 4.0,Vega(Vega M),2018-02-01,931.0,1011.0,700.0,4.0,HBM2,1024,179.2,1280,,,2.59,2.59,0.16,65,,14,5.0,208.0,GlobalFoundries,IGP,,1.0,https://www.techpowerup.com/gpu-specs/radeon-rx-vega-m-gl.c3061
AMD,Radeon Vega 11 Embedded,Raven,GCN 5.0,Vega IGP(Great Horned Owl),2018-02-13,300.0,1301.0,,,System Shared,,,704,,,1.83,3.66,0.11,25,,14,4.94,210.0,GlobalFoundries,IGP,,,https://www.techpowerup.com/gpu-specs/radeon-vega-11-embedded.c3213
AMD,Radeon Vega 3 Embedded,Picasso-M,GCN 5.0,Vega IGP(Picasso),2019-01-01,300.0,1200.0,,,System Shared,,,192,,,0.46,0.92,0.03,10,,12,4.94,210.0,GlobalFoundries,IGP,,,https://www.techpowerup.com/gpu-specs/radeon-vega-3-embedded.c3340
AMD,Radeon Vega 3 Mobile,Picasso-M,GCN 5.0,Vega IGP(Picasso Mobile),2020-01-06,300.0,1000.0,,,System Shared,,,192,,,0.38,0.77,0.02,15,,12,4.94,210.0,GlobalFoundries,IGP,,,https://www.techpowerup.com/gpu-specs/radeon-vega-3-mobile.c3592
AMD,Radeon Vega 6 Embedded,Raven,GCN 5.0,Vega IGP(Raven Ridge),2018-05-10,300.0,1280.0,,,System Shared,,,384,,,0.98,1.97,0.06,15,,14,4.94,210.0,GlobalFoundries,IGP,,,https://www.techpowerup.com/gpu-specs/radeon-vega-6-embedded.c3291
AMD,Radeon Vega 6 Mobile,Picasso-M,GCN 5.0,Vega IGP(Picasso Mobile),2019-01-06,300.0,1200.0,,,System Shared,,,384,,,0.92,1.84,0.06,15,,12,4.94,210.0,GlobalFoundries,IGP,,,https://www.techpowerup.com/gpu-specs/radeon-vega-6-mobile.c3615
AMD,Radeon Vega 8,Picasso,GCN 5.0,Vega IGP(Picasso),2019-07-07,300.0,1250.0,,,System Shared,,,512,,,1.28,2.56,0.08,15,,12,4.94,210.0,GlobalFoundries,IGP,,,https://www.techpowerup.com/gpu-specs/radeon-vega-8.c3286
AMD,Radeon Vega 8 Embedded,Raven,GCN 5.0,Vega IGP(Raven Ridge),2018-04-19,300.0,1101.0,,,System Shared,,,512,,,1.13,2.25,0.07,25,,14,4.94,210.0,GlobalFoundries,IGP,,,https://www.techpowerup.com/gpu-specs/radeon-vega-8-embedded.c3223
AMD,Zhongshan Subor Z+ GPU,Fenghuang,GCN 5.0,Console GPU(Zhongshan Subor),2018-08-03,1300.0,1300.0,1200.0,8.0,GDDR5,256,153.6,1536,,,3.99,7.99,0.25,100,,14,,397.0,TSMC,,,,https://www.techpowerup.com/gpu-specs/zhongshan-subor-z-gpu.c3301
Intel,Iris Plus Graphics 655 Mobile,Coffee Lake GT3e,Generation 9.5,HD Graphics-M(Coffee Lake),2018-04-03,300.0,1050.0,,,System Shared,,,384,,,0.81,1.61,0.2,15,,14,,,Intel,Ring Bus,,,https://www.techpowerup.com/gpu-specs/iris-plus-graphics-655-mobile.c3221
Intel,UHD Graphics 610,Comet Lake GT1,Generation 9.5,HD Graphics(Comet Lake),2020-04-30,350.0,1050.0,,,System Shared,,,96,,,0.2,0.4,0.05,15,,14,,,Intel,Ring Bus,,,https://www.techpowerup.com/gpu-specs/uhd-graphics-610.c3602
Intel,UHD Graphics 610 Mobile,Coffee Lake GT1,Generation 9.5,HD Graphics-M(Coffee Lake),2018-04-03,300.0,900.0,,,System Shared,,,96,,,0.17,0.35,0.04,15,,14,,,Intel,Ring Bus,,,https://www.techpowerup.com/gpu-specs/uhd-graphics-610-mobile.c3453
Intel,UHD Graphics 615 Mobile,Amber Lake GT2,Generation 9.5,HD Graphics-T(Amber Lake),2018-11-07,300.0,900.0,,,System Shared,,,192,,,0.35,0.69,0.09,15,,14,,,Intel,Ring Bus,,,https://www.techpowerup.com/gpu-specs/uhd-graphics-615-mobile.c3370
Intel,UHD Graphics 617 Mobile,Amber Lake GT2,Generation 9.5,HD Graphics-T(Amber Lake),2018-11-07,300.0,1050.0,,,System Shared,,,192,,,0.4,0.81,0.1,15,,14,,,Intel,Ring Bus,,,https://www.techpowerup.com/gpu-specs/uhd-graphics-617-mobile.c3338
Intel,UHD Graphics 630 Mobile,Coffee Lake GT2,Generation 9.5,HD Graphics-M(Coffee Lake),2018-04-03,350.0,1000.0,,,System Shared,,,192,,,0.38,0.77,0.1,15,,14,,,Intel,Ring Bus,,,https://www.techpowerup.com/gpu-specs/uhd-graphics-630-mobile.c3262
Intel,UHD Graphics P630,Comet Lake GT2,Generation 9.5,HD Graphics-W(Comet Lake),2020-05-13,350.0,1200.0,,,System Shared,,,192,,,0.46,0.92,0.12,15,,14,,,Intel,Ring Bus,,,https://www.techpowerup.com/gpu-specs/uhd-graphics-p630.c3676
Intel,UHD Graphics P630 Mobile,Comet Lake GT2,Generation 9.5,HD Graphics-WM(Comet Lake),2020-05-13,350.0,1250.0,,,System Shared,,,192,,,0.48,0.96,0.12,15,,14,,,Intel,Ring Bus,,,https://www.techpowerup.com/gpu-specs/uhd-graphics-p630-mobile.c3730
NVIDIA,GeForce GTX 1050 Mobile 3 GB,GP107,Pascal,GeForce 10 Mobile,2019-02-01,1366.0,1442.0,1752.0,3.0,GDDR5,96,84.1,768,,,2.21,0.03,0.07,75,6.1,14,3.3,132.0,Samsung,PCIe 3.0 x16,6,0.75,https://www.techpowerup.com/gpu-specs/geforce-gtx-1050-mobile-3-gb.c3408
NVIDIA,GeForce GTX 1650,TU117,Turing,GeForce 16,2019-04-23,1485.0,1665.0,2001.0,4.0,GDDR5,128,128.1,896,,,2.98,5.97,0.09,75,7.5,12,4.7,200.0,TSMC,PCIe 3.0 x16,14,1.0,https://www.techpowerup.com/gpu-specs/geforce-gtx-1650.c3366
NVIDIA,GeForce GTX 1650 Max-Q,TU117,Turing,GeForce 16 Mobile,2020-04-15,930.0,1125.0,1250.0,4.0,GDDR6,128,160.0,1024,,,2.3,4.61,0.07,30,7.5,12,4.7,200.0,TSMC,PCIe 3.0 x16,16,1.0,https://www.techpowerup.com/gpu-specs/geforce-gtx-1650-max-q.c3620
NVIDIA,GeForce GTX 1650 Mobile,TU117,Turing,GeForce 16 Mobile,2020-04-15,1380.0,1515.0,1500.0,4.0,GDDR6,128,192.0,1024,,,3.1,6.21,0.1,50,7.5,12,4.7,200.0,TSMC,PCIe 3.0 x16,16,1.0,https://www.techpowerup.com/gpu-specs/geforce-gtx-1650-mobile.c3633
NVIDIA,GeForce GTX 1650 SUPER,TU116,Turing,GeForce 16,2019-11-22,1530.0,1725.0,1500.0,4.0,GDDR6,128,192.0,1280,,,4.42,8.83,0.14,100,7.5,12,6.6,284.0,TSMC,PCIe 3.0 x16,20,1.0,https://www.techpowerup.com/gpu-specs/geforce-gtx-1650-super.c3411
NVIDIA,GeForce GTX 1660,TU116,Turing,GeForce 16,2019-03-14,1530.0,1785.0,2001.0,6.0,GDDR5,192,192.1,1408,,,5.03,10.05,0.16,120,7.5,12,6.6,284.0,TSMC,PCIe 3.0 x16,22,1.5,https://www.techpowerup.com/gpu-specs/geforce-gtx-1660.c3365
NVIDIA,GeForce GTX 1660 SUPER,TU116,Turing,GeForce 16,2019-10-29,1530.0,1785.0,1750.0,6.0,GDDR6,192,336.0,1408,,,5.03,10.05,0.16,125,7.5,12,6.6,284.0,TSMC,PCIe 3.0 x16,22,1.5,https://www.techpowerup.com/gpu-specs/geforce-gtx-1660-super.c3458
NVIDIA,GeForce GTX 1660 Ti,TU116,Turing,GeForce 16,2019-02-22,1500.0,1770.0,1500.0,6.0,GDDR6,192,288.0,1536,,,5.44,10.87,0.17,120,7.5,12,6.6,284.0,TSMC,PCIe 3.0 x16,24,1.5,https://www.techpowerup.com/gpu-specs/geforce-gtx-1660-ti.c3364
NVIDIA,GeForce GTX 1660 Ti Max-Q,TU116,Turing,GeForce 16 Mobile,2019-04-23,1140.0,1335.0,1500.0,6.0,GDDR6,192,288.0,1536,,,4.1,8.2,0.13,,7.5,12,6.6,284.0,TSMC,PCIe 3.0 x16,24,1.5,https://www.techpowerup.com/gpu-specs/geforce-gtx-1660-ti-max-q.c3382
NVIDIA,GeForce GTX 1660 Ti Mobile,TU116,Turing,GeForce 16 Mobile,2019-04-23,1455.0,1590.0,1500.0,6.0,GDDR6,192,288.0,1536,,,4.88,9.77,0.15,,7.5,12,6.6,284.0,TSMC,PCIe 3.0 x16,24,1.5,https://www.techpowerup.com/gpu-specs/geforce-gtx-1660-ti-mobile.c3369
NVIDIA,GeForce MX150 GP107,GP107,Pascal,GeForce MX(1xx),2019-02-23,1469.0,1532.0,1502.0,2.0,GDDR5,64,48.06,384,,,1.18,0.02,0.04,25,6.1,14,3.3,132.0,Samsung,PCIe 3.0 x4,3,0.5,https://www.techpowerup.com/gpu-specs/geforce-mx150-gp107.c3443
NVIDIA,GeForce MX230,GP108,Pascal,GeForce MX(2xx),2019-02-21,1519.0,1531.0,1502.0,2.0,GDDR5,64,48.06,256,,,0.78,0.01,0.02,10,6.1,14,1.8,74.0,Samsung,PCIe 3.0 x4,2,0.5,https://www.techpowerup.com/gpu-specs/geforce-mx230.c3350
NVIDIA,GeForce MX250,GP108,Pascal,GeForce MX(2xx),2019-02-21,1519.0,1582.0,1502.0,2.0,GDDR5,64,48.06,384,,,1.22,0.02,0.04,25,6.1,14,1.8,74.0,Samsung,PCIe 3.0 x4,3,0.5,https://www.techpowerup.com/gpu-specs/geforce-mx250.c3353
NVIDIA,GeForce RTX 2060,TU106,Turing,GeForce 20,2019-01-07,1365.0,1680.0,1750.0,6.0,GDDR6,192,336.0,1920,240,30,6.45,12.9,0.2,160,7.5,12,10.8,445.0,TSMC,PCIe 3.0 x16,30,3.0,https://www.techpowerup.com/gpu-specs/geforce-rtx-2060.c3310
NVIDIA,GeForce RTX 2060 Max-Q Refresh,TU106B,Turing,GeForce 20 Mobile,2019-01-29,960.0,1200.0,1353.0,6.0,GDDR6,192,259.8,1920,240,30,4.61,9.22,0.14,115,7.5,12,10.8,445.0,TSMC,PCIe 3.0 x16,30,3.0,https://www.techpowerup.com/gpu-specs/geforce-rtx-2060-max-q-refresh.c3628
NVIDIA,GeForce RTX 2060 Mobile,TU106,Turing,GeForce 20 Mobile,2019-01-29,960.0,1200.0,1750.0,6.0,GDDR6,192,336.0,1920,240,30,4.61,9.22,0.14,115,7.5,12,10.8,445.0,TSMC,PCIe 3.0 x16,30,3.0,https://www.techpowerup.com/gpu-specs/geforce-rtx-2060-mobile.c3348
NVIDIA,GeForce RTX 2060 Mobile Refresh,TU106B,Turing,GeForce 20 Mobile,2019-01-29,1005.0,1560.0,1375.0,6.0,GDDR6,192,264.0,1920,240,30,5.99,11.98,0.19,65,7.5,12,10.8,445.0,TSMC,PCIe 3.0 x16,30,3.0,https://www.techpowerup.com/gpu-specs/geforce-rtx-2060-mobile-refresh.c3567
NVIDIA,GeForce RTX 2060 SUPER,TU106,Turing,GeForce 20,2019-07-09,1470.0,1650.0,1750.0,8.0,GDDR6,256,448.0,2176,272,34,7.18,14.36,0.22,175,7.5,12,10.8,445.0,TSMC,PCIe 3.0 x16,34,4.0,https://www.techpowerup.com/gpu-specs/geforce-rtx-2060-super.c3441
NVIDIA,GeForce RTX 2060 SUPER Mobile,TU106,Turing,GeForce 20 Mobile,2019-07-09,1470.0,1530.0,1750.0,8.0,GDDR6,256,448.0,2176,272,34,6.66,13.32,0.21,175,7.5,12,10.8,445.0,TSMC,PCIe 3.0 x16,34,4.0,https://www.techpowerup.com/gpu-specs/geforce-rtx-2060-super-mobile.c4150
NVIDIA,GeForce RTX 2070 Max-Q,TU106,Turing,GeForce 20 Mobile,2019-01-29,885.0,1185.0,1500.0,8.0,GDDR6,256,384.0,2304,288,36,5.46,10.92,0.17,90,7.5,12,10.8,445.0,TSMC,PCIe 3.0 x16,36,4.0,https://www.techpowerup.com/gpu-specs/geforce-rtx-2070-max-q.c3392
NVIDIA,GeForce RTX 2070 Mobile,TU106,Turing,GeForce 20 Mobile,2019-01-29,1215.0,1440.0,1750.0,8.0,GDDR6,256,448.0,2304,288,36,6.64,13.27,0.21,115,7.5,12,10.8,445.0,TSMC,PCIe 3.0 x16,36,4.0,https://www.techpowerup.com/gpu-specs/geforce-rtx-2070-mobile.c3349
NVIDIA,GeForce RTX 2070 SUPER,TU104,Turing,GeForce 20,2019-07-09,1605.0,1770.0,1750.0,8.0,GDDR6,256,448.0,2560,320,40,9.06,18.12,0.28,215,7.5,12,13.6,545.0,TSMC,PCIe 3.0 x16,40,4.0,https://www.techpowerup.com/gpu-specs/geforce-rtx-2070-super.c3440
NVIDIA,GeForce RTX 2080 Max-Q,TU104,Turing,GeForce 20 Mobile,2019-01-29,735.0,1095.0,1500.0,8.0,GDDR6,256,384.0,2944,368,46,6.45,12.89,0.2,80,7.5,12,13.6,545.0,TSMC,PCIe 3.0 x16,46,4.0,https://www.techpowerup.com/gpu-specs/geforce-rtx-2080-max-q.c3363
NVIDIA,GeForce RTX 2080 Mobile,TU104,Turing,GeForce 20 Mobile,2019-01-29,1380.0,1590.0,1750.0,8.0,GDDR6,256,448.0,2944,368,46,9.36,18.72,0.29,150,7.5,12,13.6,545.0,TSMC,PCIe 3.0 x16,46,4.0,https://www.techpowerup.com/gpu-specs/geforce-rtx-2080-mobile.c3312
NVIDIA,GeForce RTX 2080 SUPER,TU104,Turing,GeForce 20,2019-07-23,1650.0,1815.0,1937.0,8.0,GDDR6,256,495.9,3072,384,48,11.15,22.3,0.35,250,7.5,12,13.6,545.0,TSMC,PCIe 3.0 x16,48,4.0,https://www.techpowerup.com/gpu-specs/geforce-rtx-2080-super.c3439
NVIDIA,Jetson Nano,GM20B,Maxwell 2.0,Tegra(Maxwell),2019-03-01,640.0,921.0,1600.0,4.0,LPDDR4,64,25.6,128,,,0.24,0.47,0.01,10,5.3,20,2.0,118.0,TSMC,PCIe 2.0 x4,1,0.25,https://www.techpowerup.com/gpu-specs/jetson-nano.c3643
NVIDIA,P106M,GP106,Pascal,Mining GPUs,2019-01-23,1291.0,1291.0,1502.0,4.0,GDDR5,128,96.13,1152,,,2.97,0.05,0.09,75,6.1,16,4.4,200.0,TSMC,PCIe 3.0 x16,9,1.25,https://www.techpowerup.com/gpu-specs/p106m.c3773
NVIDIA,Quadro P2200,GP106,Pascal,Quadro Pascal(Px200),2019-06-10,1000.0,1493.0,1251.0,5.0,GDDR5X,160,200.2,1280,,,3.82,0.06,0.12,75,6.1,16,4.4,200.0,TSMC,PCIe 3.0 x16,10,1.25,https://www.techpowerup.com/gpu-specs/quadro-p2200.c3442
NVIDIA,Quadro P520 Max-Q,GP108,Pascal,Quadro Pascal-M(Px200),2019-05-23,1303.0,1493.0,1375.0,4.0,GDDR5,64,44.0,384,,,1.15,0.02,0.04,18,6.1,14,1.8,74.0,Samsung,PCIe 3.0 x16,3,0.5,https://www.techpowerup.com/gpu-specs/quadro-p520-max-q.c4005
NVIDIA,Quadro P520 Mobile,GP108,Pascal,Quadro Pascal-M(Px200),2019-05-23,1303.0,1493.0,1502.0,2.0,GDDR5,64,48.06,384,,,1.15,0.02,0.04,18,6.1,14,1.8,74.0,Samsung,PCIe 3.0 x16,3,0.5,https://www.techpowerup.com/gpu-specs/quadro-p520-mobile.c3424
NVIDIA,Quadro RTX 3000 Max-Q,TU106,Turing,Quadro Turing-M(Tx000),2019-05-27,600.0,1215.0,1500.0,6.0,GDDR6,192,288.0,1920,240,30,4.67,9.33,0.15,60,7.5,12,10.8,445.0,TSMC,PCIe 3.0 x16,30,3.0,https://www.techpowerup.com/gpu-specs/quadro-rtx-3000-max-q.c3429
NVIDIA,Quadro RTX 3000 Mobile,TU106,Turing,Quadro Turing-M(Tx000),2019-05-27,945.0,1380.0,1750.0,6.0,GDDR6,192,336.0,1920,240,30,5.3,10.6,0.17,80,7.5,12,10.8,445.0,TSMC,PCIe 3.0 x16,30,3.0,https://www.techpowerup.com/gpu-specs/quadro-rtx-3000-mobile.c3428
NVIDIA,Quadro RTX 3000 Mobile Refresh,TU106,Turing,Quadro Turing-M(Tx000),2019-05-27,945.0,1380.0,1750.0,6.0,GDDR6,192,336.0,1920,240,30,5.3,10.6,0.17,80,7.5,12,10.8,445.0,TSMC,PCIe 3.0 x16,30,4.0,https://www.techpowerup.com/gpu-specs/quadro-rtx-3000-mobile-refresh.c3697
NVIDIA,Quadro RTX 3000 X2 Mobile,TU106,Turing,Quadro Turing-M(Tx000),2019-05-27,945.0,1380.0,1750.0,6.0,GDDR6,192,336.0,1920,240,30,5.3,10.6,0.17,160,7.5,12,10.8,445.0,TSMC,PCIe 3.0 x16,30,4.0,https://www.techpowerup.com/gpu-specs/quadro-rtx-3000-x2-mobile.c4120
NVIDIA,Quadro RTX 4000 Max-Q,TU104,Turing,Quadro Turing-M(Tx000),2019-05-27,780.0,1380.0,1500.0,8.0,GDDR6,256,384.0,2560,320,40,7.07,14.13,0.22,80,7.5,12,13.6,545.0,TSMC,PCIe 3.0 x16,40,4.0,https://www.techpowerup.com/gpu-specs/quadro-rtx-4000-max-q.c3427
NVIDIA,Quadro RTX 4000 Mobile,TU104,Turing,Quadro Turing-M(Tx000),2019-05-27,1110.0,1560.0,1750.0,8.0,GDDR6,256,448.0,2560,320,40,7.99,15.97,0.25,110,7.5,12,13.6,545.0,TSMC,PCIe 3.0 x16,40,4.0,https://www.techpowerup.com/gpu-specs/quadro-rtx-4000-mobile.c3430
NVIDIA,Quadro RTX 5000 Max-Q,TU104,Turing,Quadro Turing-M(Tx000),2019-05-27,600.0,1350.0,1500.0,16.0,GDDR6,256,384.0,3072,384,48,8.29,16.59,0.26,80,7.5,12,13.6,545.0,TSMC,PCIe 3.0 x16,48,4.0,https://www.techpowerup.com/gpu-specs/quadro-rtx-5000-max-q.c3432
NVIDIA,Quadro RTX 5000 Mobile,TU104,Turing,Quadro Turing-M(Tx000),2019-05-27,1035.0,1530.0,1750.0,16.0,GDDR6,256,448.0,3072,384,48,9.4,18.8,0.29,110,7.5,12,13.6,545.0,TSMC,PCIe 3.0 x16,48,4.0,https://www.techpowerup.com/gpu-specs/quadro-rtx-5000-mobile.c3431
NVIDIA,Quadro RTX 6000 Mobile,TU102,Turing,Quadro Turing-M(Tx000),2019-09-04,1275.0,1455.0,1750.0,24.0,GDDR6,384,672.0,4608,576,72,13.41,26.82,0.42,,7.5,12,18.6,754.0,TSMC,PCIe 3.0 x16,72,6.0,https://www.techpowerup.com/gpu-specs/quadro-rtx-6000-mobile.c3497
NVIDIA,Quadro T1000 Max-Q,TU117,Turing,Quadro Turing-M(Tx000),2019-05-27,765.0,1350.0,1250.0,4.0,GDDR5,128,80.0,896,,,2.42,4.84,0.08,50,7.5,12,4.7,200.0,TSMC,PCIe 3.0 x16,14,1.0,https://www.techpowerup.com/gpu-specs/quadro-t1000-max-q.c3807
NVIDIA,Quadro T1000 Mobile,TU117,Turing,Quadro Turing-M(Tx000),2019-05-27,1395.0,1455.0,2001.0,4.0,GDDR5,128,128.1,896,,,2.61,5.21,0.08,50,7.5,12,4.7,200.0,TSMC,PCIe 3.0 x16,14,1.0,https://www.techpowerup.com/gpu-specs/quadro-t1000-mobile.c3435
NVIDIA,Quadro T2000 Max-Q,TU117,Turing,Quadro Turing-M(Tx000),2019-05-27,1035.0,1395.0,1250.0,4.0,GDDR5,128,80.0,1024,,,2.86,5.71,0.09,40,7.5,12,4.7,200.0,TSMC,PCIe 3.0 x16,16,1.0,https://www.techpowerup.com/gpu-specs/quadro-t2000-max-q.c3436
NVIDIA,Quadro T2000 Mobile,TU117,Turing,Quadro Turing-M(Tx000),2019-05-27,1575.0,1785.0,2001.0,4.0,GDDR5,128,128.1,1024,,,3.66,7.31,0.11,60,7.5,12,4.7,200.0,TSMC,PCIe 3.0 x16,16,1.0,https://www.techpowerup.com/gpu-specs/quadro-t2000-mobile.c3434
NVIDIA,Switch GPU 16nm,GM20B,Maxwell 2.0,Console GPU(Nintendo),2019-08-16,384.0,768.0,1600.0,4.0,DDR4,64,25.6,256,,,0.39,0.79,0.01,15,5.3,16,2.0,100.0,TSMC,,2,,https://www.techpowerup.com/gpu-specs/switch-gpu-16nm.c3754
NVIDIA,Tesla PG500-216,GV100,Volta,Tesla Volta(Vxx),2019-11-26,1260.0,1380.0,1106.0,32.0,HBM2,4096,1130.0,5120,640,,14.13,28.26,7.07,250,7.0,12,21.1,815.0,TSMC,PCIe 3.0 x16,80,6.0,https://www.techpowerup.com/gpu-specs/tesla-pg500-216.c3791
NVIDIA,Tesla PG503-216,GV100,Volta,Tesla Volta(Vxx),2019-11-26,1312.0,1530.0,1106.0,32.0,HBM2,4096,1130.0,4608,640,,14.1,28.2,7.05,250,7.0,12,21.1,815.0,TSMC,PCIe 3.0 x16,80,6.0,https://www.techpowerup.com/gpu-specs/tesla-pg503-216.c3790
NVIDIA,Tesla V100S PCIe 32 GB,GV100,Volta,Tesla Volta(Vxx),2019-11-26,1245.0,1597.0,1107.0,32.0,HBM2,4096,1130.0,5120,640,,16.35,32.71,8.18,250,7.0,12,21.1,815.0,TSMC,PCIe 3.0 x16,80,6.0,https://www.techpowerup.com/gpu-specs/tesla-v100s-pcie-32-gb.c3467
AMD,Radeon 540 Mobile,Lexa,GCN 4.0,Polaris Mobile(M500),2019-03-26,1046.0,1046.0,1300.0,2.0,GDDR5,64,41.6,512,,,1.07,1.07,0.07,50,,14,2.2,103.0,GlobalFoundries,PCIe 3.0 x8,,0.25,https://www.techpowerup.com/gpu-specs/radeon-540-mobile.c3419
AMD,Radeon 550X,Lexa,GCN 4.0,Polaris(RX 500X),2019-03-27,1082.0,1218.0,1750.0,2.0,GDDR5,128,112.0,512,,,1.25,1.25,0.08,50,,14,2.2,103.0,GlobalFoundries,PCIe 3.0 x8,,0.5,https://www.techpowerup.com/gpu-specs/radeon-550x.c3420
AMD,Radeon 610 Mobile,Banks,GCN 1.0,Polaris Mobile(M600),2019-05-23,1030.0,1030.0,1000.0,2.0,GDDR5,64,32.0,320,,,0.66,,0.04,50,,28,0.69,56.0,TSMC,PCIe 3.0 x8,,0.128,https://www.techpowerup.com/gpu-specs/radeon-610-mobile.c3423
AMD,Radeon 620 Mobile,Polaris 24,GCN 3.0,Polaris Mobile(M600),2019-05-13,920.0,920.0,1000.0,2.0,GDDR5,64,32.0,384,,,0.71,0.71,0.04,50,,28,1.55,125.0,TSMC,PCIe 3.0 x8,,0.128,https://www.techpowerup.com/gpu-specs/radeon-620-mobile.c3421
AMD,Radeon 625 Mobile,Polaris 24,GCN 3.0,Polaris Mobile(M600),2019-05-13,730.0,1024.0,1125.0,2.0,GDDR5,64,36.0,384,,,0.79,0.79,0.05,50,,28,1.55,125.0,TSMC,PCIe 3.0 x8,,0.128,https://www.techpowerup.com/gpu-specs/radeon-625-mobile.c3422
AMD,Radeon 625 OEM,Polaris 24,GCN 3.0,Polaris(RX 600),2019-05-13,1024.0,1024.0,1125.0,2.0,GDDR5,64,36.0,384,,,0.79,0.79,0.05,35,,28,1.55,125.0,TSMC,PCIe 3.0 x8,,0.128,https://www.techpowerup.com/gpu-specs/radeon-625-oem.c4111
AMD,Radeon 630 Mobile,Polaris 23,GCN 4.0,Polaris Mobile(M600),2019-05-13,1082.0,1211.0,1500.0,2.0,GDDR5,128,96.0,512,,,1.24,1.24,0.08,50,,14,2.2,103.0,GlobalFoundries,PCIe 3.0 x8,,0.5,https://www.techpowerup.com/gpu-specs/radeon-630-mobile.c3414
AMD,Radeon E9390 PCIe,Ellesmere,GCN 4.0,Embedded(9000),2019-10-15,713.0,1089.0,1250.0,8.0,GDDR5,256,160.0,1792,,,3.9,3.9,0.24,75,,14,5.7,232.0,GlobalFoundries,PCIe 3.0 x16,,2.0,https://www.techpowerup.com/gpu-specs/radeon-e9390-pcie.c3617
AMD,Radeon E9560 PCIe,Ellesmere,GCN 4.0,Embedded(9000),2019-10-15,1120.0,1237.0,1750.0,8.0,GDDR5,256,224.0,2304,,,5.7,5.7,0.36,130,,14,5.7,232.0,GlobalFoundries,PCIe 3.0 x16,,2.0,https://www.techpowerup.com/gpu-specs/radeon-e9560-pcie.c3616
AMD,Radeon Pro 5300M,Navi 14,RDNA 1.0,Radeon Pro Mac(Navi Mobile),2019-11-13,1000.0,1250.0,1500.0,4.0,GDDR6,128,192.0,1280,,,3.2,6.4,0.2,85,,7,6.4,158.0,TSMC,PCIe 4.0 x8,,2.0,https://www.techpowerup.com/gpu-specs/radeon-pro-5300m.c3464
AMD,Radeon Pro 5500M,Navi 14,RDNA 1.0,Radeon Pro Mac(Navi Mobile),2019-11-13,1000.0,1450.0,1500.0,8.0,GDDR6,128,192.0,1536,,,4.45,8.91,0.28,85,,7,6.4,158.0,TSMC,PCIe 4.0 x8,,2.0,https://www.techpowerup.com/gpu-specs/radeon-pro-5500m.c3463
AMD,Radeon Pro 570X,Ellesmere,GCN 4.0,Radeon Pro Mac(500X Series),2019-03-18,1000.0,1105.0,1695.0,4.0,GDDR5,256,217.0,1792,,,3.96,3.96,0.25,150,,14,5.7,232.0,GlobalFoundries,PCIe 3.0 x16,,2.0,https://www.techpowerup.com/gpu-specs/radeon-pro-570x.c3396
AMD,Radeon Pro 575X,Ellesmere,GCN 4.0,Radeon Pro Mac(500X Series),2019-03-18,1096.0,1096.0,1695.0,4.0,GDDR5,256,217.0,2048,,,4.49,4.49,0.28,150,,14,5.7,232.0,GlobalFoundries,PCIe 3.0 x16,,2.0,https://www.techpowerup.com/gpu-specs/radeon-pro-575x.c3397
AMD,Radeon Pro 580X,Ellesmere,GCN 4.0,Radeon Pro Mac(500X Series),2019-03-18,1100.0,1200.0,1710.0,8.0,GDDR5,256,218.9,2304,,,5.53,5.53,0.35,185,,14,5.7,232.0,GlobalFoundries,Apple MPX,,2.0,https://www.techpowerup.com/gpu-specs/radeon-pro-580x.c3398
AMD,Radeon Pro Vega 48,Vega 10,GCN 5.0,Radeon Pro Mac(Vega Series),2019-03-19,1200.0,1200.0,786.0,8.0,HBM2,2048,402.4,3072,,,7.37,14.75,0.46,,,14,12.5,495.0,GlobalFoundries,PCIe 3.0 x16,,4.0,https://www.techpowerup.com/gpu-specs/radeon-pro-vega-48.c3395
AMD,Radeon Pro Vega 64X,Vega 10,GCN 5.0,Radeon Pro Mac(Vega Series),2019-03-19,1250.0,1468.0,1000.0,16.0,HBM2,2048,512.0,4096,,,12.03,24.05,0.75,250,,14,12.5,495.0,GlobalFoundries,PCIe 3.0 x16,,4.0,https://www.techpowerup.com/gpu-specs/radeon-pro-vega-64x.c3404
AMD,Radeon Pro Vega II,Vega 20,GCN 5.1,Radeon Pro Mac(Vega Series),2019-06-03,1574.0,1720.0,806.0,32.0,HBM2,4096,825.3,4096,,,14.09,28.18,7.04,475,,7,13.23,331.0,TSMC,Apple MPX,,4.0,https://www.techpowerup.com/gpu-specs/radeon-pro-vega-ii.c3426
AMD,Radeon Pro Vega II Duo,Vega 20,GCN 5.1,Radeon Pro Mac(Vega Series),2019-06-03,1400.0,1720.0,1000.0,32.0,HBM2,4096,1020.0,4096,,,14.09,28.18,7.04,475,,7,13.23,331.0,TSMC,Apple MPX,,4.0,https://www.techpowerup.com/gpu-specs/radeon-pro-vega-ii-duo.c3268
AMD,Radeon Pro W5300M,Navi 14,RDNA 1.0,Radeon Pro Mobile(W5x00M),2019-11-13,1000.0,1250.0,1500.0,4.0,GDDR6,128,192.0,1280,,,3.2,6.4,0.2,85,,7,6.4,158.0,TSMC,PCIe 4.0 x8,,2.0,https://www.techpowerup.com/gpu-specs/radeon-pro-w5300m.c3477
AMD,Radeon Pro W5500X,Navi 14,RDNA 1.0,Radeon Pro Mac(Navi Series),2019-12-11,1187.0,1757.0,1750.0,8.0,GDDR6,128,224.0,1536,,,5.4,10.8,0.34,125,,7,6.4,158.0,TSMC,Apple MPX,,2.0,https://www.techpowerup.com/gpu-specs/radeon-pro-w5500x.c4105
AMD,Radeon Pro W5700,Navi 10,RDNA 1.0,Radeon Pro Navi(Navi Series),2019-11-19,1400.0,1880.0,1750.0,8.0,GDDR6,256,448.0,2304,,,8.66,17.33,0.54,205,,7,10.3,251.0,TSMC,PCIe 4.0 x16,,4.0,https://www.techpowerup.com/gpu-specs/radeon-pro-w5700.c3466
AMD,Radeon Pro W5700X,Navi 10,RDNA 1.0,Radeon Pro Mac(Navi Series),2019-12-11,1243.0,2040.0,1750.0,16.0,GDDR6,256,448.0,2560,,,10.44,20.89,0.65,205,,7,10.3,251.0,TSMC,Apple MPX,,4.0,https://www.techpowerup.com/gpu-specs/radeon-pro-w5700x.c3583
AMD,Radeon Pro WX 3200,Polaris 23,GCN 4.0,Radeon Pro Polaris(WX x200),2019-07-02,1295.0,1295.0,1500.0,4.0,GDDR5,128,96.0,640,,,1.66,1.66,0.1,65,,14,2.2,103.0,GlobalFoundries,PCIe 3.0 x8,,0.5,https://www.techpowerup.com/gpu-specs/radeon-pro-wx-3200.c3412
AMD,Radeon Pro WX 3200 Mobile,Polaris 23,GCN 4.0,Radeon Pro Mobile(WX x200),2019-07-02,1082.0,1082.0,1000.0,4.0,GDDR5,128,64.0,640,,,1.39,1.39,0.09,65,,14,2.2,103.0,GlobalFoundries,PCIe 3.0 x8,,0.5,https://www.techpowerup.com/gpu-specs/radeon-pro-wx-3200-mobile.c3461
AMD,Radeon R7 350 640SP,Cape Verde,GCN 1.0,Pirate Islands(R7 300),2019-01-07,925.0,925.0,1125.0,2.0,GDDR5,128,72.0,640,,,1.18,,0.07,55,,28,1.5,123.0,TSMC,PCIe 3.0 x16,,0.25,https://www.techpowerup.com/gpu-specs/radeon-r7-350-640sp.c3736
AMD,Radeon RX 5300 XT OEM,Navi 14,RDNA 1.0,Navi(RX 5000),2019-10-07,1670.0,1845.0,1750.0,4.0,GDDR5,128,112.0,1408,,,5.2,10.39,0.32,100,,7,6.4,158.0,TSMC,PCIe 4.0 x8,,2.0,https://www.techpowerup.com/gpu-specs/radeon-rx-5300-xt-oem.c3465
AMD,Radeon RX 5300M,Navi 14,RDNA 1.0,Navi Mobile(RX 5000M),2019-11-13,1000.0,1445.0,1750.0,3.0,GDDR6,96,168.0,1408,,,4.07,8.14,0.25,85,,7,6.4,158.0,TSMC,PCIe 4.0 x8,,2.0,https://www.techpowerup.com/gpu-specs/radeon-rx-5300m.c3462
AMD,Radeon RX 5500 OEM,Navi 14,RDNA 1.0,Navi(RX 5000),2019-10-07,1500.0,1845.0,1750.0,4.0,GDDR6,128,224.0,1408,,,5.2,10.39,0.32,110,,7,6.4,158.0,TSMC,PCIe 4.0 x8,,2.0,https://www.techpowerup.com/gpu-specs/radeon-rx-5500-oem.c3459
AMD,Radeon RX 5500 XT,Navi 14,RDNA 1.0,Navi(RX 5000),2019-12-12,1607.0,1845.0,1750.0,4.0,GDDR6,128,224.0,1408,,,5.2,10.39,0.32,130,,7,6.4,158.0,TSMC,PCIe 4.0 x8,,2.0,https://www.techpowerup.com/gpu-specs/radeon-rx-5500-xt.c3468
AMD,Radeon RX 5500M,Navi 14,RDNA 1.0,Navi Mobile(RX 5000M),2019-10-07,1375.0,1645.0,1750.0,4.0,GDDR6,128,224.0,1408,,,4.63,9.27,0.29,85,,7,6.4,158.0,TSMC,PCIe 4.0 x8,,2.0,https://www.techpowerup.com/gpu-specs/radeon-rx-5500m.c3460
AMD,Radeon RX 560 XT,Ellesmere,GCN 4.0,Polaris(RX 500),2019-03-13,1074.0,1226.0,1750.0,4.0,GDDR5,256,224.0,1792,,,4.39,4.39,0.27,150,,14,5.7,232.0,GlobalFoundries,PCIe 3.0 x16,,2.0,https://www.techpowerup.com/gpu-specs/radeon-rx-560-xt.c3388
AMD,Radeon RX 5700,Navi 10,RDNA 1.0,Navi(RX 5000),2019-07-07,1465.0,1725.0,1750.0,8.0,GDDR6,256,448.0,2304,,,7.95,15.9,0.5,180,,7,10.3,251.0,TSMC,PCIe 4.0 x16,,4.0,https://www.techpowerup.com/gpu-specs/radeon-rx-5700.c3437
AMD,Radeon RX 5700 XT,Navi 10,RDNA 1.0,Navi(RX 5000),2019-07-07,1605.0,1905.0,1750.0,8.0,GDDR6,256,448.0,2560,,,9.75,19.51,0.61,225,,7,10.3,251.0,TSMC,PCIe 4.0 x16,,4.0,https://www.techpowerup.com/gpu-specs/radeon-rx-5700-xt.c3339
AMD,Radeon RX 5700 XT 50th Anniversary,Navi 10,RDNA 1.0,Navi(RX 5000),2019-07-07,1680.0,1980.0,1750.0,8.0,GDDR6,256,448.0,2560,,,10.14,20.28,0.63,225,,7,10.3,251.0,TSMC,PCIe 4.0 x16,,4.0,https://www.techpowerup.com/gpu-specs/radeon-rx-5700-xt-50th-anniversary.c3438
AMD,Radeon RX 640 Mobile,Polaris 23,GCN 4.0,Polaris Mobile(M600),2019-05-13,1082.0,1218.0,1500.0,2.0,GDDR5,64,48.0,640,,,1.56,1.56,0.1,50,,14,2.2,103.0,GlobalFoundries,PCIe 3.0 x8,,0.5,https://www.techpowerup.com/gpu-specs/radeon-rx-640-mobile.c3413
AMD,Radeon RX Vega 11 Mobile,Picasso-M,GCN 5.0,Vega IGP(Picasso Mobile),2019-10-22,300.0,1400.0,,,System Shared,,,704,,,1.97,3.94,0.12,15,,12,4.94,210.0,GlobalFoundries,IGP,,,https://www.techpowerup.com/gpu-specs/radeon-rx-vega-11-mobile.c3597
AMD,Radeon Vega 10 Mobile,Raven-M,GCN 5.0,Vega IGP(Raven Ridge-M),2019-01-08,300.0,1301.0,,,System Shared,,,640,,,1.67,3.33,0.1,10,,14,4.94,210.0,GlobalFoundries,IGP,,,https://www.techpowerup.com/gpu-specs/radeon-vega-10-mobile.c3288
AMD,Radeon Vega 11,Picasso,GCN 5.0,Vega IGP(Picasso),2019-09-30,300.0,1400.0,,,System Shared,,,704,,,1.97,3.94,0.12,15,,12,4.94,210.0,GlobalFoundries,IGP,,,https://www.techpowerup.com/gpu-specs/radeon-vega-11.c3595
AMD,Radeon Vega 3,Picasso,GCN 5.0,Vega IGP(Picasso),2019-11-20,300.0,1100.0,,,System Shared,,,192,,,0.42,0.84,0.03,15,,12,4.94,210.0,GlobalFoundries,IGP,,,https://www.techpowerup.com/gpu-specs/radeon-vega-3.c3594
AMD,Radeon Vega 9 Mobile,Picasso-M,GCN 5.0,Vega IGP(Picasso Mobile),2019-10-22,300.0,1300.0,,,System Shared,,,576,,,1.5,3.0,0.09,15,,12,4.94,210.0,GlobalFoundries,IGP,,,https://www.techpowerup.com/gpu-specs/radeon-vega-9-mobile.c3614
AMD,Radeon VII,Vega 20,GCN 5.1,Vega II(Radeon VII),2019-02-07,1400.0,1750.0,1000.0,16.0,HBM2,4096,1020.0,3840,,,13.44,26.88,3.36,295,,7,13.23,331.0,TSMC,PCIe 3.0 x16,,4.0,https://www.techpowerup.com/gpu-specs/radeon-vii.c3358
Intel,Iris Plus Graphics 645 Mobile,Coffee Lake GT3e,Generation 9.5,HD Graphics-M(Coffee Lake),2019-10-07,300.0,1050.0,,,System Shared,,,384,,,0.81,1.61,0.2,15,,14,,,Intel,Ring Bus,,,https://www.techpowerup.com/gpu-specs/iris-plus-graphics-645-mobile.c3486
Intel,Iris Plus Graphics G4 48EU Mobile,Ice Lake GT1,Generation 11.0,HD Graphics-M(Ice Lake),2019-05-29,300.0,1050.0,,,System Shared,,,384,,,0.81,1.61,0.2,15,,10,,,Intel,Ring Bus,,,https://www.techpowerup.com/gpu-specs/iris-plus-graphics-g4-48eu-mobile.c3647
Intel,UHD Graphics 24EU Mobile,Alder Lake,Generation 12.2,HD Graphics-M(Alder Lake),2022-01-04,300.0,1200.0,,,System Shared,,,192,,,0.46,0.92,0.12,15,,10,,,Intel,Ring Bus,,1.0,https://www.techpowerup.com/gpu-specs/uhd-graphics-24eu-mobile.c4146
Intel,UHD Graphics G1 32EU Mobile,Ice Lake GT1,Generation 11.0,HD Graphics-M(Ice Lake),2019-05-29,300.0,900.0,,,System Shared,,,256,,,0.46,0.92,0.12,15,,10,,,Intel,Ring Bus,,,https://www.techpowerup.com/gpu-specs/uhd-graphics-g1-32eu-mobile.c3447
NVIDIA,A100 PCIe 40 GB,GA100,Ampere,Server Ampere(Axx),2020-06-22,765.0,1410.0,1215.0,40.0,HBM2e,5120,1560.0,6912,432,,19.49,77.97,9.75,250,8.0,7,54.2,826.0,TSMC,PCIe 4.0 x16,108,40.0,https://www.techpowerup.com/gpu-specs/a100-pcie-40-gb.c3623
NVIDIA,A100 SXM4 40 GB,GA100,Ampere,Server Ampere(Axx),2020-05-14,1095.0,1410.0,1215.0,40.0,HBM2e,5120,1560.0,6912,432,,19.49,77.97,9.75,400,8.0,7,54.2,826.0,TSMC,PCIe 4.0 x16,108,40.0,https://www.techpowerup.com/gpu-specs/a100-sxm4-40-gb.c3506
NVIDIA,A100 SXM4 80 GB,GA100,Ampere,Server Ampere(Axx),2020-11-16,1275.0,1410.0,1593.0,80.0,HBM2e,5120,2040.0,6912,432,,19.49,77.97,9.75,400,8.0,7,54.2,826.0,TSMC,PCIe 4.0 x16,108,40.0,https://www.techpowerup.com/gpu-specs/a100-sxm4-80-gb.c3746
NVIDIA,A40 PCIe,GA102,Ampere,Server Ampere(Axx),2020-10-05,1305.0,1740.0,1812.0,48.0,GDDR6,384,695.8,10752,336,84,37.42,37.42,0.58,300,8.6,8,28.3,628.0,Samsung,PCIe 4.0 x16,84,6.0,https://www.techpowerup.com/gpu-specs/a40-pcie.c3700
NVIDIA,CMP 100HX-210,GV100,Volta,Mining GPUs,2020-01-01,555.0,1147.0,810.0,16.0,HBM2,4096,829.4,5120,640,,11.75,23.49,5.87,250,7.0,12,21.1,815.0,TSMC,PCIe 1.0 x1,80,6.0,https://www.techpowerup.com/gpu-specs/cmp-100hx-210.c4202
NVIDIA,DRIVE A100 PROD,GA100,Ampere,DRIVE(Axx),2020-05-14,1260.0,1260.0,1215.0,32.0,HBM2e,6144,1870.0,6912,432,,17.42,69.67,8.71,400,8.0,7,54.2,826.0,TSMC,PCIe 4.0 x16,108,32.0,https://www.techpowerup.com/gpu-specs/drive-a100-prod.c3967
NVIDIA,GeForce GTX 1650 GDDR6,TU117,Turing,GeForce 16,2020-04-01,1410.0,1590.0,1500.0,4.0,GDDR6,128,192.0,896,,,2.85,5.7,0.09,75,7.5,12,4.7,200.0,TSMC,PCIe 3.0 x16,14,1.0,https://www.techpowerup.com/gpu-specs/geforce-gtx-1650-gddr6.c3541
NVIDIA,GeForce GTX 1650 Ti Max-Q,TU117,Turing,GeForce 16 Mobile,2020-04-02,1035.0,1200.0,1250.0,4.0,GDDR6,128,160.0,1024,,,2.46,4.92,0.08,50,7.5,12,4.7,200.0,TSMC,PCIe 3.0 x16,16,1.0,https://www.techpowerup.com/gpu-specs/geforce-gtx-1650-ti-max-q.c3619
NVIDIA,GeForce GTX 1650 Ti Mobile,TU117,Turing,GeForce 16 Mobile,2020-04-02,1350.0,1485.0,1500.0,4.0,GDDR6,128,192.0,1024,,,3.04,6.08,0.1,50,7.5,12,4.7,200.0,TSMC,PCIe 3.0 x16,16,1.0,https://www.techpowerup.com/gpu-specs/geforce-gtx-1650-ti-mobile.c3512
NVIDIA,GeForce GTX 1650 TU106,TU106,Turing,GeForce 16,2020-06-18,1410.0,1590.0,1500.0,4.0,GDDR6,128,192.0,896,,,2.85,5.7,0.09,90,7.5,12,10.8,445.0,TSMC,PCIe 3.0 x16,14,1.0,https://www.techpowerup.com/gpu-specs/geforce-gtx-1650-tu106.c3585
NVIDIA,GeForce GTX 1650 TU116,TU116,Turing,GeForce 16,2020-07-07,1410.0,1590.0,1500.0,4.0,GDDR6,128,192.0,896,,,2.85,5.7,0.09,80,7.5,12,6.6,284.0,TSMC,PCIe 3.0 x16,14,1.0,https://www.techpowerup.com/gpu-specs/geforce-gtx-1650-tu116.c3586
NVIDIA,GeForce MX330,GP108B,Pascal,GeForce MX(3xx),2020-02-10,1531.0,1594.0,1752.0,2.0,GDDR5,64,56.06,384,,,1.22,0.02,0.04,10,6.1,14,1.8,74.0,Samsung,PCIe 3.0 x4,3,0.5,https://www.techpowerup.com/gpu-specs/geforce-mx330.c3493
NVIDIA,GeForce MX350,GP107S,Pascal,GeForce MX(3xx),2020-02-10,747.0,937.0,1752.0,2.0,GDDR5,64,56.06,640,,,1.2,0.02,0.04,20,6.1,14,3.3,132.0,Samsung,PCIe 3.0 x4,5,0.5,https://www.techpowerup.com/gpu-specs/geforce-mx350.c3582
NVIDIA,GeForce MX450 12W,TU117S,Turing,GeForce MX(4xx),2020-08-15,720.0,930.0,1250.0,2.0,GDDR6,64,80.0,896,,,1.67,3.33,0.05,12,7.5,12,4.7,200.0,TSMC,PCIe 4.0 x4,14,0.5,https://www.techpowerup.com/gpu-specs/geforce-mx450-12w.c3657
NVIDIA,GeForce MX450 30.5W 10Gbps,TU117S,Turing,GeForce MX(4xx),2020-08-25,1395.0,1575.0,1250.0,2.0,GDDR6,64,80.0,896,,,2.82,5.64,0.09,31,7.5,12,4.7,200.0,TSMC,PCIe 4.0 x4,14,0.5,https://www.techpowerup.com/gpu-specs/geforce-mx450-30-5w-10gbps.c3641
NVIDIA,GeForce MX450 30.5W 8Gbps,TU117S,Turing,GeForce MX(4xx),2020-08-25,1035.0,1275.0,2000.0,2.0,GDDR5,64,64.0,896,,,2.29,4.57,0.07,31,7.5,12,4.7,200.0,TSMC,PCIe 4.0 x4,14,0.5,https://www.techpowerup.com/gpu-specs/geforce-mx450-30-5w-8gbps.c3717
NVIDIA,GeForce RTX 2060 Max-Q,TU106,Turing,GeForce 20 Mobile,2020-01-29,975.0,1185.0,1375.0,6.0,GDDR6,192,264.0,1920,240,30,4.55,9.1,0.14,65,7.5,12,10.8,445.0,TSMC,PCIe 3.0 x16,30,3.0,https://www.techpowerup.com/gpu-specs/geforce-rtx-2060-max-q.c3533
NVIDIA,GeForce RTX 2060 TU104,TU104,Turing,GeForce 20,2020-01-10,1365.0,1680.0,1750.0,6.0,GDDR6,192,336.0,1920,240,30,6.45,12.9,0.2,160,7.5,12,13.6,545.0,TSMC,PCIe 3.0 x16,30,3.0,https://www.techpowerup.com/gpu-specs/geforce-rtx-2060-tu104.c3495
NVIDIA,GeForce RTX 2070 Max-Q Refresh,TU106B,Turing,GeForce 20 Mobile,2020-03-04,900.0,1125.0,1375.0,8.0,GDDR6,256,352.0,2304,288,36,5.18,10.37,0.16,115,7.5,12,10.8,445.0,TSMC,PCIe 3.0 x16,36,4.0,https://www.techpowerup.com/gpu-specs/geforce-rtx-2070-max-q-refresh.c3574
NVIDIA,GeForce RTX 2070 Mobile Refresh,TU106B,Turing,GeForce 20 Mobile,2020-03-04,1260.0,1455.0,1375.0,8.0,GDDR6,256,352.0,2304,288,36,6.71,13.41,0.21,115,7.5,12,10.8,445.0,TSMC,PCIe 3.0 x16,36,4.0,https://www.techpowerup.com/gpu-specs/geforce-rtx-2070-mobile-refresh.c3573
NVIDIA,GeForce RTX 2070 SUPER Max-Q,TU104,Turing,GeForce 20 Mobile,2020-04-02,930.0,1155.0,1375.0,8.0,GDDR6,256,352.0,2560,320,40,5.91,11.83,0.18,80,7.5,12,13.6,545.0,TSMC,PCIe 3.0 x16,40,4.0,https://www.techpowerup.com/gpu-specs/geforce-rtx-2070-super-max-q.c3563
NVIDIA,GeForce RTX 2070 SUPER Mobile,TU104,Turing,GeForce 20 Mobile,2020-04-02,1140.0,1380.0,1750.0,8.0,GDDR6,256,448.0,2560,320,40,7.07,14.13,0.22,115,7.5,12,13.6,545.0,TSMC,PCIe 3.0 x16,40,4.0,https://www.techpowerup.com/gpu-specs/geforce-rtx-2070-super-mobile.c3514
NVIDIA,GeForce RTX 2080 SUPER Max-Q,TU104,Turing,GeForce 20 Mobile,2020-04-02,735.0,975.0,1375.0,8.0,GDDR6,256,352.0,3072,384,48,5.99,11.98,0.19,80,7.5,12,13.6,545.0,TSMC,PCIe 3.0 x16,48,4.0,https://www.techpowerup.com/gpu-specs/geforce-rtx-2080-super-max-q.c3566
NVIDIA,GeForce RTX 2080 SUPER Mobile,TU104,Turing,GeForce 20 Mobile,2020-04-02,1365.0,1560.0,1750.0,8.0,GDDR6,256,448.0,3072,384,48,9.59,19.17,0.3,150,7.5,12,13.6,545.0,TSMC,PCIe 3.0 x16,48,4.0,https://www.techpowerup.com/gpu-specs/geforce-rtx-2080-super-mobile.c3513
NVIDIA,GeForce RTX 3060 Ti,GA104,Ampere,GeForce 30,2020-12-01,1410.0,1665.0,1750.0,8.0,GDDR6,256,448.0,4864,152,38,16.2,16.2,0.25,200,8.6,8,17.4,392.0,Samsung,PCIe 4.0 x16,38,4.0,https://www.techpowerup.com/gpu-specs/geforce-rtx-3060-ti.c3681
NVIDIA,GeForce RTX 3070,GA104,Ampere,GeForce 30,2020-09-01,1500.0,1725.0,1750.0,8.0,GDDR6,256,448.0,5888,184,46,20.31,20.31,0.32,220,8.6,8,17.4,392.0,Samsung,PCIe 4.0 x16,46,4.0,https://www.techpowerup.com/gpu-specs/geforce-rtx-3070.c3674
NVIDIA,GeForce RTX 3080,GA102,Ampere,GeForce 30,2020-09-01,1440.0,1710.0,1188.0,10.0,GDDR6X,320,760.3,8704,272,68,29.77,29.77,0.47,320,8.6,8,28.3,628.0,Samsung,PCIe 4.0 x16,68,5.0,https://www.techpowerup.com/gpu-specs/geforce-rtx-3080.c3621
NVIDIA,GeForce RTX 3090,GA102,Ampere,GeForce 30,2020-09-01,1395.0,1695.0,1219.0,24.0,GDDR6X,384,936.2,10496,328,82,35.58,35.58,0.56,350,8.6,8,28.3,628.0,Samsung,PCIe 4.0 x16,82,6.0,https://www.techpowerup.com/gpu-specs/geforce-rtx-3090.c3622
NVIDIA,GRID A100A,GA100,Ampere,GRID(Ax),2020-05-14,1095.0,1410.0,1215.0,32.0,HBM2e,6144,1870.0,6912,432,,19.49,77.97,9.75,400,8.0,7,54.2,826.0,TSMC,PCIe 4.0 x16,108,32.0,https://www.techpowerup.com/gpu-specs/grid-a100a.c3579
NVIDIA,GRID A100B,GA100,Ampere,GRID(Ax),2020-05-14,900.0,1005.0,1215.0,48.0,HBM2e,6144,1870.0,6912,432,,13.89,55.57,6.95,400,8.0,7,54.2,826.0,TSMC,PCIe 4.0 x16,108,48.0,https://www.techpowerup.com/gpu-specs/grid-a100b.c3578
NVIDIA,GRID RTX T10-2,TU102,Turing,GRID(Tx),2020-01-01,1065.0,1395.0,1750.0,2.0,GDDR6,384,672.0,3584,448,56,10.0,20.0,0.31,150,7.5,12,18.6,754.0,TSMC,PCIe 3.0 x16,56,6.0,https://www.techpowerup.com/gpu-specs/grid-rtx-t10-2.c3815
NVIDIA,GRID RTX T10-4,TU102,Turing,GRID(Tx),2020-01-01,1065.0,1395.0,1750.0,4.0,GDDR6,384,672.0,3584,448,56,10.0,20.0,0.31,150,7.5,12,18.6,754.0,TSMC,PCIe 3.0 x16,56,6.0,https://www.techpowerup.com/gpu-specs/grid-rtx-t10-4.c3500
NVIDIA,Jetson Xavier NX 16 GB,GV10B,Volta,Tegra(Volta),2020-05-14,854.0,1100.0,1866.0,16.0,LPDDR4X,128,59.71,384,48,,0.84,1.69,0.42,20,7.2,12,9.0,350.0,TSMC,PCIe 4.0 x4,6,0.25,https://www.techpowerup.com/gpu-specs/jetson-xavier-nx-16-gb.c4087
NVIDIA,Jetson Xavier NX 8 GB,GV10B,Volta,Tegra(Volta),2020-05-14,854.0,1100.0,1866.0,8.0,LPDDR4X,128,59.71,384,48,,0.84,1.69,0.42,15,7.2,12,9.0,350.0,TSMC,PCIe 4.0 x4,6,0.25,https://www.techpowerup.com/gpu-specs/jetson-xavier-nx-8-gb.c3642
NVIDIA,Quadro RTX 5000 Mobile Refresh,TU104B,Turing,Quadro Turing-M(Tx000),2020-06-08,1035.0,1530.0,1750.0,16.0,GDDR6,256,448.0,3072,384,48,9.4,18.8,0.29,110,7.5,12,13.6,545.0,TSMC,PCIe 3.0 x16,48,4.0,https://www.techpowerup.com/gpu-specs/quadro-rtx-5000-mobile-refresh.c3625
NVIDIA,Quadro RTX 5000 X2 Mobile,TU104,Turing,Quadro Turing-M(Tx000),2020-06-08,1035.0,1530.0,1750.0,16.0,GDDR6,256,448.0,3072,384,48,9.4,18.8,0.29,110,7.5,12,13.6,545.0,TSMC,PCIe 3.0 x16,48,4.0,https://www.techpowerup.com/gpu-specs/quadro-rtx-5000-x2-mobile.c4121
NVIDIA,Quadro T1000 Mobile GDDR6,TU117,Turing,Quadro Turing-M(Tx000),2020-06-08,1395.0,1650.0,1500.0,4.0,GDDR6,128,192.0,896,,,2.96,5.91,0.09,50,7.5,12,4.7,200.0,TSMC,PCIe 3.0 x16,14,1.0,https://www.techpowerup.com/gpu-specs/quadro-t1000-mobile-gddr6.c3624
NVIDIA,RTX A6000,GA102,Ampere,Workstation Ampere(Ax000),2020-10-05,1410.0,1800.0,2000.0,48.0,GDDR6,384,768.0,10752,336,84,38.71,38.71,0.6,300,8.6,8,28.3,628.0,Samsung,PCIe 4.0 x16,84,6.0,https://www.techpowerup.com/gpu-specs/rtx-a6000.c3686
NVIDIA,T500 Max-Q,TU117,Turing,Quadro Turing-M(Tx000),2020-12-02,795.0,1425.0,1250.0,4.0,GDDR6,64,80.0,896,,,2.55,5.11,0.08,18,7.5,12,4.7,200.0,TSMC,PCIe 3.0 x16,14,1.0,https://www.techpowerup.com/gpu-specs/t500-max-q.c4103
NVIDIA,T500 Mobile,TU117,Turing,Quadro Turing-M(Tx000),2020-12-02,1185.0,1560.0,1250.0,4.0,GDDR6,64,80.0,896,,,2.8,5.59,0.09,18,7.5,12,4.7,200.0,TSMC,PCIe 3.0 x16,14,1.0,https://www.techpowerup.com/gpu-specs/t500-mobile.c3747
NVIDIA,Tesla T10 16 GB,TU102,Turing,Tesla Turing(Txx),2020-01-01,1065.0,1395.0,1575.0,16.0,GDDR6,256,403.2,3584,448,56,10.0,20.0,0.31,150,7.5,12,18.6,754.0,TSMC,PCIe 3.0 x16,56,6.0,https://www.techpowerup.com/gpu-specs/tesla-t10-16-gb.c4036
AMD,AeroBox GPU,Kryptos,GCN 1.0,Console GPU(Chuwi),2020-03-13,935.0,985.0,1066.0,8.0,DDR3,256,68.22,896,,,1.76,3.53,0.11,100,,16,,,TSMC,,,,https://www.techpowerup.com/gpu-specs/aerobox-gpu.c3648
AMD,Atari VCS 400 GPU,Banded Kestrel,GCN 5.0,Console GPU(Atari),2020-12-14,300.0,1201.0,1200.0,4.0,DDR4,128,38.4,192,,,0.46,0.92,0.03,15,,14,,149.0,GlobalFoundries,,,,https://www.techpowerup.com/gpu-specs/atari-vcs-400-gpu.c3738
AMD,Atari VCS 800 GPU,Banded Kestrel,GCN 5.0,Console GPU(Atari),2020-12-14,300.0,1201.0,1200.0,8.0,DDR4,128,38.4,192,,,0.46,0.92,0.03,15,,14,,149.0,GlobalFoundries,,,,https://www.techpowerup.com/gpu-specs/atari-vcs-800-gpu.c3654
AMD,Playstation 5 GPU,Oberon Plus,RDNA 2.0,Console GPU(Sony),2022-09-28,2233.0,2233.0,1750.0,16.0,GDDR6,256,448.0,2304,,,10.29,20.58,0.64,180,,6,10.6,260.0,TSMC,,,4.0,https://www.techpowerup.com/gpu-specs/playstation-5-gpu.c3934
AMD,Radeon Graphics 320SP Mobile,Renoir-M,GCN 5.1,Vega II IGP(Renoir Mobile),2020-01-06,400.0,1400.0,,,System Shared,,,320,,,0.9,1.79,0.06,15,,7,9.8,156.0,TSMC,IGP,,,https://www.techpowerup.com/gpu-specs/radeon-graphics-320sp-mobile.c3613
AMD,Radeon Graphics 384SP Mobile,Cezanne-M,GCN 5.1,Vega II IGP(Cezanne Mobile),2021-04-13,300.0,1600.0,,,System Shared,,,384,,,1.23,2.46,0.08,45,,7,9.8,180.0,TSMC,IGP,,,https://www.techpowerup.com/gpu-specs/radeon-graphics-384sp-mobile.c3856
AMD,Radeon Graphics 448SP,Cezanne,GCN 5.1,Vega II IGP(Cezanne),2021-04-13,300.0,1900.0,,,System Shared,,,448,,,1.7,3.4,0.11,45,,7,9.8,180.0,TSMC,IGP,,,https://www.techpowerup.com/gpu-specs/radeon-graphics-448sp.c3833
AMD,Radeon Graphics 448SP Mobile,Barcelo,GCN 5.1,Vega II IGP(Cezanne Mobile),2022-01-06,300.0,1800.0,,,System Shared,,,448,,,1.61,3.23,0.1,45,,7,10.7,180.0,TSMC,IGP,,,https://www.techpowerup.com/gpu-specs/radeon-graphics-448sp-mobile.c4057
AMD,Radeon Graphics 512SP,Cezanne,GCN 5.1,Vega II IGP(Cezanne),2021-01-12,300.0,2000.0,,,System Shared,,,512,,,2.05,4.1,0.13,45,,7,9.8,180.0,TSMC,IGP,,,https://www.techpowerup.com/gpu-specs/radeon-graphics-512sp.c3768
AMD,Radeon Graphics 512SP Mobile,Barcelo,GCN 5.1,Vega II IGP(Cezanne Mobile),2022-01-06,300.0,2000.0,,,System Shared,,,512,,,2.05,4.1,0.13,45,,7,10.7,180.0,TSMC,IGP,,,https://www.techpowerup.com/gpu-specs/radeon-graphics-512sp-mobile.c4056
AMD,Radeon Instinct MI100,Arcturus,CDNA 1.0,Radeon Instinct(MIx),2020-11-16,1000.0,1502.0,1200.0,32.0,HBM2,4096,1230.0,7680,,,23.07,184.6,11.54,300,,7,25.6,750.0,TSMC,PCIe 4.0 x16,,8.0,https://www.techpowerup.com/gpu-specs/radeon-instinct-mi100.c3496
AMD,Radeon Pro 5300,Navi 14,RDNA 1.0,Radeon Pro Mac(Navi Series),2020-08-04,1000.0,1650.0,1750.0,4.0,GDDR6,128,224.0,1280,,,4.22,8.45,0.26,85,,7,6.4,158.0,TSMC,PCIe 4.0 x8,,2.0,https://www.techpowerup.com/gpu-specs/radeon-pro-5300.c3665
AMD,Radeon Pro 5500 XT,Navi 14,RDNA 1.0,Radeon Pro Mac(Navi Series),2020-08-04,1187.0,1757.0,1750.0,8.0,GDDR6,128,224.0,1536,,,5.4,10.8,0.34,125,,7,6.4,158.0,TSMC,PCIe 4.0 x8,,2.0,https://www.techpowerup.com/gpu-specs/radeon-pro-5500-xt.c3664
AMD,Radeon Pro 5600M,Navi 12,RDNA 1.0,Radeon Pro Mac(Navi Mobile),2020-06-15,822.0,1144.0,770.0,8.0,HBM2,2048,394.2,2560,,,5.86,11.71,0.37,50,,7,,,TSMC,PCIe 4.0 x16,,4.0,https://www.techpowerup.com/gpu-specs/radeon-pro-5600m.c3612
AMD,Radeon Pro 5700,Navi 10,RDNA 1.0,Radeon Pro Mac(Navi Series),2020-08-04,1243.0,1350.0,1500.0,8.0,GDDR6,256,384.0,2304,,,6.22,12.44,0.39,130,,7,10.3,251.0,TSMC,PCIe 4.0 x16,,4.0,https://www.techpowerup.com/gpu-specs/radeon-pro-5700.c3663
AMD,Radeon Pro 5700 XT,Navi 10,RDNA 1.0,Radeon Pro Mac(Navi Series),2020-08-04,1243.0,1499.0,1500.0,16.0,GDDR6,256,384.0,2560,,,7.67,15.35,0.48,130,,7,10.3,251.0,TSMC,PCIe 4.0 x16,,4.0,https://www.techpowerup.com/gpu-specs/radeon-pro-5700-xt.c3662
AMD,Radeon Pro V520,Navi 12,RDNA 1.0,Radeon Pro Navi(Navi Series),2020-12-01,1000.0,1600.0,1000.0,8.0,HBM2,2048,512.0,2304,,,7.37,14.75,0.46,225,,7,,,TSMC,PCIe 4.0 x16,,4.0,https://www.techpowerup.com/gpu-specs/radeon-pro-v520.c3755
AMD,Radeon Pro VII,Vega 20,GCN 5.1,Radeon Pro Vega(Vega II Series),2020-05-13,1400.0,1700.0,1000.0,16.0,HBM2,4096,1020.0,3840,,,13.06,26.11,6.53,250,,7,13.23,331.0,TSMC,PCIe 4.0 x16,,4.0,https://www.techpowerup.com/gpu-specs/radeon-pro-vii.c3575
AMD,Radeon Pro W5500,Navi 14,RDNA 1.0,Radeon Pro Navi(Navi Series),2020-02-10,1744.0,1855.0,1750.0,8.0,GDDR6,128,224.0,1408,,,5.22,10.45,0.33,125,,7,6.4,158.0,TSMC,PCIe 4.0 x8,,2.0,https://www.techpowerup.com/gpu-specs/radeon-pro-w5500.c3479
AMD,Radeon Pro W5500M,Navi 14,RDNA 1.0,Radeon Pro Mobile(W5x00M),2020-02-10,1448.0,1645.0,1750.0,4.0,GDDR6,128,224.0,1408,,,4.63,9.27,0.29,85,,7,6.4,158.0,TSMC,PCIe 4.0 x8,,2.0,https://www.techpowerup.com/gpu-specs/radeon-pro-w5500m.c3478
AMD,Radeon RX 5300 OEM,Navi 14,RDNA 1.0,Navi(RX 5000),2020-05-28,1327.0,1645.0,1750.0,3.0,GDDR6,96,168.0,1408,,,4.63,9.27,0.29,100,,7,6.4,158.0,TSMC,PCIe 4.0 x8,,1.5,https://www.techpowerup.com/gpu-specs/radeon-rx-5300-oem.c3584
AMD,Radeon RX 5600 OEM,Navi 10,RDNA 1.0,Navi(RX 5000),2020-01-21,1130.0,1560.0,1500.0,6.0,GDDR6,192,288.0,2048,,,6.39,12.78,0.4,125,,7,10.3,251.0,TSMC,PCIe 4.0 x16,,3.0,https://www.techpowerup.com/gpu-specs/radeon-rx-5600-oem.c3475
AMD,Radeon RX 5600 XT,Navi 10,RDNA 1.0,Navi(RX 5000),2020-01-21,1130.0,1560.0,1500.0,6.0,GDDR6,192,288.0,2304,,,7.19,14.38,0.45,150,,7,10.3,251.0,TSMC,PCIe 4.0 x16,,3.0,https://www.techpowerup.com/gpu-specs/radeon-rx-5600-xt.c3474
AMD,Radeon RX 5600M,Navi 10,RDNA 1.0,Navi Mobile(RX 5000M),2020-07-07,1035.0,1265.0,1500.0,6.0,GDDR6,192,288.0,2304,,,5.83,11.66,0.36,150,,7,10.3,251.0,TSMC,PCIe 4.0 x16,,3.0,https://www.techpowerup.com/gpu-specs/radeon-rx-5600m.c3492
AMD,Radeon RX 5700M,Navi 10,RDNA 1.0,Navi Mobile(RX 5000M),2020-03-01,1465.0,1720.0,1500.0,8.0,GDDR6,256,384.0,2304,,,7.93,15.85,0.5,180,,7,10.3,251.0,TSMC,PCIe 4.0 x16,,8.0,https://www.techpowerup.com/gpu-specs/radeon-rx-5700m.c3476
AMD,Radeon RX 590 GME,Polaris 20,GCN 4.0,Polaris(RX 500),2020-03-09,1257.0,1420.0,2000.0,8.0,GDDR5,256,256.0,2304,,,6.54,6.54,0.41,175,,14,5.7,232.0,GlobalFoundries,PCIe 3.0 x16,,2.0,https://www.techpowerup.com/gpu-specs/radeon-rx-590-gme.c3505
AMD,Radeon RX 640 OEM,Polaris 23,GCN 4.0,Polaris(RX 600),2020-04-09,1295.0,1295.0,1500.0,4.0,GDDR5,128,96.0,640,,,1.66,1.66,0.1,50,,14,2.2,103.0,GlobalFoundries,PCIe 3.0 x8,,0.5,https://www.techpowerup.com/gpu-specs/radeon-rx-640-oem.c4110
AMD,Radeon RX 6800,Navi 21,RDNA 2.0,Navi II(RX 6000),2020-10-28,1700.0,2105.0,2000.0,16.0,GDDR6,256,512.0,3840,,60,16.17,32.33,1.01,250,,7,26.8,520.0,TSMC,PCIe 4.0 x16,,4.0,https://www.techpowerup.com/gpu-specs/radeon-rx-6800.c3713
AMD,Radeon RX 6800 XT,Navi 21,RDNA 2.0,Navi II(RX 6000),2020-10-28,1825.0,2250.0,2000.0,16.0,GDDR6,256,512.0,4608,,72,20.74,41.47,1.3,300,,7,26.8,520.0,TSMC,PCIe 4.0 x16,,4.0,https://www.techpowerup.com/gpu-specs/radeon-rx-6800-xt.c3694
AMD,Radeon RX 6900 XT,Navi 21,RDNA 2.0,Navi II(RX 6000),2020-10-28,1825.0,2250.0,2000.0,16.0,GDDR6,256,512.0,5120,,80,23.04,46.08,1.44,300,,7,26.8,520.0,TSMC,PCIe 4.0 x16,,4.0,https://www.techpowerup.com/gpu-specs/radeon-rx-6900-xt.c3481
AMD,Xbox Series S GPU,Lockhart,RDNA 2.0,Console GPU(Microsoft),2020-11-10,1565.0,1565.0,1750.0,8.0,GDDR6,128,224.0,1280,,,4.01,8.01,0.25,100,,7,8.0,197.0,TSMC,,,2.0,https://www.techpowerup.com/gpu-specs/xbox-series-s-gpu.c3683
AMD,Xbox Series X GPU,Scarlett,RDNA 2.0,Console GPU(Microsoft),2020-11-10,1825.0,1825.0,1750.0,10.0,GDDR6,320,560.0,3328,,,12.15,24.29,0.76,200,,7,15.3,360.0,TSMC,,,5.0,https://www.techpowerup.com/gpu-specs/xbox-series-x-gpu.c3482
Intel,H3C XG310,DG1,Generation 12.1,H3C Graphics,2020-11-11,1050.0,1100.0,2133.0,8.0,LPDDR4X,128,68.26,768,,,1.69,3.38,0.42,300,,10,,95.0,Intel,PCIe 3.0 x16,,1.0,https://www.techpowerup.com/gpu-specs/h3c-xg310.c3745
Intel,Iris Plus Graphics G7 64EU Mobile,Ice Lake GT2,Generation 11.0,HD Graphics-M(Ice Lake),2020-05-04,300.0,1050.0,,,System Shared,,,512,,,1.08,2.15,0.27,15,,10,,,Intel,Ring Bus,,,https://www.techpowerup.com/gpu-specs/iris-plus-graphics-g7-64eu-mobile.c3444
Intel,Iris Xe Graphics G4 48EU Mobile,Tiger Lake GT2,Generation 12.1,HD Graphics-M(Tiger Lake),2020-09-02,300.0,1100.0,,,System Shared,,,384,,,0.84,1.69,0.21,15,,10,,146.0,Intel,Ring Bus,,,https://www.techpowerup.com/gpu-specs/iris-xe-graphics-g4-48eu-mobile.c3679
Intel,Iris Xe Graphics G7 80EU Mobile,Tiger Lake GT2,Generation 12.1,HD Graphics-M(Tiger Lake),2020-09-02,300.0,1100.0,,,System Shared,,,640,,,1.41,2.82,0.35,15,,10,,146.0,Intel,Ring Bus,,1.0,https://www.techpowerup.com/gpu-specs/iris-xe-graphics-g7-80eu-mobile.c3678
Intel,Iris Xe Graphics G7 96EU Mobile,Tiger Lake GT2,Generation 12.1,HD Graphics-M(Tiger Lake),2020-09-02,300.0,1100.0,,,System Shared,,,768,,,1.69,3.38,0.42,15,,10,,146.0,Intel,Ring Bus,,1.0,https://www.techpowerup.com/gpu-specs/iris-xe-graphics-g7-96eu-mobile.c3677
Intel,Iris Xe MAX Graphics,DG1,Generation 12.1,Xe Graphics,2020-10-31,300.0,1650.0,2133.0,4.0,LPDDR4X,128,68.26,768,,,2.53,5.07,0.63,25,,10,,95.0,Intel,PCIe 4.0 x8,,1.0,https://www.techpowerup.com/gpu-specs/iris-xe-max-graphics.c3737
Intel,UHD Graphics 16EU Mobile,Alder Lake,Generation 12.2,HD Graphics-M(Alder Lake),2022-01-04,300.0,1200.0,,,System Shared,,,128,,,0.31,0.61,0.08,15,,10,,,Intel,Ring Bus,,1.0,https://www.techpowerup.com/gpu-specs/uhd-graphics-16eu-mobile.c4115
Intel,UHD Graphics 32EU Mobile,Tiger Lake GT1,Generation 12.1,HD Graphics-M(Tiger Lake),2021-01-01,350.0,1350.0,,,System Shared,,,256,,,0.69,1.38,0.17,15,,10,,,Intel,Ring Bus,,,https://www.techpowerup.com/gpu-specs/uhd-graphics-32eu-mobile.c3811
Intel,UHD Graphics G4 48EU Mobile,Lakefield GT1,Generation 11.0,HD Graphics-M(Lakefield),2020-05-28,200.0,500.0,,,System Shared,,,384,,,0.38,0.77,0.1,15,,10,,,Intel,Ring Bus,,,https://www.techpowerup.com/gpu-specs/uhd-graphics-g4-48eu-mobile.c3692
Intel,UHD Graphics G7 64EU Mobile,Lakefield GT2,Generation 11.0,HD Graphics-M(Lakefield),2020-05-28,200.0,500.0,,,System Shared,,,512,,,0.51,1.02,0.13,15,,10,,,Intel,Ring Bus,,,https://www.techpowerup.com/gpu-specs/uhd-graphics-g7-64eu-mobile.c3691
Intel,Xe DG1,DG1,Generation 12.1,Xe Graphics,2020-01-01,900.0,1550.0,2133.0,4.0,LPDDR4X,128,68.26,640,,,1.98,3.97,0.5,30,,10,,95.0,Intel,PCIe 4.0 x8,,1.0,https://www.techpowerup.com/gpu-specs/xe-dg1.c3718
NVIDIA,A10 PCIe,GA102,Ampere,Server Ampere(Axx),2021-04-12,885.0,1695.0,1563.0,24.0,GDDR6,384,600.2,9216,288,72,31.24,31.24,0.98,150,8.6,8,28.3,628.0,Samsung,PCIe 4.0 x16,72,6.0,https://www.techpowerup.com/gpu-specs/a10-pcie.c3793
NVIDIA,A100 PCIe 80 GB,GA100,Ampere,Server Ampere(Axx),2021-06-28,1065.0,1410.0,1512.0,80.0,HBM2e,5120,1940.0,6912,432,,19.49,77.97,9.75,300,8.0,7,54.2,826.0,TSMC,PCIe 4.0 x16,108,80.0,https://www.techpowerup.com/gpu-specs/a100-pcie-80-gb.c3821
NVIDIA,A100X,GA100,Ampere,Server Ampere(Axx),2021-06-28,795.0,1440.0,1593.0,80.0,HBM2e,5120,2040.0,6912,432,,19.91,79.63,9.95,300,8.0,7,54.2,826.0,TSMC,PCIe 4.0 x8,108,80.0,https://www.techpowerup.com/gpu-specs/a100x.c3958
NVIDIA,A10G,GA102,Ampere,Server Ampere(Axx),2021-04-12,1320.0,1710.0,1563.0,24.0,GDDR6,384,600.2,9216,288,72,31.52,31.52,0.98,150,8.6,8,28.3,628.0,Samsung,PCIe 4.0 x16,72,6.0,https://www.techpowerup.com/gpu-specs/a10g.c3798
NVIDIA,A16 PCIe,GA107,Ampere,Server Ampere(Axx),2021-04-12,1312.0,1755.0,1563.0,16.0,GDDR6,128,200.1,1280,40,10,4.49,4.49,0.14,250,8.6,8,8.7,200.0,Samsung,PCIe 4.0 x8,10,2.0,https://www.techpowerup.com/gpu-specs/a16-pcie.c3794
NVIDIA,A2,GA107,Ampere,Workstation Ampere(Ax000),2021-11-10,1440.0,1770.0,1563.0,16.0,GDDR6,128,200.1,1280,40,10,4.53,4.53,0.07,60,8.6,8,8.7,200.0,Samsung,PCIe 4.0 x8,10,2.0,https://www.techpowerup.com/gpu-specs/a2.c3848
NVIDIA,A2 PCIe,GA107,Ampere,Server Ampere(Axx),2021-11-10,1440.0,1770.0,1563.0,16.0,GDDR6,128,200.1,1280,40,10,4.53,4.53,0.14,60,8.6,8,8.7,200.0,Samsung,PCIe 4.0 x8,10,2.0,https://www.techpowerup.com/gpu-specs/a2-pcie.c4112
NVIDIA,A30 PCIe,GA100,Ampere,Server Ampere(Axx),2021-04-12,930.0,1440.0,1215.0,24.0,HBM2e,3072,933.1,3584,224,,10.32,10.32,5.16,165,8.0,7,54.2,826.0,TSMC,PCIe 4.0 x16,56,24.0,https://www.techpowerup.com/gpu-specs/a30-pcie.c3792
NVIDIA,A30X,GA100,Ampere,Server Ampere(Axx),2021-04-12,1035.0,1440.0,1593.0,24.0,HBM2e,3072,1220.0,3584,224,,10.32,10.32,5.16,230,8.0,7,54.2,826.0,TSMC,PCIe 4.0 x8,56,24.0,https://www.techpowerup.com/gpu-specs/a30x.c3968
NVIDIA,CMP 170HX 10 GB,GA100,Ampere,Mining GPUs,2021-09-01,1140.0,1410.0,1215.0,10.0,HBM2e,5120,1560.0,4480,280,,12.63,50.53,6.32,250,8.0,7,54.2,826.0,TSMC,PCIe 1.0 x4,70,10.0,https://www.techpowerup.com/gpu-specs/cmp-170hx-10-gb.c3957
NVIDIA,CMP 170HX 8 GB,GA100,Ampere,Mining GPUs,2021-09-01,1140.0,1410.0,1458.0,8.0,HBM2e,4096,1490.0,4480,280,,12.63,50.53,6.32,250,8.0,7,54.2,826.0,TSMC,PCIe 1.0 x4,70,8.0,https://www.techpowerup.com/gpu-specs/cmp-170hx-8-gb.c3830
NVIDIA,CMP 30HX,TU116,Turing,Mining GPUs,2021-02-25,1530.0,1785.0,1750.0,6.0,GDDR6,192,336.0,1408,,,5.03,10.05,0.16,125,7.5,12,6.6,284.0,TSMC,PCIe 1.0 x4,22,1.5,https://www.techpowerup.com/gpu-specs/cmp-30hx.c3780
NVIDIA,CMP 40HX,TU106,Turing,Mining GPUs,2021-02-25,1470.0,1650.0,1750.0,8.0,GDDR6,256,448.0,2304,288,36,7.6,15.21,0.24,185,7.5,12,10.8,445.0,TSMC,PCIe 1.0 x4,36,4.0,https://www.techpowerup.com/gpu-specs/cmp-40hx.c3781
NVIDIA,CMP 50HX,TU102,Turing,Mining GPUs,2021-06-24,1350.0,1545.0,1750.0,10.0,GDDR6,320,560.0,3584,448,56,11.07,22.15,0.35,250,7.5,12,18.6,754.0,TSMC,PCIe 1.0 x4,56,5.0,https://www.techpowerup.com/gpu-specs/cmp-50hx.c3782
NVIDIA,CMP 70HX,GA104,Ampere,Mining GPUs,2021-01-01,1365.0,1395.0,1188.0,8.0,GDDR6X,256,608.3,3840,120,30,10.71,10.71,0.17,,8.6,8,17.4,392.0,Samsung,PCIe 1.0 x4,30,4.0,https://www.techpowerup.com/gpu-specs/cmp-70hx.c3822
NVIDIA,CMP 90HX,GA102,Ampere,Mining GPUs,2021-07-28,1500.0,1710.0,1188.0,10.0,GDDR6X,320,760.3,6400,200,50,21.89,21.89,0.34,320,8.6,8,28.3,628.0,Samsung,PCIe 1.0 x4,50,5.0,https://www.techpowerup.com/gpu-specs/cmp-90hx.c3783
NVIDIA,GeForce GT 1010,GP108,Pascal,GeForce 10,2021-01-13,1228.0,1468.0,1502.0,2.0,GDDR5,64,48.06,256,,,0.75,,0.03,30,6.1,14,1.8,74.0,Samsung,PCIe 3.0 x4,2,0.25,https://www.techpowerup.com/gpu-specs/geforce-gt-1010.c3762
NVIDIA,GeForce GT 1010 DDR4,GP108,Pascal,GeForce 10,2021-01-13,1152.0,1380.0,1050.0,2.0,DDR4,64,16.8,256,,,0.71,,0.03,20,6.1,14,1.8,74.0,Samsung,PCIe 3.0 x4,2,0.25,https://www.techpowerup.com/gpu-specs/geforce-gt-1010-ddr4.c3874
NVIDIA,GeForce MX550,TU117SB,Turing,GeForce MX(5xx),2021-12-17,1065.0,1320.0,1500.0,2.0,GDDR6,64,96.0,1024,,,2.7,2.7,0.04,25,7.5,12,4.7,200.0,TSMC,PCIe 4.0 x8,16,2.0,https://www.techpowerup.com/gpu-specs/geforce-mx550.c3860
NVIDIA,GeForce MX570,GA107S,Ampere,GeForce MX(5xx),2021-12-17,832.0,1155.0,1500.0,2.0,GDDR6,64,96.0,2048,64,16,4.73,4.73,0.07,15,8.6,8,8.7,200.0,Samsung,PCIe 4.0 x8,16,2.0,https://www.techpowerup.com/gpu-specs/geforce-mx570.c3919
NVIDIA,GeForce MX570 A,GA107SB,Ampere,GeForce MX(5xx),2021-12-17,832.0,1155.0,1500.0,2.0,GDDR6,64,96.0,2048,64,16,4.73,4.73,0.07,25,8.6,8,8.7,200.0,Samsung,PCIe 4.0 x8,16,2.0,https://www.techpowerup.com/gpu-specs/geforce-mx570-a.c3943
NVIDIA,GeForce RTX 2050 Max-Q,GA107,Ampere,GeForce 20 Mobile,2021-12-17,832.0,1155.0,1475.0,4.0,GDDR6,64,94.4,2048,64,32,4.73,9.46,0.15,30,8.6,8,8.7,200.0,Samsung,PCIe 3.0 x8,16,2.0,https://www.techpowerup.com/gpu-specs/geforce-rtx-2050-max-q.c4012
NVIDIA,GeForce RTX 2050 Mobile,GA107,Ampere,GeForce 20 Mobile,2021-12-17,735.0,1245.0,1750.0,4.0,GDDR6,64,112.0,2048,64,32,5.1,10.2,0.16,30,8.6,8,8.7,200.0,Samsung,PCIe 3.0 x8,16,2.0,https://www.techpowerup.com/gpu-specs/geforce-rtx-2050-mobile.c3859
NVIDIA,GeForce RTX 2060 12 GB,TU106,Turing,GeForce 20,2021-12-07,1470.0,1650.0,1750.0,12.0,GDDR6,192,336.0,2176,272,34,7.18,14.36,0.22,184,7.5,12,10.8,445.0,TSMC,PCIe 3.0 x16,34,3.0,https://www.techpowerup.com/gpu-specs/geforce-rtx-2060-12-gb.c3836
NVIDIA,GeForce RTX 3050 Max-Q,GA107,Ampere,GeForce 30 Mobile,2021-05-11,712.0,1057.0,1375.0,4.0,GDDR6,128,176.0,2048,64,16,4.33,4.33,0.07,35,8.6,8,8.7,200.0,Samsung,PCIe 4.0 x8,16,2.0,https://www.techpowerup.com/gpu-specs/geforce-rtx-3050-max-q.c3972
NVIDIA,GeForce RTX 3050 Mobile,GA107,Ampere,GeForce 30 Mobile,2021-05-11,1065.0,1343.0,1500.0,4.0,GDDR6,128,192.0,2048,64,16,5.5,5.5,0.09,45,8.6,8,8.7,200.0,Samsung,PCIe 4.0 x8,16,2.0,https://www.techpowerup.com/gpu-specs/geforce-rtx-3050-mobile.c3788
NVIDIA,GeForce RTX 3050 Ti Max-Q,GA107,Ampere,GeForce 30 Mobile,2021-05-11,735.0,1035.0,1375.0,4.0,GDDR6,128,176.0,2560,80,20,5.3,5.3,0.08,75,8.6,8,8.7,200.0,Samsung,PCIe 4.0 x8,20,2.0,https://www.techpowerup.com/gpu-specs/geforce-rtx-3050-ti-max-q.c4149
NVIDIA,GeForce RTX 3050 Ti Mobile,GA106,Ampere,GeForce 30 Mobile,2021-05-11,735.0,1035.0,1500.0,4.0,GDDR6,128,192.0,2560,80,20,5.3,5.3,0.08,75,8.6,8,12.0,276.0,Samsung,PCIe 4.0 x16,20,2.0,https://www.techpowerup.com/gpu-specs/geforce-rtx-3050-ti-mobile.c3812
NVIDIA,GeForce RTX 3060 12 GB,GA106,Ampere,GeForce 30,2021-01-12,1320.0,1777.0,1875.0,12.0,GDDR6,192,360.0,3584,112,28,12.74,12.74,0.2,170,8.6,8,12.0,276.0,Samsung,PCIe 4.0 x16,28,3.0,https://www.techpowerup.com/gpu-specs/geforce-rtx-3060-12-gb.c3682
NVIDIA,GeForce RTX 3060 12 GB GA104,GA104,Ampere,GeForce 30,2021-09-01,1320.0,1777.0,1875.0,12.0,GDDR6,192,360.0,3584,112,28,12.74,12.74,0.2,170,8.6,8,17.4,392.0,Samsung,PCIe 4.0 x16,28,3.0,https://www.techpowerup.com/gpu-specs/geforce-rtx-3060-12-gb-ga104.c3832
NVIDIA,GeForce RTX 3060 3840SP,GA106,Ampere,GeForce 30,2021-01-01,1627.0,1852.0,1750.0,6.0,GDDR6,192,336.0,3840,120,30,14.22,14.22,0.22,185,8.6,8,12.0,276.0,Samsung,PCIe 4.0 x16,30,3.0,https://www.techpowerup.com/gpu-specs/geforce-rtx-3060-3840sp.c4080
NVIDIA,GeForce RTX 3060 Max-Q,GA106,Ampere,GeForce 30 Mobile,2021-01-12,817.0,1282.0,1500.0,6.0,GDDR6,192,288.0,3840,120,30,9.85,9.85,0.15,60,8.6,8,12.0,276.0,Samsung,PCIe 4.0 x16,30,3.0,https://www.techpowerup.com/gpu-specs/geforce-rtx-3060-max-q.c3752
NVIDIA,GeForce RTX 3060 Mobile,GA106,Ampere,GeForce 30 Mobile,2021-01-12,900.0,1425.0,1750.0,6.0,GDDR6,192,336.0,3840,120,30,10.94,10.94,0.17,80,8.6,8,12.0,276.0,Samsung,PCIe 4.0 x16,30,3.0,https://www.techpowerup.com/gpu-specs/geforce-rtx-3060-mobile.c3757
NVIDIA,GeForce RTX 3070 Max-Q,GA104,Ampere,GeForce 30 Mobile,2021-01-12,780.0,1290.0,1500.0,8.0,GDDR6,256,384.0,5120,160,40,13.21,13.21,0.21,80,8.6,8,17.4,392.0,Samsung,PCIe 4.0 x16,40,4.0,https://www.techpowerup.com/gpu-specs/geforce-rtx-3070-max-q.c3685
NVIDIA,GeForce RTX 3070 Mobile,GA104,Ampere,GeForce 30 Mobile,2021-01-12,1110.0,1560.0,1750.0,8.0,GDDR6,256,448.0,5120,160,40,15.97,15.97,0.25,115,8.6,8,17.4,392.0,Samsung,PCIe 4.0 x16,40,4.0,https://www.techpowerup.com/gpu-specs/geforce-rtx-3070-mobile.c3712
NVIDIA,GeForce RTX 3070 Ti,GA104,Ampere,GeForce 30,2021-05-31,1575.0,1770.0,1188.0,8.0,GDDR6X,256,608.3,6144,192,48,21.75,21.75,0.34,290,8.6,8,17.4,392.0,Samsung,PCIe 4.0 x16,48,4.0,https://www.techpowerup.com/gpu-specs/geforce-rtx-3070-ti.c3675
NVIDIA,GeForce RTX 3080 Max-Q,GA104,Ampere,GeForce 30 Mobile,2021-01-12,780.0,1245.0,1500.0,8.0,GDDR6,256,384.0,6144,192,48,15.3,15.3,0.24,80,8.6,8,17.4,392.0,Samsung,PCIe 4.0 x16,48,4.0,https://www.techpowerup.com/gpu-specs/geforce-rtx-3080-max-q.c3753
NVIDIA,GeForce RTX 3080 Mobile,GA104,Ampere,GeForce 30 Mobile,2021-01-12,1110.0,1545.0,1750.0,8.0,GDDR6,256,448.0,6144,192,48,18.98,18.98,0.3,115,8.6,8,17.4,392.0,Samsung,PCIe 4.0 x16,48,4.0,https://www.techpowerup.com/gpu-specs/geforce-rtx-3080-mobile.c3684
NVIDIA,GeForce RTX 3080 Ti,GA102,Ampere,GeForce 30,2021-05-31,1365.0,1665.0,1188.0,12.0,GDDR6X,384,912.4,10240,320,80,34.1,34.1,0.53,350,8.6,8,28.3,628.0,Samsung,PCIe 4.0 x16,80,6.0,https://www.techpowerup.com/gpu-specs/geforce-rtx-3080-ti.c3735
NVIDIA,PG506-207,GA100,Ampere,Server Ampere(Axx),2021-04-12,930.0,1440.0,1215.0,24.0,HBM2,3072,933.1,3584,224,,10.32,10.32,5.16,165,8.0,7,54.2,826.0,TSMC,PCIe 4.0 x16,56,24.0,https://www.techpowerup.com/gpu-specs/pg506-207.c3962
NVIDIA,PG506-217,GA100,Ampere,Server Ampere(Axx),2021-04-12,930.0,1440.0,1215.0,24.0,HBM2,3072,933.1,3584,224,,10.32,10.32,5.16,165,8.0,7,54.2,826.0,TSMC,PCIe 4.0 x16,56,24.0,https://www.techpowerup.com/gpu-specs/pg506-217.c3963
NVIDIA,PG506-232,GA100,Ampere,Server Ampere(Axx),2021-04-12,930.0,1440.0,1215.0,24.0,HBM2,3072,933.1,3584,224,,10.32,10.32,5.16,165,8.0,7,54.2,826.0,TSMC,PCIe 4.0 x16,56,24.0,https://www.techpowerup.com/gpu-specs/pg506-232.c3799
NVIDIA,PG506-242,GA100,Ampere,Server Ampere(Axx),2021-04-12,930.0,1440.0,1215.0,24.0,HBM2,3072,933.1,3584,224,,10.32,10.32,5.16,165,8.0,7,54.2,826.0,TSMC,PCIe 4.0 x16,56,24.0,https://www.techpowerup.com/gpu-specs/pg506-242.c3823
NVIDIA,Quadro T1200 Max-Q,TU117,Turing,Quadro Turing-M(Tx000),2021-04-12,855.0,1425.0,1250.0,4.0,GDDR6,128,160.0,1024,,,2.92,5.84,0.09,18,7.5,12,4.7,200.0,TSMC,PCIe 3.0 x16,16,1.0,https://www.techpowerup.com/gpu-specs/quadro-t1200-max-q.c4006
NVIDIA,Quadro T1200 Mobile,TU117,Turing,Quadro Turing-M(Tx000),2021-04-12,1515.0,1785.0,1500.0,4.0,GDDR6,128,192.0,1024,,,3.66,7.31,0.11,18,7.5,12,4.7,200.0,TSMC,PCIe 3.0 x16,16,1.0,https://www.techpowerup.com/gpu-specs/quadro-t1200-mobile.c3803
NVIDIA,RTX A2000,GA106,Ampere,Workstation Ampere(Ax000),2021-08-10,562.0,1200.0,1500.0,6.0,GDDR6,192,288.0,3328,104,26,7.99,7.99,0.12,70,8.6,8,12.0,276.0,Samsung,PCIe 4.0 x16,26,3.0,https://www.techpowerup.com/gpu-specs/rtx-a2000.c3820
NVIDIA,RTX A2000 12 GB,GA106,Ampere,Workstation Ampere(Ax000),2021-11-23,562.0,1200.0,1500.0,12.0,GDDR6,192,288.0,3328,104,26,7.99,7.99,0.12,70,8.6,8,12.0,276.0,Samsung,PCIe 4.0 x16,26,3.0,https://www.techpowerup.com/gpu-specs/rtx-a2000-12-gb.c3853
NVIDIA,RTX A2000 Max-Q,GA107,Ampere,Ampere-MW(Ax000),2021-04-12,682.0,1207.0,1375.0,4.0,GDDR6,128,176.0,2560,80,20,6.18,6.18,0.1,95,8.6,8,8.7,200.0,Samsung,PCIe 4.0 x16,20,2.0,https://www.techpowerup.com/gpu-specs/rtx-a2000-max-q.c4007
NVIDIA,RTX A2000 Max-Q 8 GB,GA107,Ampere,Ampere-MW(Ax000),2021-04-12,607.0,1177.0,1375.0,8.0,GDDR6,128,176.0,2560,80,20,6.03,6.03,0.09,95,8.6,8,8.7,200.0,Samsung,PCIe 4.0 x16,20,2.0,https://www.techpowerup.com/gpu-specs/rtx-a2000-max-q-8-gb.c4288
NVIDIA,RTX A2000 Mobile,GA107,Ampere,Ampere-MW(Ax000),2021-04-12,1215.0,1687.0,1500.0,4.0,GDDR6,128,192.0,2560,80,20,8.64,8.64,0.14,95,8.6,8,8.7,200.0,Samsung,PCIe 4.0 x16,20,2.0,https://www.techpowerup.com/gpu-specs/rtx-a2000-mobile.c3827
NVIDIA,RTX A2000 Mobile 8 GB,GA107,Ampere,Ampere-MW(Ax000),2021-04-12,1117.0,1612.0,1750.0,8.0,GDDR6,128,224.0,2560,80,20,8.25,8.25,0.13,95,8.6,8,8.7,200.0,Samsung,PCIe 4.0 x16,20,2.0,https://www.techpowerup.com/gpu-specs/rtx-a2000-mobile-8-gb.c4287
NVIDIA,RTX A3000 Mobile,GA104,Ampere,Ampere-MW(Ax000),2021-04-12,600.0,1230.0,1375.0,6.0,GDDR6,192,264.0,4096,128,32,10.08,10.08,0.16,70,8.6,8,17.4,392.0,Samsung,PCIe 4.0 x16,32,4.0,https://www.techpowerup.com/gpu-specs/rtx-a3000-mobile.c3806
NVIDIA,RTX A3000 Mobile 12 GB,GA104,Ampere,Ampere-MW(Ax000),2022-03-22,855.0,1440.0,1750.0,12.0,GDDR6,192,336.0,4096,128,32,11.8,11.8,0.18,115,8.6,8,17.4,392.0,Samsung,PCIe 4.0 x16,32,4.0,https://www.techpowerup.com/gpu-specs/rtx-a3000-mobile-12-gb.c3903
NVIDIA,RTX A4 Mobile,GA107,Ampere,Ampere-MW(Ax000),2021-04-12,1297.0,1770.0,1750.0,4.0,GDDR6,128,224.0,2048,64,16,7.25,7.25,0.11,,8.6,8,8.7,200.0,Samsung,PCIe 4.0 x8,16,2.0,https://www.techpowerup.com/gpu-specs/rtx-a4-mobile.c3789
NVIDIA,RTX A4000,GA104,Ampere,Workstation Ampere(Ax000),2021-04-12,735.0,1560.0,1750.0,16.0,GDDR6,256,448.0,6144,192,48,19.17,19.17,0.3,140,8.6,8,17.4,392.0,Samsung,PCIe 4.0 x16,48,4.0,https://www.techpowerup.com/gpu-specs/rtx-a4000.c3756
NVIDIA,RTX A4000 Max-Q,GA104,Ampere,Ampere-MW(Ax000),2021-04-12,780.0,1395.0,1375.0,8.0,GDDR6,256,352.0,5120,160,40,14.28,14.28,0.22,80,8.6,8,17.4,392.0,Samsung,PCIe 4.0 x16,40,4.0,https://www.techpowerup.com/gpu-specs/rtx-a4000-max-q.c4008
NVIDIA,RTX A4000 Mobile,GA104,Ampere,Ampere-MW(Ax000),2021-04-12,1140.0,1680.0,1500.0,8.0,GDDR6,256,384.0,5120,160,40,17.2,17.2,0.27,115,8.6,8,17.4,392.0,Samsung,PCIe 4.0 x16,40,4.0,https://www.techpowerup.com/gpu-specs/rtx-a4000-mobile.c3804
NVIDIA,RTX A4000H,GA104,Ampere,Workstation Ampere(Ax000),2021-04-12,735.0,1560.0,1750.0,16.0,GDDR6,256,448.0,6144,192,48,19.17,19.17,0.3,140,8.6,8,17.4,392.0,Samsung,PCIe 4.0 x16,48,4.0,https://www.techpowerup.com/gpu-specs/rtx-a4000h.c3969
NVIDIA,RTX A4500,GA102,Ampere,Workstation Ampere(Ax000),2021-11-23,1050.0,1650.0,2000.0,20.0,GDDR6,320,640.0,7168,224,56,23.65,23.65,0.37,200,8.6,8,28.3,628.0,Samsung,PCIe 4.0 x16,56,6.0,https://www.techpowerup.com/gpu-specs/rtx-a4500.c3849
NVIDIA,RTX A500,GA107,Ampere,Workstation Ampere(Ax000),2021-11-10,1440.0,1770.0,1750.0,4.0,GDDR6,64,112.0,2048,64,16,7.25,7.25,0.11,60,8.6,8,8.7,200.0,Samsung,PCIe 4.0 x8,16,2.0,https://www.techpowerup.com/gpu-specs/rtx-a500.c3989
NVIDIA,RTX A5000,GA102,Ampere,Workstation Ampere(Ax000),2021-04-12,1170.0,1695.0,2000.0,24.0,GDDR6,384,768.0,8192,256,64,27.77,27.77,0.43,230,8.6,8,28.3,628.0,Samsung,PCIe 4.0 x16,64,6.0,https://www.techpowerup.com/gpu-specs/rtx-a5000.c3748
NVIDIA,RTX A5000 Max-Q,GA104,Ampere,Ampere-MW(Ax000),2021-04-12,720.0,1350.0,1500.0,16.0,GDDR6,256,384.0,6144,192,48,16.59,16.59,0.26,80,8.6,8,17.4,392.0,Samsung,PCIe 4.0 x16,48,4.0,https://www.techpowerup.com/gpu-specs/rtx-a5000-max-q.c4010
NVIDIA,RTX A5000 Mobile,GA104,Ampere,Ampere-MW(Ax000),2021-04-12,900.0,1575.0,1750.0,16.0,GDDR6,256,448.0,6144,192,48,19.35,19.35,0.3,150,8.6,8,17.4,392.0,Samsung,PCIe 4.0 x16,48,4.0,https://www.techpowerup.com/gpu-specs/rtx-a5000-mobile.c3805
NVIDIA,RTX A5000-12Q,GA102,Ampere,Workstation Ampere(Ax000),2021-04-12,1170.0,1695.0,2000.0,12.0,GDDR6,384,768.0,8192,256,64,27.77,27.77,0.43,230,8.6,8,28.3,628.0,Samsung,PCIe 4.0 x16,64,6.0,https://www.techpowerup.com/gpu-specs/rtx-a5000-12q.c3991
NVIDIA,RTX A5000-8Q,GA102,Ampere,Workstation Ampere(Ax000),2021-04-12,1170.0,1695.0,2000.0,8.0,GDDR6,384,768.0,8192,256,64,27.77,27.77,0.43,230,8.6,8,28.3,628.0,Samsung,PCIe 4.0 x16,64,6.0,https://www.techpowerup.com/gpu-specs/rtx-a5000-8q.c3990
NVIDIA,T1000,TU117,Turing,Quadro Turing(Tx000),2021-05-06,1065.0,1395.0,1250.0,4.0,GDDR6,128,160.0,896,,,2.5,5.0,0.08,50,7.5,12,4.7,200.0,TSMC,PCIe 3.0 x16,14,1.0,https://www.techpowerup.com/gpu-specs/t1000.c3797
NVIDIA,T1000 8 GB,TU117,Turing,Quadro Turing(Tx000),2021-05-06,1065.0,1395.0,1250.0,8.0,GDDR6,128,160.0,896,,,2.5,5.0,0.08,50,7.5,12,4.7,200.0,TSMC,PCIe 3.0 x16,14,1.0,https://www.techpowerup.com/gpu-specs/t1000-8-gb.c3842
NVIDIA,T400,TU117,Turing,Quadro Turing(Tx000),2021-05-06,420.0,1425.0,1250.0,2.0,GDDR6,64,80.0,384,,,1.09,2.19,0.03,30,7.5,12,4.7,200.0,TSMC,PCIe 3.0 x16,6,1.0,https://www.techpowerup.com/gpu-specs/t400.c3808
NVIDIA,T400 4 GB,TU117,Turing,Quadro Turing(Tx000),2021-05-06,420.0,1425.0,1250.0,4.0,GDDR6,64,80.0,384,,,1.09,2.19,0.03,30,7.5,12,4.7,200.0,TSMC,PCIe 3.0 x16,6,1.0,https://www.techpowerup.com/gpu-specs/t400-4-gb.c3843
NVIDIA,T600,TU117,Turing,Quadro Turing(Tx000),2021-04-12,735.0,1335.0,1250.0,4.0,GDDR6,128,160.0,640,,,1.71,3.42,0.05,40,7.5,12,4.7,200.0,TSMC,PCIe 3.0 x16,10,1.0,https://www.techpowerup.com/gpu-specs/t600.c3796
NVIDIA,T600 Max-Q,TU117,Turing,Quadro Turing-M(Tx000),2021-04-12,930.0,1395.0,1250.0,4.0,GDDR6,128,160.0,896,,,2.5,5.0,0.08,40,7.5,12,4.7,200.0,TSMC,PCIe 3.0 x16,14,1.0,https://www.techpowerup.com/gpu-specs/t600-max-q.c3817
NVIDIA,T600 Mobile,TU117,Turing,Quadro Turing-M(Tx000),2021-04-12,780.0,1410.0,1500.0,4.0,GDDR6,128,192.0,896,,,2.53,5.05,0.08,40,7.5,12,4.7,200.0,TSMC,PCIe 3.0 x16,14,1.0,https://www.techpowerup.com/gpu-specs/t600-mobile.c4151
AMD,Radeon Graphics 384SP,Cezanne,GCN 5.1,Vega II IGP(Cezanne),2021-04-13,300.0,1700.0,,,System Shared,,,384,,,1.31,2.61,0.08,45,,7,9.8,180.0,TSMC,IGP,,,https://www.techpowerup.com/gpu-specs/radeon-graphics-384sp.c3855
AMD,Radeon Instinct MI200,Aldebaran,CDNA 2.0,Radeon Instinct(MIx),2021-12-01,1000.0,1700.0,1600.0,64.0,HBM2e,4096,1640.0,6656,,,22.63,181.0,22.63,300,,6,58.2,724.0,TSMC,PCIe 4.0 x16,,16.0,https://www.techpowerup.com/gpu-specs/radeon-instinct-mi200.c4077
AMD,Radeon Instinct MI210,Aldebaran,CDNA 2.0,Radeon Instinct(MIx),2021-12-01,1000.0,1700.0,1600.0,64.0,HBM2e,4096,1640.0,6656,,,22.63,181.0,22.63,300,,6,58.2,724.0,TSMC,PCIe 4.0 x16,,16.0,https://www.techpowerup.com/gpu-specs/radeon-instinct-mi210.c3857
AMD,Radeon Instinct MI250,Aldebaran,CDNA 2.0,Radeon Instinct(MIx),2021-11-08,1000.0,1700.0,1600.0,128.0,HBM2e,8192,3280.0,13312,,,45.26,362.1,45.26,500,,6,58.2,724.0,TSMC,PCIe 4.0 x16,,16.0,https://www.techpowerup.com/gpu-specs/radeon-instinct-mi250.c3847
AMD,Radeon Instinct MI250X,Aldebaran,CDNA 2.0,Radeon Instinct(MIx),2021-11-08,1000.0,1700.0,1600.0,128.0,HBM2e,8192,3280.0,14080,,,47.87,383.0,47.87,500,,6,58.2,724.0,TSMC,PCIe 4.0 x16,,16.0,https://www.techpowerup.com/gpu-specs/radeon-instinct-mi250x.c3837
AMD,Radeon PRO V620,Navi 21,RDNA 2.0,Radeon Pro Navi(Navi II Series),2021-11-04,1825.0,2200.0,2000.0,32.0,GDDR6,256,512.0,4608,,72,20.28,40.55,1.27,300,,7,26.8,520.0,TSMC,PCIe 4.0 x16,,4.0,https://www.techpowerup.com/gpu-specs/radeon-pro-v620.c3846
AMD,Radeon PRO W6600,Navi 23,RDNA 2.0,Radeon Pro Navi(Navi II Series),2021-06-08,2331.0,2580.0,1750.0,8.0,GDDR6,128,224.0,1792,,28,9.25,18.49,0.58,100,,7,11.06,237.0,TSMC,PCIe 4.0 x8,,2.0,https://www.techpowerup.com/gpu-specs/radeon-pro-w6600.c3818
AMD,Radeon Pro W6600M,Navi 23,RDNA 2.0,Radeon Pro Mobile(W6x00M),2021-06-08,1224.0,2034.0,1750.0,8.0,GDDR6,128,224.0,1792,,28,7.29,14.58,0.46,90,,7,11.06,237.0,TSMC,PCIe 4.0 x16,,2.0,https://www.techpowerup.com/gpu-specs/radeon-pro-w6600m.c3819
AMD,Radeon Pro W6600X,Navi 23,RDNA 2.0,Radeon Pro Mac(Navi II Series),2021-08-03,2068.0,2479.0,2000.0,8.0,GDDR6,128,256.0,2048,,32,10.15,20.31,0.63,120,,7,11.06,237.0,TSMC,Apple MPX,,2.0,https://www.techpowerup.com/gpu-specs/radeon-pro-w6600x.c4104
AMD,Radeon PRO W6800,Navi 21,RDNA 2.0,Radeon Pro Navi(Navi II Series),2021-06-08,1575.0,2322.0,2000.0,32.0,GDDR6,256,512.0,3840,,60,17.83,35.67,1.11,250,,7,26.8,520.0,TSMC,PCIe 4.0 x16,,4.0,https://www.techpowerup.com/gpu-specs/radeon-pro-w6800.c3809
AMD,Radeon Pro W6800X,Navi 21,RDNA 2.0,Radeon Pro Mac(Navi II Series),2021-08-03,1800.0,2087.0,2000.0,32.0,GDDR6,256,512.0,3840,,60,16.03,32.06,1.0,200,,7,26.8,520.0,TSMC,Apple MPX,,4.0,https://www.techpowerup.com/gpu-specs/radeon-pro-w6800x.c3826
AMD,Radeon Pro W6800X Duo,Navi 21,RDNA 2.0,Radeon Pro Mac(Navi II Series),2021-08-03,1800.0,1967.0,2000.0,32.0,GDDR6,256,512.0,3840,,60,15.11,30.21,0.94,400,,7,26.8,520.0,TSMC,Apple MPX,,4.0,https://www.techpowerup.com/gpu-specs/radeon-pro-w6800x-duo.c3824
AMD,Radeon Pro W6900X,Navi 21,RDNA 2.0,Radeon Pro Mac(Navi II Series),2021-08-03,1825.0,2171.0,2000.0,32.0,GDDR6,256,512.0,5120,,80,22.23,44.46,1.39,300,,7,26.8,520.0,TSMC,Apple MPX,,4.0,https://www.techpowerup.com/gpu-specs/radeon-pro-w6900x.c3825
AMD,Radeon RX 6600,Navi 23,RDNA 2.0,Navi II(RX 6000),2021-10-13,1626.0,2491.0,1750.0,8.0,GDDR6,128,224.0,1792,,28,8.93,17.86,0.56,132,,7,11.06,237.0,TSMC,PCIe 4.0 x8,,2.0,https://www.techpowerup.com/gpu-specs/radeon-rx-6600.c3696
AMD,Radeon RX 6600 XT,Navi 23,RDNA 2.0,Navi II(RX 6000),2021-07-30,1968.0,2589.0,2000.0,8.0,GDDR6,128,256.0,2048,,32,10.6,21.21,0.66,160,,7,11.06,237.0,TSMC,PCIe 4.0 x8,,2.0,https://www.techpowerup.com/gpu-specs/radeon-rx-6600-xt.c3774
AMD,Radeon RX 6600M,Navi 23,RDNA 2.0,Navi Mobile(RX 6000M),2021-05-31,2068.0,2416.0,1750.0,8.0,GDDR6,128,224.0,1792,,28,8.66,17.32,0.54,100,,7,11.06,237.0,TSMC,PCIe 4.0 x8,,2.0,https://www.techpowerup.com/gpu-specs/radeon-rx-6600m.c3776
AMD,Radeon RX 6700,Navi 22,RDNA 2.0,Navi II(RX 6000),2021-06-09,1941.0,2450.0,2000.0,10.0,GDDR6,160,320.0,2304,,36,11.29,22.58,0.71,175,,7,17.2,335.0,TSMC,PCIe 4.0 x16,,3.0,https://www.techpowerup.com/gpu-specs/radeon-rx-6700.c3716
AMD,Radeon RX 6700 XT,Navi 22,RDNA 2.0,Navi II(RX 6000),2021-03-03,2321.0,2581.0,2000.0,12.0,GDDR6,192,384.0,2560,,40,13.21,26.43,0.83,230,,7,17.2,335.0,TSMC,PCIe 4.0 x16,,3.0,https://www.techpowerup.com/gpu-specs/radeon-rx-6700-xt.c3695
AMD,Radeon RX 6700M,Navi 22,RDNA 2.0,Navi Mobile(RX 6000M),2021-05-31,1489.0,2400.0,2000.0,10.0,GDDR6,160,320.0,2304,,36,11.06,22.12,0.69,135,,7,17.2,335.0,TSMC,PCIe 4.0 x16,,3.0,https://www.techpowerup.com/gpu-specs/radeon-rx-6700m.c3775
AMD,Radeon RX 6800M,Navi 22,RDNA 2.0,Navi Mobile(RX 6000M),2021-05-31,2116.0,2390.0,2000.0,12.0,GDDR6,192,384.0,2560,,40,12.24,24.47,0.76,145,,7,17.2,335.0,TSMC,PCIe 4.0 x16,,3.0,https://www.techpowerup.com/gpu-specs/radeon-rx-6800m.c3786
Intel,Arctic Sound 1T,Arctic Sound,Generation 12.5,Data Center GPU(Arctic Sound),2021-01-01,900.0,900.0,1200.0,16.0,HBM2e,4096,1230.0,6144,,,11.06,22.12,2.77,350,,10,8.0,190.0,Intel,PCIe 4.0 x16,,8.0,https://www.techpowerup.com/gpu-specs/arctic-sound-1t.c3886
Intel,Arctic Sound 2T,Arctic Sound,Generation 12.5,Data Center GPU(Arctic Sound),2021-01-01,900.0,900.0,1200.0,16.0,HBM2e,4096,1230.0,7680,,,13.82,27.65,3.46,500,,10,8.0,190.0,Intel,PCIe 4.0 x16,,8.0,https://www.techpowerup.com/gpu-specs/arctic-sound-2t.c3503
Intel,UHD Graphics 16EU,Rocket Lake,Generation 12.1,HD Graphics(Rocket Lake),2021-01-01,300.0,900.0,,,System Shared,,,128,,,0.23,0.46,,15,,14,,,Intel,Ring Bus,,,https://www.techpowerup.com/gpu-specs/uhd-graphics-16eu.c3764
Intel,UHD Graphics 730,Raptor Lake,Generation 12.2,HD Graphics(Raptor Lake),2023-01-03,300.0,1550.0,,,System Shared,,,192,,,0.6,1.19,,15,,10,,,Intel,Ring Bus,,,https://www.techpowerup.com/gpu-specs/uhd-graphics-730.c4144
Intel,UHD Graphics 750,Rocket Lake,Generation 12.1,HD Graphics(Rocket Lake),2021-03-30,300.0,1300.0,,,System Shared,,,256,,,0.67,1.33,,15,,14,,,Intel,Ring Bus,,,https://www.techpowerup.com/gpu-specs/uhd-graphics-750.c3766
Intel,UHD Graphics 770,Raptor Lake,Generation 12.2,HD Graphics(Raptor Lake),2022-09-27,300.0,1550.0,,,System Shared,,,256,,,0.79,1.59,,15,,10,,,Intel,Ring Bus,,,https://www.techpowerup.com/gpu-specs/uhd-graphics-770.c3940
Intel,UHD Graphics P750,Rocket Lake,Generation 12.1,HD Graphics-W(Rocket Lake),2021-01-01,350.0,1300.0,,,System Shared,,,256,,,0.67,1.33,0.17,15,,14,,,Intel,Ring Bus,,,https://www.techpowerup.com/gpu-specs/uhd-graphics-p750.c3767
NVIDIA,A10M,GA102,Ampere,Server Ampere(Axx),2022-02-01,975.0,1635.0,1563.0,20.0,GDDR6,320,500.2,7168,224,56,23.44,23.44,0.73,150,8.6,8,28.3,628.0,Samsung,PCIe 4.0 x16,56,6.0,https://www.techpowerup.com/gpu-specs/a10m.c4200
NVIDIA,A800 PCIe 40 GB,GA100,Ampere,Server Ampere(Axx),2022-11-08,765.0,1410.0,1215.0,40.0,HBM2e,5120,1560.0,6912,432,,19.49,77.97,9.75,250,8.0,7,54.2,826.0,TSMC,PCIe 4.0 x16,108,40.0,https://www.techpowerup.com/gpu-specs/a800-pcie-40-gb.c3964
NVIDIA,A800 PCIe 80 GB,GA100,Ampere,Server Ampere(Axx),2022-11-08,1065.0,1410.0,1512.0,80.0,HBM2e,5120,1940.0,6912,432,,19.49,77.97,9.75,250,8.0,7,54.2,826.0,TSMC,PCIe 4.0 x16,108,80.0,https://www.techpowerup.com/gpu-specs/a800-pcie-80-gb.c3965
NVIDIA,A800 SXM4 80 GB,GA100,Ampere,Server Ampere(Axx),2022-08-11,1155.0,1410.0,1593.0,80.0,HBM2e,5120,2040.0,6912,432,,19.49,77.97,9.75,400,8.0,7,54.2,826.0,TSMC,PCIe 4.0 x16,108,40.0,https://www.techpowerup.com/gpu-specs/a800-sxm4-80-gb.c3966
NVIDIA,GeForce GTX 1630,TU117,Turing,GeForce 16,2022-06-28,1740.0,1785.0,1500.0,4.0,GDDR6,64,96.0,512,,,1.83,3.66,0.06,75,7.5,12,4.7,200.0,TSMC,PCIe 3.0 x16,8,1.0,https://www.techpowerup.com/gpu-specs/geforce-gtx-1630.c3916
NVIDIA,GeForce RTX 3050 4 GB,GA107,Ampere,GeForce 30,2022-01-27,1545.0,1740.0,1500.0,4.0,GDDR6,128,192.0,2048,64,16,7.13,7.13,0.11,90,8.6,8,8.7,200.0,Samsung,PCIe 4.0 x8,16,2.0,https://www.techpowerup.com/gpu-specs/geforce-rtx-3050-4-gb.c3744
NVIDIA,GeForce RTX 3050 8 GB,GA106,Ampere,GeForce 30,2022-01-04,1552.0,1777.0,1750.0,8.0,GDDR6,128,224.0,2560,80,20,9.1,9.1,0.14,130,8.6,8,12.0,276.0,Samsung,PCIe 4.0 x8,20,2.0,https://www.techpowerup.com/gpu-specs/geforce-rtx-3050-8-gb.c3858
NVIDIA,GeForce RTX 3050 8 GB GA107,GA107,Ampere,GeForce 30,2022-12-16,1552.0,1777.0,1750.0,8.0,GDDR6,128,224.0,2560,80,20,9.1,9.1,0.14,115,8.6,8,8.7,200.0,Samsung,PCIe 4.0 x8,20,2.0,https://www.techpowerup.com/gpu-specs/geforce-rtx-3050-8-gb-ga107.c3880
NVIDIA,GeForce RTX 3050 Max-Q Refresh 4 GB,GA107,Ampere,GeForce 30 Mobile,2022-07-06,757.0,1125.0,1375.0,4.0,GDDR6,128,176.0,2048,64,16,4.61,4.61,0.07,35,8.6,8,8.7,200.0,Samsung,PCIe 4.0 x8,16,2.0,https://www.techpowerup.com/gpu-specs/geforce-rtx-3050-max-q-refresh-4-gb.c4092
NVIDIA,GeForce RTX 3050 Max-Q Refresh 6 GB,GA107,Ampere,GeForce 30 Mobile,2022-07-06,622.0,990.0,1375.0,6.0,GDDR6,96,132.0,2560,80,20,5.07,5.07,0.08,35,8.6,8,8.7,200.0,Samsung,PCIe 4.0 x8,20,2.0,https://www.techpowerup.com/gpu-specs/geforce-rtx-3050-max-q-refresh-6-gb.c3970
NVIDIA,GeForce RTX 3050 Mobile Refresh 4 GB,GA107,Ampere,GeForce 30 Mobile,2022-07-06,652.0,1207.0,1750.0,4.0,GDDR6,128,224.0,2560,80,20,6.18,6.18,0.1,45,8.6,8,8.7,200.0,Samsung,PCIe 4.0 x8,20,2.0,https://www.techpowerup.com/gpu-specs/geforce-rtx-3050-mobile-refresh-4-gb.c4156
NVIDIA,GeForce RTX 3050 Mobile Refresh 6 GB,GA107,Ampere,GeForce 30 Mobile,2022-07-06,1237.0,1492.0,1750.0,6.0,GDDR6,96,168.0,2560,80,20,7.64,7.64,0.12,75,8.6,8,8.7,200.0,Samsung,PCIe 4.0 x8,20,2.0,https://www.techpowerup.com/gpu-specs/geforce-rtx-3050-mobile-refresh-6-gb.c3971
NVIDIA,GeForce RTX 3050 OEM,GA106,Ampere,GeForce 30,2022-01-04,1515.0,1755.0,1750.0,8.0,GDDR6,128,224.0,2304,72,18,8.09,8.09,0.13,130,8.6,8,12.0,276.0,Samsung,PCIe 4.0 x8,18,2.0,https://www.techpowerup.com/gpu-specs/geforce-rtx-3050-oem.c3915
NVIDIA,GeForce RTX 3060 8 GB,GA106,Ampere,GeForce 30,2022-10-12,1320.0,1777.0,1875.0,8.0,GDDR6,128,240.0,3584,112,28,12.74,12.74,0.2,170,8.6,8,12.0,276.0,Samsung,PCIe 4.0 x16,28,3.0,https://www.techpowerup.com/gpu-specs/geforce-rtx-3060-8-gb.c3937
NVIDIA,GeForce RTX 3060 8 GB GA104,GA104,Ampere,GeForce 30,2022-10-01,1320.0,1777.0,1875.0,8.0,GDDR6,128,240.0,3584,112,28,12.74,12.74,0.2,195,8.6,8,17.4,392.0,Samsung,PCIe 4.0 x16,28,3.0,https://www.techpowerup.com/gpu-specs/geforce-rtx-3060-8-gb-ga104.c4132
NVIDIA,GeForce RTX 3060 Ti GA103,GA103,Ampere,GeForce 30,2022-02-23,1410.0,1665.0,1750.0,8.0,GDDR6,256,448.0,4864,152,38,16.2,16.2,0.25,200,8.6,8,22.0,496.0,Samsung,PCIe 4.0 x16,38,4.0,https://www.techpowerup.com/gpu-specs/geforce-rtx-3060-ti-ga103.c3872
NVIDIA,GeForce RTX 3060 Ti GDDR6X,GA104,Ampere,GeForce 30,2022-10-19,1410.0,1665.0,1188.0,8.0,GDDR6X,256,608.3,4864,152,38,16.2,16.2,0.25,225,8.6,8,17.4,392.0,Samsung,PCIe 4.0 x16,38,4.0,https://www.techpowerup.com/gpu-specs/geforce-rtx-3060-ti-gddr6x.c3935
NVIDIA,GeForce RTX 3070 Ti 8 GB GA102,GA102,Ampere,GeForce 30,2022-10-21,1575.0,1770.0,1188.0,8.0,GDDR6X,256,608.3,6144,192,48,21.75,21.75,0.34,290,8.6,8,28.3,628.0,Samsung,PCIe 4.0 x16,48,4.0,https://www.techpowerup.com/gpu-specs/geforce-rtx-3070-ti-8-gb-ga102.c3936
NVIDIA,GeForce RTX 3070 Ti Max-Q,GA104,Ampere,GeForce 30 Mobile,2022-01-04,510.0,1035.0,1500.0,8.0,GDDR6,256,384.0,5888,184,46,12.19,12.19,0.19,80,8.6,8,17.4,392.0,Samsung,PCIe 4.0 x16,46,4.0,https://www.techpowerup.com/gpu-specs/geforce-rtx-3070-ti-max-q.c3923
NVIDIA,GeForce RTX 3070 Ti Mobile,GA104,Ampere,GeForce 30 Mobile,2022-01-04,915.0,1410.0,1750.0,8.0,GDDR6,256,448.0,5888,184,46,16.6,16.6,0.26,115,8.6,8,17.4,392.0,Samsung,PCIe 4.0 x16,46,4.0,https://www.techpowerup.com/gpu-specs/geforce-rtx-3070-ti-mobile.c3852
NVIDIA,GeForce RTX 3070 TiM,GA104,Ampere,GeForce 30,2022-11-01,915.0,1410.0,1750.0,8.0,GDDR6,256,448.0,5888,184,46,16.6,16.6,0.26,220,8.6,8,17.4,392.0,Samsung,PCIe 4.0 x16,46,4.0,https://www.techpowerup.com/gpu-specs/geforce-rtx-3070-tim.c3951
NVIDIA,GeForce RTX 3080 12 GB,GA102,Ampere,GeForce 30,2022-01-11,1260.0,1710.0,1188.0,12.0,GDDR6X,384,912.4,8960,280,70,30.64,30.64,0.48,350,8.6,8,28.3,628.0,Samsung,PCIe 4.0 x16,70,6.0,https://www.techpowerup.com/gpu-specs/geforce-rtx-3080-12-gb.c3834
NVIDIA,GeForce RTX 3080 Ti 20 GB,GA102,Ampere,GeForce 30,2022-01-01,1335.0,1665.0,1188.0,20.0,GDDR6X,320,760.3,10240,320,80,34.1,34.1,0.53,350,8.6,8,28.3,628.0,Samsung,PCIe 4.0 x16,80,6.0,https://www.techpowerup.com/gpu-specs/geforce-rtx-3080-ti-20-gb.c3831
NVIDIA,GeForce RTX 3080 Ti Max-Q,GA103,Ampere,GeForce 30 Mobile,2022-01-25,585.0,1125.0,1500.0,16.0,GDDR6,256,384.0,7424,232,58,16.7,16.7,0.26,80,8.6,8,22.0,496.0,Samsung,PCIe 4.0 x16,58,4.0,https://www.techpowerup.com/gpu-specs/geforce-rtx-3080-ti-max-q.c3841
NVIDIA,GeForce RTX 3080 Ti Mobile,GA103,Ampere,GeForce 30 Mobile,2022-01-25,810.0,1260.0,2000.0,16.0,GDDR6,256,512.0,7424,232,58,18.71,18.71,0.29,115,8.6,8,22.0,496.0,Samsung,PCIe 4.0 x16,58,4.0,https://www.techpowerup.com/gpu-specs/geforce-rtx-3080-ti-mobile.c3840
NVIDIA,GeForce RTX 3090 Ti,GA102,Ampere,GeForce 30,2022-01-27,1560.0,1860.0,1313.0,24.0,GDDR6X,384,1010.0,10752,336,84,40.0,40.0,0.62,450,8.6,8,28.3,628.0,Samsung,PCIe 4.0 x16,84,6.0,https://www.techpowerup.com/gpu-specs/geforce-rtx-3090-ti.c3829
NVIDIA,GeForce RTX 4080,AD103,Ada Lovelace,GeForce 40,2022-09-20,2205.0,2505.0,1400.0,16.0,GDDR6X,256,716.8,9728,304,76,48.74,48.74,0.76,320,8.9,5,45.9,379.0,TSMC,PCIe 4.0 x16,76,64.0,https://www.techpowerup.com/gpu-specs/geforce-rtx-4080.c3888
NVIDIA,GeForce RTX 4090,AD102,Ada Lovelace,GeForce 40,2022-09-20,2235.0,2520.0,1313.0,24.0,GDDR6X,384,1010.0,16384,512,128,82.58,82.58,1.29,450,8.9,5,76.3,609.0,TSMC,PCIe 4.0 x16,128,72.0,https://www.techpowerup.com/gpu-specs/geforce-rtx-4090.c3889
NVIDIA,H100 PCIe 80 GB,GH100,Hopper,Server Hopper(Hxx),2022-10-01,1095.0,1755.0,1593.0,80.0,HBM2e,5120,2040.0,14592,456,,51.22,204.9,25.61,350,9.0,5,80.0,814.0,TSMC,PCIe 5.0 x16,114,50.0,https://www.techpowerup.com/gpu-specs/h100-pcie-80-gb.c3899
NVIDIA,H100 SXM5 80 GB,GH100,Hopper,Server Hopper(Hxx),2022-10-01,1590.0,1980.0,1313.0,80.0,HBM3,5120,3360.0,16896,528,,66.91,267.6,33.45,700,9.0,5,80.0,814.0,TSMC,PCIe 5.0 x16,132,50.0,https://www.techpowerup.com/gpu-specs/h100-sxm5-80-gb.c3900
NVIDIA,L40,AD102,Ada Lovelace,Server Ada(Lxx),2022-10-13,735.0,2490.0,2250.0,48.0,GDDR6,384,864.0,18176,568,142,90.52,90.52,1.41,300,8.9,5,76.3,609.0,TSMC,PCIe 4.0 x16,142,96.0,https://www.techpowerup.com/gpu-specs/l40.c3959
NVIDIA,L40 CNX,AD102,Ada Lovelace,Server Ada(Lxx),2022-10-13,1005.0,2475.0,2250.0,24.0,GDDR6,384,864.0,18176,568,142,89.97,89.97,1.41,300,8.9,5,76.3,609.0,TSMC,PCIe 4.0 x16,142,48.0,https://www.techpowerup.com/gpu-specs/l40-cnx.c3961
NVIDIA,L40G,AD102,Ada Lovelace,Server Ada(Lxx),2022-10-13,1005.0,2475.0,2250.0,24.0,GDDR6,384,864.0,18176,568,142,89.97,89.97,1.41,300,8.9,5,76.3,609.0,TSMC,PCIe 4.0 x16,142,48.0,https://www.techpowerup.com/gpu-specs/l40g.c3960
NVIDIA,L40S,AD102,Ada Lovelace,Server Ada(Lxx),2022-10-13,1110.0,2520.0,2250.0,48.0,GDDR6,384,864.0,18176,568,142,91.61,91.61,1.43,300,8.9,5,76.3,609.0,TSMC,PCIe 4.0 x16,142,48.0,https://www.techpowerup.com/gpu-specs/l40s.c4173
NVIDIA,RTX 6000 Ada Generation,AD102,Ada Lovelace,Workstation Ada(x000A),2022-12-03,915.0,2505.0,2500.0,48.0,GDDR6,384,960.0,18176,568,142,91.06,91.06,1.42,300,8.9,5,76.3,609.0,TSMC,PCIe 4.0 x16,142,96.0,https://www.techpowerup.com/gpu-specs/rtx-6000-ada-generation.c3933
NVIDIA,RTX A1000 Embedded,GA107S,Ampere,Ampere-MW(Ax000),2022-03-30,630.0,1140.0,1750.0,4.0,GDDR6,128,224.0,2048,64,16,4.67,4.67,0.07,35,8.6,8,8.7,200.0,Samsung,PCIe 4.0 x8,16,2.0,https://www.techpowerup.com/gpu-specs/rtx-a1000-embedded.c3895
NVIDIA,RTX A1000 Mobile,GA107,Ampere,Ampere-MW(Ax000),2022-03-30,630.0,1140.0,1375.0,4.0,GDDR6,128,176.0,2048,64,16,4.67,4.67,0.07,60,8.6,8,8.7,200.0,Samsung,PCIe 4.0 x8,16,2.0,https://www.techpowerup.com/gpu-specs/rtx-a1000-mobile.c3920
NVIDIA,RTX A1000 Mobile 6 GB,GA107,Ampere,Ampere-MW(Ax000),2022-03-30,652.0,1140.0,1375.0,6.0,GDDR6,96,132.0,2560,80,20,5.84,5.84,0.09,60,8.6,8,8.7,200.0,Samsung,PCIe 4.0 x8,20,2.0,https://www.techpowerup.com/gpu-specs/rtx-a1000-mobile-6-gb.c4137
NVIDIA,RTX A2000 Embedded,GA107,Ampere,Ampere-MW(Ax000),2022-03-30,607.0,1177.0,1500.0,4.0,GDDR6,128,192.0,2560,80,20,6.03,6.03,0.09,35,8.6,8,8.7,200.0,Samsung,PCIe 4.0 x8,20,2.0,https://www.techpowerup.com/gpu-specs/rtx-a2000-embedded.c3861
NVIDIA,RTX A4500 Embedded,GA104,Ampere,Ampere-MW(Ax000),2022-03-30,510.0,1215.0,1500.0,16.0,GDDR6,256,384.0,5888,184,46,14.31,14.31,0.22,80,8.6,8,17.4,392.0,Samsung,PCIe 4.0 x16,46,4.0,https://www.techpowerup.com/gpu-specs/rtx-a4500-embedded.c3893
NVIDIA,RTX A4500 Max-Q,GA104,Ampere,Ampere-MW(Ax000),2022-03-22,510.0,1215.0,1750.0,16.0,GDDR6,256,448.0,5888,184,46,14.31,14.31,0.22,80,8.6,8,17.4,392.0,Samsung,PCIe 4.0 x16,46,4.0,https://www.techpowerup.com/gpu-specs/rtx-a4500-max-q.c4009
NVIDIA,RTX A4500 Mobile,GA104,Ampere,Ampere-MW(Ax000),2022-03-22,930.0,1500.0,2000.0,16.0,GDDR6,256,512.0,5888,184,46,17.66,17.66,0.28,140,8.6,8,17.4,392.0,Samsung,PCIe 4.0 x16,46,4.0,https://www.techpowerup.com/gpu-specs/rtx-a4500-mobile.c3851
NVIDIA,RTX A500 Embedded,GA107S,Ampere,Ampere-MW(Ax000),2022-03-30,435.0,1335.0,1500.0,4.0,GDDR6,64,96.0,2048,64,16,5.47,5.47,0.09,20,8.6,8,8.7,200.0,Samsung,PCIe 4.0 x8,16,2.0,https://www.techpowerup.com/gpu-specs/rtx-a500-embedded.c3896
NVIDIA,RTX A500 Mobile,GA107S,Ampere,Ampere-MW(Ax000),2022-03-22,832.0,1537.0,1500.0,4.0,GDDR6,64,96.0,2048,64,16,6.3,6.3,0.1,30,8.6,8,8.7,200.0,Samsung,PCIe 4.0 x8,16,2.0,https://www.techpowerup.com/gpu-specs/rtx-a500-mobile.c3939
NVIDIA,RTX A5500,GA102,Ampere,Workstation Ampere(Ax000),2022-03-22,1080.0,1665.0,2000.0,24.0,GDDR6,384,768.0,10240,320,80,34.1,34.1,0.53,230,8.6,8,28.3,628.0,Samsung,PCIe 4.0 x16,80,6.0,https://www.techpowerup.com/gpu-specs/rtx-a5500.c3901
NVIDIA,RTX A5500 Max-Q,GA103,Ampere,Ampere-MW(Ax000),2022-03-22,585.0,1260.0,1750.0,16.0,GDDR6,256,448.0,7424,232,58,18.71,18.71,0.29,80,8.6,8,22.0,496.0,Samsung,PCIe 4.0 x16,58,4.0,https://www.techpowerup.com/gpu-specs/rtx-a5500-max-q.c4011
NVIDIA,RTX A5500 Mobile,GA103,Ampere,Ampere-MW(Ax000),2022-03-22,975.0,1500.0,2000.0,16.0,GDDR6,256,512.0,7424,232,58,22.27,22.27,0.35,165,8.6,8,22.0,496.0,Samsung,PCIe 4.0 x16,58,4.0,https://www.techpowerup.com/gpu-specs/rtx-a5500-mobile.c3902
NVIDIA,T550 Mobile,TU117,Turing,Quadro Turing-M(Tx000),2022-05-01,1065.0,1665.0,1500.0,4.0,GDDR6,64,96.0,1024,,,3.41,6.82,0.11,23,7.5,12,4.7,200.0,TSMC,PCIe 3.0 x16,16,1.0,https://www.techpowerup.com/gpu-specs/t550-mobile.c3918
AMD,Radeon 610M,Dragon Range,RDNA 2.0,Navi II IGP(Dragon Range-M),2023-01-03,400.0,2200.0,,,System Shared,,,128,,2,0.56,1.13,0.04,15,,5,,264.0,TSMC,PCIe 4.0 x8,,2.0,https://www.techpowerup.com/gpu-specs/radeon-610m.c4021
AMD,Radeon 660M,Rembrandt+,RDNA 2.0,Navi II IGP(Rembrandt Mobile),2023-01-03,1500.0,1900.0,,,System Shared,,,384,,6,1.46,2.92,0.09,40,,6,13.1,208.0,TSMC,PCIe 4.0 x8,,2.0,https://www.techpowerup.com/gpu-specs/radeon-660m.c4136
AMD,Radeon 680M,Rembrandt+,RDNA 2.0,Navi II IGP(Rembrandt Mobile),2023-01-03,2000.0,2200.0,,,System Shared,,,768,,12,3.38,6.76,0.21,50,,6,13.1,208.0,TSMC,PCIe 4.0 x8,,2.0,https://www.techpowerup.com/gpu-specs/radeon-680m.c4135
AMD,Radeon Graphics 128SP,Raphael,RDNA 2.0,Navi II IGP(Raphael),2022-09-27,400.0,2200.0,,,System Shared,,,128,,2,0.56,1.13,0.04,15,,5,3.4,264.0,TSMC,PCIe 4.0 x8,,2.0,https://www.techpowerup.com/gpu-specs/radeon-graphics-128sp.c3993
AMD,Radeon PRO W6300,Navi 24,RDNA 2.0,Radeon Pro Navi(Navi II Series),2022-01-19,1512.0,2040.0,2000.0,2.0,GDDR6,32,64.0,768,,12,3.13,6.27,0.2,25,,6,5.4,107.0,TSMC,PCIe 4.0 x4,,1.0,https://www.techpowerup.com/gpu-specs/radeon-pro-w6300.c3982
AMD,Radeon Pro W6300M,Navi 24,RDNA 2.0,Radeon Pro Mobile(W6x00M),2022-01-19,1512.0,2040.0,2000.0,2.0,GDDR6,32,64.0,768,,12,3.13,6.27,0.2,25,,6,5.4,107.0,TSMC,PCIe 4.0 x4,,1.0,https://www.techpowerup.com/gpu-specs/radeon-pro-w6300m.c3952
AMD,Radeon PRO W6400,Navi 24,RDNA 2.0,Radeon Pro Navi(Navi II Series),2022-01-19,2039.0,2321.0,2000.0,4.0,GDDR6,64,128.0,768,,12,3.56,7.13,0.22,50,,6,5.4,107.0,TSMC,PCIe 4.0 x4,,1.0,https://www.techpowerup.com/gpu-specs/radeon-pro-w6400.c3873
AMD,Radeon RX 6400,Navi 24,RDNA 2.0,Navi II(RX 6000),2022-01-19,1923.0,2321.0,2000.0,4.0,GDDR6,64,128.0,768,,12,3.56,7.13,0.22,53,,6,5.4,107.0,TSMC,PCIe 4.0 x4,,1.0,https://www.techpowerup.com/gpu-specs/radeon-rx-6400.c3813
AMD,Radeon RX 6500 XT,Navi 24,RDNA 2.0,Navi II(RX 6000),2022-01-19,2310.0,2815.0,2248.0,4.0,GDDR6,64,143.9,1024,,16,5.76,11.53,0.36,107,,6,5.4,107.0,TSMC,PCIe 4.0 x4,,1.0,https://www.techpowerup.com/gpu-specs/radeon-rx-6500-xt.c3850
AMD,Radeon RX 6500M,Navi 24,RDNA 2.0,Navi Mobile(RX 6000M),2022-01-04,2000.0,2400.0,2250.0,4.0,GDDR6,64,144.0,1024,,16,4.92,9.83,0.31,50,,6,5.4,107.0,TSMC,PCIe 4.0 x4,,1.0,https://www.techpowerup.com/gpu-specs/radeon-rx-6500m.c3865
AMD,Radeon RX 6600S,Navi 23,RDNA 2.0,Navi Mobile(RX 6000M),2022-01-04,1700.0,2000.0,1750.0,4.0,GDDR6,128,224.0,1792,,28,7.17,14.34,0.45,80,,7,11.06,237.0,TSMC,PCIe 4.0 x8,,2.0,https://www.techpowerup.com/gpu-specs/radeon-rx-6600s.c3869
AMD,Radeon RX 6650 XT,Navi 23,RDNA 2.0,Navi II(RX 6000),2022-05-10,2055.0,2635.0,2190.0,8.0,GDDR6,128,280.3,2048,,32,10.79,21.59,0.67,176,,7,11.06,237.0,TSMC,PCIe 4.0 x8,,2.0,https://www.techpowerup.com/gpu-specs/radeon-rx-6650-xt.c3898
AMD,Radeon RX 6650M,Navi 23,RDNA 2.0,Navi Mobile(RX 6000M),2022-01-04,2068.0,2416.0,1750.0,8.0,GDDR6,128,224.0,1792,,28,8.66,17.32,0.54,120,,7,11.06,237.0,TSMC,PCIe 4.0 x8,,2.0,https://www.techpowerup.com/gpu-specs/radeon-rx-6650m.c3863
AMD,Radeon RX 6650M XT,Navi 23,RDNA 2.0,Navi Mobile(RX 6000M),2022-01-04,2068.0,2416.0,2000.0,8.0,GDDR6,128,256.0,2048,,32,9.9,19.79,0.62,120,,7,11.06,237.0,TSMC,PCIe 4.0 x8,,2.0,https://www.techpowerup.com/gpu-specs/radeon-rx-6650m-xt.c3864
AMD,Radeon RX 6700S,Navi 23,RDNA 2.0,Navi Mobile(RX 6000M),2022-01-04,1700.0,2000.0,1750.0,8.0,GDDR6,128,224.0,1792,,28,7.17,14.34,0.45,80,,7,11.06,237.0,TSMC,PCIe 4.0 x8,,2.0,https://www.techpowerup.com/gpu-specs/radeon-rx-6700s.c3868
AMD,Radeon RX 6750 XT,Navi 22,RDNA 2.0,Navi II(RX 6000),2022-03-03,2150.0,2600.0,2250.0,12.0,GDDR6,192,432.0,2560,,40,13.31,26.62,0.83,250,,7,17.2,335.0,TSMC,PCIe 4.0 x16,,3.0,https://www.techpowerup.com/gpu-specs/radeon-rx-6750-xt.c3879
AMD,Radeon RX 6800S,Navi 23,RDNA 2.0,Navi Mobile(RX 6000M),2022-01-04,1800.0,2100.0,2000.0,8.0,GDDR6,128,256.0,2048,,32,8.6,17.2,0.54,100,,7,11.06,237.0,TSMC,PCIe 4.0 x8,,2.0,https://www.techpowerup.com/gpu-specs/radeon-rx-6800s.c3867
AMD,Radeon RX 6850M XT,Navi 22,RDNA 2.0,Navi Mobile(RX 6000M),2022-01-04,2321.0,2581.0,2250.0,12.0,GDDR6,192,432.0,2560,,40,13.21,26.43,0.83,165,,7,17.2,335.0,TSMC,PCIe 4.0 x16,,3.0,https://www.techpowerup.com/gpu-specs/radeon-rx-6850m-xt.c3862
AMD,Radeon RX 6950 XT,Navi 21,RDNA 2.0,Navi II(RX 6000),2022-05-10,1860.0,2310.0,2250.0,16.0,GDDR6,256,576.0,5120,,80,23.65,47.31,1.48,335,,7,26.8,520.0,TSMC,PCIe 4.0 x16,,4.0,https://www.techpowerup.com/gpu-specs/radeon-rx-6950-xt.c3875
AMD,Radeon RX 7900 XT,Navi 31,RDNA 3.0,Navi III(RX 7000),2022-11-03,1387.0,2394.0,2500.0,20.0,GDDR6,320,800.0,5376,,84,51.48,103.0,1.61,300,,5,57.7,529.0,TSMC,PCIe 4.0 x16,,6.0,https://www.techpowerup.com/gpu-specs/radeon-rx-7900-xt.c3912
AMD,Radeon RX 7900 XTX,Navi 31,RDNA 3.0,Navi III(RX 7000),2022-11-03,1929.0,2498.0,2500.0,24.0,GDDR6,384,960.0,6144,,96,61.39,122.8,1.92,355,,5,57.7,529.0,TSMC,PCIe 4.0 x16,,6.0,https://www.techpowerup.com/gpu-specs/radeon-rx-7900-xtx.c3941
AMD,Steam Deck GPU,Van Gogh,RDNA 2.0,Console GPU(Valve),2022-02-25,1000.0,1600.0,1375.0,16.0,LPDDR5,128,176.0,512,,8,1.64,3.28,0.1,15,,7,2.4,163.0,TSMC,,,1.0,https://www.techpowerup.com/gpu-specs/steam-deck-gpu.c3897
Intel,Arc A310,DG2-128,Xe-HPG,Alchemist(Arc 3),2022-10-12,1750.0,1750.0,1937.0,4.0,GDDR6,64,124.0,768,,6,2.69,5.38,0.67,30,,6,7.2,157.0,TSMC,PCIe 4.0 x8,,4.0,https://www.techpowerup.com/gpu-specs/arc-a310.c3930
Intel,Arc A350,DG2-128,Xe-HPG,Alchemist(Arc 3),2022-01-01,2000.0,2000.0,1937.0,4.0,GDDR6,64,124.0,768,,6,3.07,6.14,0.77,25,,6,7.2,157.0,TSMC,PCIe 4.0 x8,,4.0,https://www.techpowerup.com/gpu-specs/arc-a350.c3931
Intel,Arc A350M,DG2-128,Xe-HPG,Alchemist(Arc 3 Mobile),2022-03-30,1150.0,2200.0,1750.0,4.0,GDDR6,64,112.0,768,,6,3.38,6.76,0.84,25,,6,7.2,157.0,TSMC,PCIe 4.0 x8,,4.0,https://www.techpowerup.com/gpu-specs/arc-a350m.c3905
Intel,Arc A370M,DG2-128,Xe-HPG,Alchemist(Arc 3 Mobile),2022-03-30,1550.0,2050.0,1750.0,4.0,GDDR6,64,112.0,1024,,8,4.2,8.4,1.05,35,,6,7.2,157.0,TSMC,PCIe 4.0 x8,,4.0,https://www.techpowerup.com/gpu-specs/arc-a370m.c3906
Intel,Arc A380,DG2-128,Xe-HPG,Alchemist(Arc 3),2022-06-14,2000.0,2050.0,1937.0,6.0,GDDR6,96,186.0,1024,,8,4.2,8.4,1.05,75,,6,7.2,157.0,TSMC,PCIe 4.0 x8,,4.0,https://www.techpowerup.com/gpu-specs/arc-a380.c3913
Intel,Arc A550M,DG2-512,Xe-HPG,Alchemist(Arc 5 Mobile),2022-01-01,900.0,2050.0,1750.0,8.0,GDDR6,128,224.0,2048,,16,8.4,16.79,,60,,6,21.7,406.0,TSMC,PCIe 4.0 x16,,8.0,https://www.techpowerup.com/gpu-specs/arc-a550m.c3907
Intel,Arc A730M,DG2-512,Xe-HPG,Alchemist(Arc 7 Mobile),2022-01-01,1100.0,2050.0,1750.0,12.0,GDDR6,192,336.0,3072,,24,12.6,25.19,,80,,6,21.7,406.0,TSMC,PCIe 4.0 x16,,12.0,https://www.techpowerup.com/gpu-specs/arc-a730m.c3908
Intel,Arc A750,DG2-512,Xe-HPG,Alchemist(Arc 7),2022-10-12,2050.0,2400.0,2000.0,8.0,GDDR6,256,512.0,3584,,28,17.2,34.41,2.15,225,,6,21.7,406.0,TSMC,PCIe 4.0 x16,,16.0,https://www.techpowerup.com/gpu-specs/arc-a750.c3929
Intel,Arc A770,DG2-512,Xe-HPG,Alchemist(Arc 7),2022-10-12,2100.0,2400.0,2000.0,16.0,GDDR6,256,512.0,4096,,32,19.66,39.32,2.46,225,,6,21.7,406.0,TSMC,PCIe 4.0 x16,,16.0,https://www.techpowerup.com/gpu-specs/arc-a770.c3914
Intel,Arc A770M,DG2-512,Xe-HPG,Alchemist(Arc 7 Mobile),2022-01-01,1650.0,2050.0,2000.0,16.0,GDDR6,256,512.0,4096,,32,16.79,33.59,,120,,6,21.7,406.0,TSMC,PCIe 4.0 x16,,16.0,https://www.techpowerup.com/gpu-specs/arc-a770m.c3909
Intel,Arc Pro A30M,DG2-128,Xe-HPG,Alchemist(Pro-Series Mobile),2022-08-08,1500.0,2000.0,2000.0,4.0,GDDR6,64,128.0,1024,,8,4.1,8.19,1.02,50,,6,7.2,157.0,TSMC,PCIe 4.0 x8,,4.0,https://www.techpowerup.com/gpu-specs/arc-pro-a30m.c3927
Intel,Arc Pro A40,DG2-128,Xe-HPG,Alchemist(Pro Series),2022-08-08,1500.0,1700.0,2000.0,6.0,GDDR6,96,192.0,1024,,8,3.48,6.96,0.87,50,,6,7.2,157.0,TSMC,PCIe 4.0 x8,,4.0,https://www.techpowerup.com/gpu-specs/arc-pro-a40.c3925
Intel,Arc Pro A50,DG2-128,Xe-HPG,Alchemist(Pro Series),2022-08-08,2000.0,2350.0,2000.0,6.0,GDDR6,96,192.0,1024,,8,4.81,9.63,1.2,75,,6,7.2,157.0,TSMC,PCIe 4.0 x8,,4.0,https://www.techpowerup.com/gpu-specs/arc-pro-a50.c3926
Intel,Arctic Sound-M,Arctic Sound,Generation 12.5,Data Center GPU(Arctic Sound),2022-01-01,900.0,900.0,1200.0,16.0,HBM2e,4096,1230.0,8192,,,14.75,29.49,3.69,500,,10,8.0,190.0,Intel,PCIe 4.0 x16,,8.0,https://www.techpowerup.com/gpu-specs/arctic-sound-m.c3885
Intel,Data Center GPU Flex 140,DG2-128,Xe-HPG,Data Center GPU(Arctic Sound),2022-08-24,1600.0,1950.0,1937.0,6.0,GDDR6,96,186.0,1024,,8,3.99,7.99,,75,,6,7.2,157.0,TSMC,PCIe 4.0 x8,,4.0,https://www.techpowerup.com/gpu-specs/data-center-gpu-flex-140.c4072
Intel,Data Center GPU Flex 170,DG2-512,Xe-HPG,Data Center GPU(Arctic Sound),2022-08-24,1950.0,2050.0,2000.0,16.0,GDDR6,256,512.0,4096,,32,16.79,33.59,,150,,6,21.7,406.0,TSMC,PCIe 4.0 x16,,16.0,https://www.techpowerup.com/gpu-specs/data-center-gpu-flex-170.c4071
Intel,Iris Xe Graphics 80EU Mobile,Raptor Lake,Generation 12.2,HD Graphics-M(Raptor Lake),2023-01-04,300.0,1450.0,,,System Shared,,,640,,,1.86,3.71,,15,,10,,,Intel,Ring Bus,,,https://www.techpowerup.com/gpu-specs/iris-xe-graphics-80eu-mobile.c4059
Intel,Iris Xe Graphics 96EU Mobile,Raptor Lake,Generation 12.2,HD Graphics-M(Raptor Lake),2023-01-04,300.0,1300.0,,,System Shared,,,768,,,2.0,3.99,,15,,10,,,Intel,Ring Bus,,,https://www.techpowerup.com/gpu-specs/iris-xe-graphics-96eu-mobile.c4145
Intel,UHD Graphics 48EU Mobile,Alder Lake,Generation 12.2,HD Graphics-M(Alder Lake),2022-01-04,300.0,1150.0,,,System Shared,,,384,,,0.88,1.77,0.22,45,,10,,,Intel,Ring Bus,,1.0,https://www.techpowerup.com/gpu-specs/uhd-graphics-48eu-mobile.c3883
Intel,UHD Graphics 64EU Mobile,Raptor Lake,Generation 12.2,HD Graphics-M(Raptor Lake),2023-01-04,300.0,1250.0,,,System Shared,,,512,,,1.28,2.56,,15,,10,,,Intel,Ring Bus,,,https://www.techpowerup.com/gpu-specs/uhd-graphics-64eu-mobile.c4143
Intel,UHD Graphics 710,Alder Lake,Generation 12.2,HD Graphics(Alder Lake),2022-01-04,300.0,1300.0,,,System Shared,,,128,,,0.33,0.67,,15,,10,,,Intel,Ring Bus,,,https://www.techpowerup.com/gpu-specs/uhd-graphics-710.c3876
Intel,UHD Graphics 770 Mobile,Raptor Lake,Generation 12.2,HD Graphics-M(Raptor Lake),2023-01-04,300.0,1600.0,,,System Shared,,,256,,,0.82,1.64,,15,,10,,,Intel,Ring Bus,,,https://www.techpowerup.com/gpu-specs/uhd-graphics-770-mobile.c4127
NVIDIA,GeForce RTX 4050 Max-Q,AD107,Ada Lovelace,GeForce 40 Mobile,2023-01-03,1140.0,1605.0,2000.0,6.0,GDDR6,96,192.0,2560,80,20,8.22,8.22,0.13,35,8.9,5,18.9,159.0,TSMC,PCIe 4.0 x8,20,12.0,https://www.techpowerup.com/gpu-specs/geforce-rtx-4050-max-q.c3987
NVIDIA,GeForce RTX 4050 Mobile,AD107,Ada Lovelace,GeForce 40 Mobile,2023-01-03,1455.0,1755.0,2000.0,6.0,GDDR6,96,192.0,2560,80,20,8.99,8.99,0.14,50,8.9,5,18.9,159.0,TSMC,PCIe 4.0 x8,20,12.0,https://www.techpowerup.com/gpu-specs/geforce-rtx-4050-mobile.c3953
NVIDIA,GeForce RTX 4060,AD107,Ada Lovelace,GeForce 40,2023-05-18,1830.0,2460.0,2125.0,8.0,GDDR6,128,272.0,3072,96,24,15.11,15.11,0.24,115,8.9,5,18.9,159.0,TSMC,PCIe 4.0 x8,24,24.0,https://www.techpowerup.com/gpu-specs/geforce-rtx-4060.c4107
NVIDIA,GeForce RTX 4060 Max-Q,AD107,Ada Lovelace,GeForce 40 Mobile,2023-01-03,1140.0,1470.0,2000.0,8.0,GDDR6,128,256.0,3072,96,24,9.03,9.03,0.14,35,8.9,5,18.9,159.0,TSMC,PCIe 4.0 x8,24,32.0,https://www.techpowerup.com/gpu-specs/geforce-rtx-4060-max-q.c3986
NVIDIA,GeForce RTX 4060 Mobile,AD107,Ada Lovelace,GeForce 40 Mobile,2023-01-03,1545.0,1890.0,2000.0,8.0,GDDR6,128,256.0,3072,96,24,11.61,11.61,0.18,115,8.9,5,18.9,159.0,TSMC,PCIe 4.0 x8,24,32.0,https://www.techpowerup.com/gpu-specs/geforce-rtx-4060-mobile.c3946
NVIDIA,GeForce RTX 4060 Ti 16 GB,AD106,Ada Lovelace,GeForce 40,2023-05-18,2310.0,2535.0,2250.0,16.0,GDDR6,128,288.0,4352,136,34,22.06,22.06,0.34,165,8.9,5,22.9,188.0,TSMC,PCIe 4.0 x8,34,32.0,https://www.techpowerup.com/gpu-specs/geforce-rtx-4060-ti-16-gb.c4155
NVIDIA,GeForce RTX 4060 Ti 8 GB,AD106,Ada Lovelace,GeForce 40,2023-05-18,2310.0,2535.0,2250.0,8.0,GDDR6,128,288.0,4352,136,34,22.06,22.06,0.34,160,8.9,5,22.9,188.0,TSMC,PCIe 4.0 x8,34,32.0,https://www.techpowerup.com/gpu-specs/geforce-rtx-4060-ti-8-gb.c3890
NVIDIA,GeForce RTX 4070,AD104,Ada Lovelace,GeForce 40,2023-04-12,1920.0,2475.0,1313.0,12.0,GDDR6X,192,504.2,5888,184,46,29.15,29.15,0.46,200,8.9,5,35.8,294.0,TSMC,PCIe 4.0 x16,46,36.0,https://www.techpowerup.com/gpu-specs/geforce-rtx-4070.c3924
NVIDIA,GeForce RTX 4070 Max-Q,AD106,Ada Lovelace,GeForce 40 Mobile,2023-01-03,735.0,1230.0,2000.0,8.0,GDDR6,128,256.0,4608,144,36,11.34,11.34,0.18,35,8.9,5,22.9,188.0,TSMC,PCIe 4.0 x8,36,32.0,https://www.techpowerup.com/gpu-specs/geforce-rtx-4070-max-q.c3954
NVIDIA,GeForce RTX 4070 Mobile,AD106,Ada Lovelace,GeForce 40 Mobile,2023-01-03,1395.0,1695.0,2000.0,8.0,GDDR6,128,256.0,4608,144,36,15.62,15.62,0.24,115,8.9,5,22.9,188.0,TSMC,PCIe 4.0 x8,36,32.0,https://www.techpowerup.com/gpu-specs/geforce-rtx-4070-mobile.c3944
NVIDIA,GeForce RTX 4070 Ti,AD104,Ada Lovelace,GeForce 40,2023-01-03,2310.0,2610.0,1313.0,12.0,GDDR6X,192,504.2,7680,240,60,40.09,40.09,0.63,285,8.9,5,35.8,294.0,TSMC,PCIe 4.0 x16,60,48.0,https://www.techpowerup.com/gpu-specs/geforce-rtx-4070-ti.c3950
NVIDIA,GeForce RTX 4080 Max-Q,AD104,Ada Lovelace,GeForce 40 Mobile,2023-01-03,795.0,1350.0,2250.0,12.0,GDDR6,192,432.0,7424,232,58,20.04,20.04,0.31,60,8.9,5,35.8,294.0,TSMC,PCIe 4.0 x16,58,48.0,https://www.techpowerup.com/gpu-specs/geforce-rtx-4080-max-q.c3948
NVIDIA,GeForce RTX 4080 Mobile,AD104,Ada Lovelace,GeForce 40 Mobile,2023-01-03,1290.0,1665.0,2250.0,12.0,GDDR6,192,432.0,7424,232,58,24.72,24.72,0.39,110,8.9,5,35.8,294.0,TSMC,PCIe 4.0 x16,58,48.0,https://www.techpowerup.com/gpu-specs/geforce-rtx-4080-mobile.c3947
NVIDIA,GeForce RTX 4090 D,AD102,Ada Lovelace,GeForce 40,2023-12-28,2280.0,2520.0,1313.0,24.0,GDDR6X,384,1010.0,14592,456,114,73.54,73.54,1.15,425,8.9,5,76.3,609.0,TSMC,PCIe 4.0 x16,114,72.0,https://www.techpowerup.com/gpu-specs/geforce-rtx-4090-d.c4189
NVIDIA,GeForce RTX 4090 Max-Q,AD103,Ada Lovelace,GeForce 40 Mobile,2023-01-03,930.0,1455.0,2250.0,16.0,GDDR6,256,576.0,9728,304,76,28.31,28.31,0.44,80,8.9,5,45.9,379.0,TSMC,PCIe 4.0 x16,76,64.0,https://www.techpowerup.com/gpu-specs/geforce-rtx-4090-max-q.c3988
NVIDIA,GeForce RTX 4090 Mobile,AD103,Ada Lovelace,GeForce 40 Mobile,2023-01-03,1335.0,1695.0,2250.0,16.0,GDDR6,256,576.0,9728,304,76,32.98,32.98,0.52,120,8.9,5,45.9,379.0,TSMC,PCIe 4.0 x16,76,64.0,https://www.techpowerup.com/gpu-specs/geforce-rtx-4090-mobile.c3949
NVIDIA,H100 CNX,GH100,Hopper,Server Hopper(Hxx),2023-03-21,690.0,1845.0,1593.0,80.0,HBM2e,5120,2040.0,14592,456,,53.84,215.4,26.92,350,9.0,5,80.0,814.0,TSMC,PCIe 5.0 x16,114,50.0,https://www.techpowerup.com/gpu-specs/h100-cnx.c4131
NVIDIA,H100 NVL 94 GB,GH100,Hopper,Server Hopper(Hxx),2023-03-21,1080.0,1785.0,1310.0,94.0,HBM3,6016,3940.0,16896,528,,60.32,241.3,30.16,400,9.0,5,80.0,814.0,TSMC,PCIe 5.0 x16,132,50.0,https://www.techpowerup.com/gpu-specs/h100-nvl-94-gb.c4327
NVIDIA,H100 PCIe 96 GB,GH100,Hopper,Server Hopper(Hxx),2023-03-21,1665.0,1837.0,1313.0,96.0,HBM3,5120,3360.0,16896,528,,62.08,248.3,31.04,700,9.0,5,80.0,814.0,TSMC,PCIe 5.0 x16,132,50.0,https://www.techpowerup.com/gpu-specs/h100-pcie-96-gb.c4164
NVIDIA,H100 SXM5 64 GB,GH100,Hopper,Server Hopper(Hxx),2023-03-21,1665.0,1980.0,1313.0,64.0,HBM3,3072,2020.0,16896,528,,66.91,267.6,33.45,700,9.0,5,80.0,814.0,TSMC,PCIe 5.0 x16,132,30.0,https://www.techpowerup.com/gpu-specs/h100-sxm5-64-gb.c4165
NVIDIA,H100 SXM5 94 GB,GH100,Hopper,Server Hopper(Hxx),2023-03-21,1350.0,1980.0,1313.0,94.0,HBM3,5120,3360.0,16896,528,,66.91,267.6,33.45,700,9.0,5,80.0,814.0,TSMC,PCIe 5.0 x16,132,50.0,https://www.techpowerup.com/gpu-specs/h100-sxm5-94-gb.c4294
NVIDIA,H100 SXM5 96 GB,GH100,Hopper,Server Hopper(Hxx),2023-03-21,1350.0,1980.0,1313.0,96.0,HBM3,5120,3360.0,16896,528,,66.91,267.6,33.45,700,9.0,5,80.0,814.0,TSMC,PCIe 5.0 x16,132,50.0,https://www.techpowerup.com/gpu-specs/h100-sxm5-96-gb.c3974
NVIDIA,H800 PCIe 80 GB,GH100,Hopper,Server Hopper(Hxx),2023-03-21,1095.0,1755.0,1593.0,80.0,HBM2e,5120,2040.0,14592,456,,51.22,204.9,25.61,350,9.0,5,80.0,814.0,TSMC,PCIe 5.0 x16,114,50.0,https://www.techpowerup.com/gpu-specs/h800-pcie-80-gb.c4181
NVIDIA,H800 SXM5,GH100,Hopper,Server Hopper(Hxx),2023-03-21,1095.0,1755.0,1313.0,80.0,HBM3,5120,3360.0,16896,528,,59.3,237.2,29.65,700,9.0,5,80.0,814.0,TSMC,PCIe 5.0 x16,132,50.0,https://www.techpowerup.com/gpu-specs/h800-sxm5.c3975
NVIDIA,Jetson AGX Orin 32 GB,GA10B,Ampere,Tegra(Ampere),2023-02-01,930.0,930.0,800.0,32.0,LPDDR5,256,204.8,1792,56,,3.33,6.67,,40,8.7,8,,200.0,Samsung,PCIe 4.0 x4,14,6.0,https://www.techpowerup.com/gpu-specs/jetson-agx-orin-32-gb.c4084
NVIDIA,Jetson AGX Orin 64 GB,GA10B,Ampere,Tegra(Ampere),2023-03-01,1300.0,1300.0,800.0,64.0,LPDDR5,256,204.8,2048,64,,5.33,10.65,,60,8.7,8,,200.0,Samsung,PCIe 4.0 x4,16,6.0,https://www.techpowerup.com/gpu-specs/jetson-agx-orin-64-gb.c4085
NVIDIA,Jetson Orin Nano 4 GB,GA10B,Ampere,Tegra(Ampere),2023-03-01,625.0,625.0,533.0,4.0,LPDDR5,64,34.11,512,16,,0.64,1.28,,10,8.7,8,,200.0,Samsung,PCIe 4.0 x4,4,2.0,https://www.techpowerup.com/gpu-specs/jetson-orin-nano-4-gb.c4083
NVIDIA,Jetson Orin Nano 8 GB,GA10B,Ampere,Tegra(Ampere),2023-03-01,625.0,625.0,533.0,8.0,LPDDR5,128,68.22,1024,32,,1.28,2.56,,15,8.7,8,,200.0,Samsung,PCIe 4.0 x4,8,2.0,https://www.techpowerup.com/gpu-specs/jetson-orin-nano-8-gb.c4082
NVIDIA,Jetson Orin NX 16 GB,GA10B,Ampere,Tegra(Ampere),2023-02-01,918.0,918.0,800.0,16.0,LPDDR5,128,102.4,1024,32,,1.88,3.76,,25,8.7,8,,200.0,Samsung,PCIe 4.0 x4,8,4.0,https://www.techpowerup.com/gpu-specs/jetson-orin-nx-16-gb.c4086
NVIDIA,Jetson Orin NX 8 GB,GA10B,Ampere,Tegra(Ampere),2023-03-01,765.0,765.0,800.0,8.0,LPDDR5,128,102.4,1024,32,,1.57,3.13,,20,8.7,8,,200.0,Samsung,PCIe 4.0 x4,8,4.0,https://www.techpowerup.com/gpu-specs/jetson-orin-nx-8-gb.c4081
NVIDIA,L20,AD102,Ada Lovelace,Server Ada(Lxx),2023-11-16,1440.0,2520.0,2250.0,48.0,GDDR6,384,864.0,11776,368,92,59.35,59.35,0.93,275,8.9,5,76.3,609.0,TSMC,PCIe 4.0 x16,92,96.0,https://www.techpowerup.com/gpu-specs/l20.c4206
NVIDIA,L4,AD104,Ada Lovelace,Server Ada(Lxx),2023-03-21,795.0,2040.0,1563.0,24.0,GDDR6,192,300.1,7424,240,60,30.29,30.29,0.47,72,8.9,5,35.8,294.0,TSMC,PCIe 4.0 x16,60,48.0,https://www.techpowerup.com/gpu-specs/l4.c4091
NVIDIA,RTX 2000 Embedded Ada Generation,AD107,Ada Lovelace,Ada-MW(x000A),2023-03-21,1530.0,2010.0,2000.0,8.0,GDDR6,128,256.0,3072,96,24,12.35,12.35,0.19,50,8.9,5,18.9,159.0,TSMC,PCIe 4.0 x16,24,12.0,https://www.techpowerup.com/gpu-specs/rtx-2000-embedded-ada-generation.c4177
NVIDIA,RTX 2000 Max-Q Ada Generation,AD107,Ada Lovelace,Ada-MW(x000A),2023-03-21,930.0,1455.0,2000.0,8.0,GDDR6,128,256.0,3072,96,24,8.94,8.94,0.14,35,8.9,5,18.9,159.0,TSMC,PCIe 4.0 x16,24,12.0,https://www.techpowerup.com/gpu-specs/rtx-2000-max-q-ada-generation.c4094
NVIDIA,RTX 2000 Mobile Ada Generation,AD107,Ada Lovelace,Ada-MW(x000A),2023-03-21,1635.0,2115.0,2000.0,8.0,GDDR6,128,256.0,3072,96,24,12.99,12.99,0.2,50,8.9,5,18.9,159.0,TSMC,PCIe 4.0 x16,24,12.0,https://www.techpowerup.com/gpu-specs/rtx-2000-mobile-ada-generation.c4093
NVIDIA,RTX 3000 Mobile Ada Generation,AD106,Ada Lovelace,Ada-MW(x000A),2023-03-21,1395.0,1695.0,2000.0,8.0,GDDR6,128,256.0,4608,144,36,15.62,15.62,0.24,115,8.9,5,22.9,188.0,TSMC,PCIe 4.0 x16,36,32.0,https://www.techpowerup.com/gpu-specs/rtx-3000-mobile-ada-generation.c4095
NVIDIA,RTX 3500 Embedded Ada Generation,AD104,Ada Lovelace,Ada-MW(x000A),2023-03-21,1725.0,2250.0,2250.0,12.0,GDDR6,192,432.0,5120,160,40,23.04,23.04,0.36,100,8.9,5,35.8,294.0,TSMC,PCIe 4.0 x16,40,48.0,https://www.techpowerup.com/gpu-specs/rtx-3500-embedded-ada-generation.c4201
NVIDIA,RTX 3500 Mobile Ada Generation,AD104,Ada Lovelace,Ada-MW(x000A),2023-03-21,1110.0,1545.0,2250.0,12.0,GDDR6,192,432.0,5120,160,40,15.82,15.82,0.25,100,8.9,5,35.8,294.0,TSMC,PCIe 4.0 x16,40,48.0,https://www.techpowerup.com/gpu-specs/rtx-3500-mobile-ada-generation.c4098
NVIDIA,RTX 4000 Ada Generation,AD104,Ada Lovelace,Workstation Ada(x000A),2023-08-09,1500.0,2175.0,2250.0,20.0,GDDR6,160,360.0,6144,192,48,26.73,26.73,0.42,130,8.9,5,35.8,294.0,TSMC,PCIe 4.0 x16,48,48.0,https://www.techpowerup.com/gpu-specs/rtx-4000-ada-generation.c4171
NVIDIA,RTX 4000 Mobile Ada Generation,AD104,Ada Lovelace,Ada-MW(x000A),2023-03-21,1290.0,1665.0,2250.0,12.0,GDDR6,192,432.0,7424,232,58,24.72,24.72,0.39,110,8.9,5,35.8,294.0,TSMC,PCIe 4.0 x16,58,48.0,https://www.techpowerup.com/gpu-specs/rtx-4000-mobile-ada-generation.c4096
NVIDIA,RTX 4000 SFF Ada Generation,AD104,Ada Lovelace,Workstation Ada(x000A),2023-03-21,720.0,1560.0,1750.0,20.0,GDDR6,160,280.0,6144,192,48,19.17,19.17,0.3,70,8.9,5,35.8,294.0,TSMC,PCIe 4.0 x16,48,48.0,https://www.techpowerup.com/gpu-specs/rtx-4000-sff-ada-generation.c4139
NVIDIA,RTX 4500 Ada Generation,AD103,Ada Lovelace,Workstation Ada(x000A),2023-08-09,2070.0,2580.0,2250.0,24.0,GDDR6,192,432.0,7680,240,60,39.63,39.63,0.62,210,8.9,5,45.9,379.0,TSMC,PCIe 4.0 x16,60,48.0,https://www.techpowerup.com/gpu-specs/rtx-4500-ada-generation.c4172
NVIDIA,RTX 5000 Ada Generation,AD102,Ada Lovelace,Workstation Ada(x000A),2023-08-09,1155.0,2550.0,2250.0,32.0,GDDR6,256,576.0,12800,400,100,65.28,65.28,1.02,250,8.9,5,76.3,609.0,TSMC,PCIe 4.0 x16,100,72.0,https://www.techpowerup.com/gpu-specs/rtx-5000-ada-generation.c4152
NVIDIA,RTX 5000 Embedded Ada Generation,AD103,Ada Lovelace,Ada-MW(x000A),2023-03-21,930.0,1680.0,2250.0,16.0,GDDR6,256,576.0,9728,304,76,32.69,32.69,0.51,120,8.9,5,45.9,379.0,TSMC,PCIe 4.0 x16,76,64.0,https://www.techpowerup.com/gpu-specs/rtx-5000-embedded-ada-generation.c4176
NVIDIA,RTX 5000 Embedded Ada Generation X2,AD103,Ada Lovelace,Ada-MW(x000A),2023-03-21,930.0,1680.0,2250.0,16.0,GDDR6,256,576.0,9728,304,76,32.69,32.69,0.51,150,8.9,5,45.9,379.0,TSMC,PCIe 4.0 x16,76,64.0,https://www.techpowerup.com/gpu-specs/rtx-5000-embedded-ada-generation-x2.c4256
NVIDIA,RTX 5000 Max-Q Ada Generation,AD103,Ada Lovelace,Ada-MW(x000A),2023-03-21,930.0,1680.0,2250.0,16.0,GDDR6,256,576.0,9728,304,76,32.69,32.69,0.51,120,8.9,5,45.9,379.0,TSMC,PCIe 4.0 x16,76,64.0,https://www.techpowerup.com/gpu-specs/rtx-5000-max-q-ada-generation.c4154
NVIDIA,RTX 5000 Mobile Ada Generation,AD103,Ada Lovelace,Ada-MW(x000A),2023-03-21,1425.0,2115.0,2250.0,16.0,GDDR6,256,576.0,9728,304,76,41.15,41.15,0.64,120,8.9,5,45.9,379.0,TSMC,PCIe 4.0 x16,76,64.0,https://www.techpowerup.com/gpu-specs/rtx-5000-mobile-ada-generation.c4097
AMD,Radeon 740M,Phoenix2,RDNA 3.0,Navi III IGP(Phoenix),2024-01-31,800.0,2800.0,,,System Shared,,,256,,4,2.87,5.73,0.18,45,,4,20.9,137.0,TSMC,PCIe 4.0 x8,,2.0,https://www.techpowerup.com/gpu-specs/radeon-740m.c4297
AMD,Radeon 760M,Phoenix,RDNA 3.0,Navi III IGP(Phoenix),2024-01-31,800.0,2599.0,,,System Shared,,,512,,8,5.32,10.65,0.33,15,,4,25.39,178.0,TSMC,PCIe 4.0 x8,,2.0,https://www.techpowerup.com/gpu-specs/radeon-760m.c4248
AMD,Radeon 780M,Phoenix,RDNA 3.0,Navi III IGP(Phoenix),2024-01-31,800.0,2900.0,,,System Shared,,,768,,12,8.91,17.82,0.56,15,,4,25.39,178.0,TSMC,PCIe 4.0 x8,,2.0,https://www.techpowerup.com/gpu-specs/radeon-780m.c4249
AMD,Radeon Instinct MI300,Aqua Vanjaram,CDNA 3.0,Radeon Instinct(MIx),2023-01-04,1000.0,1700.0,1600.0,128.0,HBM3,8192,6550.0,14080,,,47.87,383.0,47.87,600,,5,153.0,1017.0,TSMC,PCIe 5.0 x16,,16.0,https://www.techpowerup.com/gpu-specs/radeon-instinct-mi300.c4019
AMD,Radeon Instinct MI300A,Aqua Vanjaram,CDNA 3.0,Radeon Instinct(MIx),2023-12-06,1000.0,2100.0,2525.0,192.0,HBM3,8192,10300.0,19456,,,81.72,653.7,81.72,750,,5,153.0,1017.0,TSMC,PCIe 5.0 x16,,16.0,https://www.techpowerup.com/gpu-specs/radeon-instinct-mi300a.c4296
AMD,Radeon Instinct MI300X,Aqua Vanjaram,CDNA 3.0,Radeon Instinct(MIx),2023-12-06,1000.0,2100.0,2525.0,192.0,HBM3,8192,10300.0,19456,,,81.72,653.7,81.72,750,,5,153.0,1017.0,TSMC,PCIe 5.0 x16,,16.0,https://www.techpowerup.com/gpu-specs/radeon-instinct-mi300x.c4179
AMD,Radeon Instinct MI308X,Aqua Vanjaram,CDNA 3.0,Radeon Instinct(MIx),2023-12-06,1000.0,2100.0,2525.0,192.0,HBM3,8192,10300.0,19456,,,81.72,653.7,81.72,750,,5,153.0,1017.0,TSMC,PCIe 5.0 x16,,16.0,https://www.techpowerup.com/gpu-specs/radeon-instinct-mi308x.c4295
AMD,Radeon PRO W7500,Navi 33,RDNA 3.0,Radeon Pro Navi(Navi III Series),2023-08-03,1500.0,1700.0,2000.0,8.0,GDDR6,128,256.0,1792,,28,12.19,24.37,0.38,70,,6,13.3,204.0,TSMC,PCIe 4.0 x8,,2.0,https://www.techpowerup.com/gpu-specs/radeon-pro-w7500.c4170
AMD,Radeon PRO W7600,Navi 33,RDNA 3.0,Radeon Pro Navi(Navi III Series),2023-08-03,1720.0,2440.0,2250.0,8.0,GDDR6,128,288.0,2048,,32,19.99,39.98,0.62,130,,6,13.3,204.0,TSMC,PCIe 4.0 x8,,2.0,https://www.techpowerup.com/gpu-specs/radeon-pro-w7600.c4169
AMD,Radeon PRO W7700,Navi 32,RDNA 3.0,Radeon Pro Navi(Navi III Series),2023-11-13,1900.0,2600.0,2250.0,16.0,GDDR6,256,576.0,3072,,48,31.95,63.9,1.0,190,,5,28.1,346.0,TSMC,PCIe 4.0 x16,,2.0,https://www.techpowerup.com/gpu-specs/radeon-pro-w7700.c4184
AMD,Radeon PRO W7800,Navi 31,RDNA 3.0,Radeon Pro Navi(Navi III Series),2023-04-13,1895.0,2525.0,2250.0,32.0,GDDR6,256,576.0,4480,,70,45.25,90.5,1.41,260,,5,57.7,529.0,TSMC,PCIe 4.0 x16,,6.0,https://www.techpowerup.com/gpu-specs/radeon-pro-w7800.c4148
AMD,Radeon PRO W7800 48 GB,Navi 31,RDNA 3.0,Radeon Pro Navi(Navi III Series),2023-04-13,1895.0,2525.0,2250.0,48.0,GDDR6,384,864.0,4480,,70,45.25,90.5,1.41,281,,5,57.7,529.0,TSMC,PCIe 4.0 x16,,6.0,https://www.techpowerup.com/gpu-specs/radeon-pro-w7800-48-gb.c4252
AMD,Radeon PRO W7900,Navi 31,RDNA 3.0,Radeon Pro Navi(Navi III Series),2023-04-13,1855.0,2495.0,2250.0,48.0,GDDR6,384,864.0,6144,,96,61.32,122.6,1.92,295,,5,57.7,529.0,TSMC,PCIe 4.0 x16,,6.0,https://www.techpowerup.com/gpu-specs/radeon-pro-w7900.c4147
AMD,Radeon RX 6450M,Navi 24,RDNA 2.0,Navi Mobile(RX 6000M),2023-01-04,2000.0,2460.0,2000.0,4.0,GDDR6,64,128.0,768,,12,3.78,7.56,0.24,50,,6,5.4,107.0,TSMC,PCIe 4.0 x4,,1.0,https://www.techpowerup.com/gpu-specs/radeon-rx-6450m.c4018
AMD,Radeon RX 6550M,Navi 24,RDNA 2.0,Navi Mobile(RX 6000M),2023-01-04,2000.0,2840.0,2250.0,4.0,GDDR6,64,144.0,1024,,16,5.82,11.63,0.36,80,,6,5.4,107.0,TSMC,PCIe 4.0 x4,,1.0,https://www.techpowerup.com/gpu-specs/radeon-rx-6550m.c4017
AMD,Radeon RX 6550S,Navi 24,RDNA 2.0,Navi Mobile(RX 6000M),2023-01-04,2000.0,2400.0,2000.0,4.0,GDDR6,64,128.0,1024,,16,4.92,9.83,0.31,50,,6,5.4,107.0,TSMC,PCIe 4.0 x4,,1.0,https://www.techpowerup.com/gpu-specs/radeon-rx-6550s.c3981
AMD,Radeon RX 6600 LE,Navi 23,RDNA 2.0,Navi II(RX 6000),2023-12-08,1626.0,2495.0,1750.0,8.0,GDDR6,128,224.0,1792,,28,8.94,17.88,0.56,132,,7,11.06,237.0,TSMC,PCIe 4.0 x8,,2.0,https://www.techpowerup.com/gpu-specs/radeon-rx-6600-le.c4223
AMD,Radeon RX 6750 GRE 10 GB,Navi 22,RDNA 2.0,Navi II(RX 6000),2023-10-17,1941.0,2450.0,2000.0,10.0,GDDR6,160,320.0,2304,,36,11.29,22.58,0.71,170,,7,17.2,335.0,TSMC,PCIe 4.0 x16,,3.0,https://www.techpowerup.com/gpu-specs/radeon-rx-6750-gre-10-gb.c4192
AMD,Radeon RX 6750 GRE 12 GB,Navi 22,RDNA 2.0,Navi II(RX 6000),2023-10-17,2321.0,2581.0,2250.0,12.0,GDDR6,192,432.0,2560,,40,13.21,26.43,0.83,250,,7,17.2,335.0,TSMC,PCIe 4.0 x16,,3.0,https://www.techpowerup.com/gpu-specs/radeon-rx-6750-gre-12-gb.c4183
AMD,Radeon RX 7600,Navi 33,RDNA 3.0,Navi III(RX 7000),2023-05-24,1720.0,2655.0,2250.0,8.0,GDDR6,128,288.0,2048,,32,21.75,43.5,0.68,165,,6,13.3,204.0,TSMC,PCIe 4.0 x8,,2.0,https://www.techpowerup.com/gpu-specs/radeon-rx-7600.c4153
AMD,Radeon RX 7600M,Navi 33,RDNA 3.0,Navi Mobile(RX 7000M),2023-01-04,1500.0,2410.0,2000.0,8.0,GDDR6,128,256.0,1792,,28,17.27,34.55,0.54,90,,6,13.3,204.0,TSMC,PCIe 4.0 x16,,2.0,https://www.techpowerup.com/gpu-specs/radeon-rx-7600m.c4014
AMD,Radeon RX 7600M XT,Navi 33,RDNA 3.0,Navi Mobile(RX 7000M),2023-01-04,1280.0,2469.0,2250.0,8.0,GDDR6,128,288.0,2048,,32,20.23,40.45,0.63,120,,6,13.3,204.0,TSMC,PCIe 4.0 x16,,2.0,https://www.techpowerup.com/gpu-specs/radeon-rx-7600m-xt.c4013
AMD,Radeon RX 7600S,Navi 33,RDNA 3.0,Navi Mobile(RX 7000M),2023-01-04,1500.0,2200.0,2000.0,8.0,GDDR6,128,256.0,1792,,28,15.77,31.54,0.49,75,,6,13.3,204.0,TSMC,PCIe 4.0 x16,,2.0,https://www.techpowerup.com/gpu-specs/radeon-rx-7600s.c4016
AMD,Radeon RX 7700 XT,Navi 32,RDNA 3.0,Navi III(RX 7000),2023-08-25,1435.0,2544.0,2250.0,12.0,GDDR6,192,432.0,3456,,54,35.17,70.34,1.1,245,,5,28.1,346.0,TSMC,PCIe 4.0 x16,,2.0,https://www.techpowerup.com/gpu-specs/radeon-rx-7700-xt.c3911
AMD,Radeon RX 7700S,Navi 33,RDNA 3.0,Navi Mobile(RX 7000M),2023-01-04,1500.0,2500.0,2250.0,8.0,GDDR6,128,288.0,2048,,32,20.48,40.96,0.64,100,,6,13.3,204.0,TSMC,PCIe 4.0 x16,,2.0,https://www.techpowerup.com/gpu-specs/radeon-rx-7700s.c4015
AMD,Radeon RX 7800 XT,Navi 32,RDNA 3.0,Navi III(RX 7000),2023-08-25,1295.0,2430.0,2438.0,16.0,GDDR6,256,624.1,3840,,60,37.32,74.65,1.17,263,,5,28.1,346.0,TSMC,PCIe 4.0 x16,,4.0,https://www.techpowerup.com/gpu-specs/radeon-rx-7800-xt.c3839
AMD,Radeon RX 7900 GRE,Navi 31,RDNA 3.0,Navi III(RX 7000),2023-07-27,1287.0,2245.0,2250.0,16.0,GDDR6,256,576.0,5120,,80,45.98,91.96,1.44,260,,5,57.7,529.0,TSMC,PCIe 4.0 x16,,6.0,https://www.techpowerup.com/gpu-specs/radeon-rx-7900-gre.c4166
AMD,Radeon RX 7900M,Navi 31,RDNA 3.0,Navi Mobile(RX 7000M),2023-10-19,1825.0,2090.0,2250.0,16.0,GDDR6,256,576.0,4608,,72,38.52,77.05,1.2,180,,5,57.7,529.0,TSMC,PCIe 4.0 x16,,6.0,https://www.techpowerup.com/gpu-specs/radeon-rx-7900m.c4178
AMD,Ryzen Z1 Extreme GPU,Phoenix,RDNA 3.0,Console GPU(AMD),2023-06-13,800.0,2700.0,800.0,16.0,LPDDR5,64,51.2,768,,12,8.29,16.59,0.52,30,,4,25.39,178.0,TSMC,,,8.0,https://www.techpowerup.com/gpu-specs/ryzen-z1-extreme-gpu.c4157
AMD,Ryzen Z1 GPU,Phoenix,RDNA 3.0,Console GPU(AMD),2023-09-18,1500.0,2500.0,800.0,16.0,LPDDR5,64,51.2,256,,4,2.56,5.12,0.16,30,,4,25.39,178.0,TSMC,,,6.0,https://www.techpowerup.com/gpu-specs/ryzen-z1-gpu.c4158
AMD,Steam Deck OLED GPU,Sephiroth,RDNA 2.0,Console GPU(Valve),2023-11-09,1000.0,1600.0,1375.0,16.0,LPDDR5,128,176.0,512,,8,1.64,3.28,0.1,15,,6,2.4,131.0,TSMC,,,1.0,https://www.techpowerup.com/gpu-specs/steam-deck-oled-gpu.c4185
Intel,Arc A380M,DG2-128,Xe-HPG,Alchemist(Arc 3 Mobile),2023-01-24,1550.0,2000.0,1937.0,6.0,GDDR6,96,186.0,1024,,8,4.1,8.19,1.02,35,,6,7.2,157.0,TSMC,MXM-A (3.1),,4.0,https://www.techpowerup.com/gpu-specs/arc-a380m.c4060
Intel,Arc A530M,DG2-256,Xe-HPG,Alchemist(Arc 5 Mobile),2023-08-01,900.0,1300.0,1750.0,8.0,GDDR6,128,224.0,1536,,12,3.99,7.99,,65,,6,11.5,269.0,TSMC,PCIe 4.0 x8,,8.0,https://www.techpowerup.com/gpu-specs/arc-a530m.c4167
Intel,Arc A570M,DG2-256,Xe-HPG,Alchemist(Arc 5 Mobile),2023-08-01,900.0,1300.0,1750.0,8.0,GDDR6,128,224.0,2048,,16,5.33,10.65,,75,,6,11.5,269.0,TSMC,PCIe 4.0 x8,,8.0,https://www.techpowerup.com/gpu-specs/arc-a570m.c4168
Intel,Arc A580,DG2-512,Xe-HPG,Alchemist(Arc 5),2023-10-10,1700.0,2000.0,2000.0,8.0,GDDR6,256,512.0,3072,,24,12.29,24.58,1.54,175,,6,21.7,406.0,TSMC,PCIe 4.0 x16,,8.0,https://www.techpowerup.com/gpu-specs/arc-a580.c3928
Intel,Arc Graphics 112EU Mobile,Meteor Lake,Xe-LPG,Arc Graphics-M(Meteor Lake),2023-12-14,300.0,2200.0,,,System Shared,,,896,,,3.94,7.88,,65,,10,,,Intel,Ring Bus,,,https://www.techpowerup.com/gpu-specs/arc-graphics-112eu-mobile.c4196
Intel,Arc Graphics 128EU Mobile,Meteor Lake,Xe-LPG,Arc Graphics-M(Meteor Lake),2023-12-14,300.0,2250.0,,,System Shared,,,1024,,,4.61,9.22,,28,,10,,,Intel,Ring Bus,,,https://www.techpowerup.com/gpu-specs/arc-graphics-128eu-mobile.c4193
Intel,Arc Graphics 48EU Mobile,Meteor Lake,Xe-LPG,Arc Graphics-M(Meteor Lake),2023-12-14,300.0,1800.0,,,System Shared,,,384,,,1.38,2.77,,28,,10,,,Intel,Ring Bus,,,https://www.techpowerup.com/gpu-specs/arc-graphics-48eu-mobile.c4198
Intel,Arc Graphics 64EU Mobile,Meteor Lake,Xe-LPG,Arc Graphics-M(Meteor Lake),2023-12-14,300.0,1750.0,,,System Shared,,,512,,,1.79,3.58,,65,,10,,,Intel,Ring Bus,,,https://www.techpowerup.com/gpu-specs/arc-graphics-64eu-mobile.c4194
Intel,Arc Pro A60,DG2-256,Xe-HPG,Alchemist(Pro Series),2023-06-06,900.0,2050.0,2000.0,12.0,GDDR6,192,384.0,2048,,16,8.4,16.79,,130,,6,11.5,269.0,TSMC,PCIe 4.0 x16,,12.0,https://www.techpowerup.com/gpu-specs/arc-pro-a60.c4160
Intel,Arc Pro A60M,DG2-256,Xe-HPG,Alchemist(Pro-Series Mobile),2023-06-06,900.0,1300.0,2000.0,8.0,GDDR6,128,256.0,2048,,16,5.33,10.65,,95,,6,11.5,269.0,TSMC,PCIe 4.0 x16,,8.0,https://www.techpowerup.com/gpu-specs/arc-pro-a60m.c4161
Intel,Data Center GPU Max 1100,Ponte Vecchio,Generation 12.5,Data Center GPU(Ponte Vecchio),2023-01-10,1000.0,1550.0,600.0,48.0,HBM2e,8192,1230.0,7168,,56,22.22,22.22,22.22,300,,10,100.0,1280.0,Intel,PCIe 5.0 x16,,204.0,https://www.techpowerup.com/gpu-specs/data-center-gpu-max-1100.c4066
Intel,Data Center GPU Max 1350,Ponte Vecchio,Generation 12.5,Data Center GPU(Ponte Vecchio),2023-01-10,750.0,1550.0,1200.0,96.0,HBM2e,8192,2460.0,14336,,112,44.44,44.44,44.44,450,,10,100.0,1280.0,Intel,PCIe 5.0 x16,,408.0,https://www.techpowerup.com/gpu-specs/data-center-gpu-max-1350.c4067
Intel,Data Center GPU Max 1550,Ponte Vecchio,Generation 12.5,Data Center GPU(Ponte Vecchio),2023-01-10,900.0,1600.0,1600.0,128.0,HBM2e,8192,3280.0,16384,,128,52.43,52.43,52.43,600,,10,100.0,1280.0,Intel,PCIe 5.0 x16,,408.0,https://www.techpowerup.com/gpu-specs/data-center-gpu-max-1550.c4068
Intel,Data Center GPU Max Subsystem,Ponte Vecchio,Generation 12.5,Data Center GPU(Ponte Vecchio),2023-01-10,900.0,1600.0,1565.0,128.0,HBM2e,8192,3210.0,16384,,128,52.43,52.43,52.43,2400,,10,100.0,1280.0,Intel,PCIe 5.0 x16,,408.0,https://www.techpowerup.com/gpu-specs/data-center-gpu-max-subsystem.c4070
Intel,UHD Graphics 710 Mobile,Raptor Lake,Generation 12.2,HD Graphics-M(Raptor Lake),2023-01-04,300.0,1200.0,,,System Shared,,,128,,,0.31,0.61,0.08,15,,10,,,Intel,Ring Bus,,1.0,https://www.techpowerup.com/gpu-specs/uhd-graphics-710-mobile.c4128
NVIDIA,B200,GB100,Blackwell,Server Blackwell(Bxx),2024-01-01,700.0,1965.0,2000.0,90.0,HBM3e,4096,4099.999999999999,18944,592,,74.45,1191.2,37.22,1000,10.0,5,104.0,,TSMC,PCIe 5.0 x16,148,50.0,https://www.techpowerup.com/gpu-specs/b200.c4210
NVIDIA,GeForce RTX 3050 6 GB,GA107,Ampere,GeForce 30,2024-02-02,1042.0,1470.0,1750.0,6.0,GDDR6,96,168.0,2304,72,18,6.77,6.77,0.11,70,8.6,8,8.7,200.0,Samsung,PCIe 4.0 x8,18,2.0,https://www.techpowerup.com/gpu-specs/geforce-rtx-3050-6-gb.c4188
NVIDIA,GeForce RTX 3050 A Mobile,GA106,Ampere,GeForce 30 Mobile,2024-01-01,1065.0,1343.0,1500.0,4.0,GDDR6,128,192.0,1792,56,14,4.81,4.81,0.08,45,8.6,8,12.0,276.0,Samsung,PCIe 4.0 x8,14,2.0,https://www.techpowerup.com/gpu-specs/geforce-rtx-3050-a-mobile.c4227
NVIDIA,GeForce RTX 4010,GA107,Ampere,GeForce 40,2024-04-16,1417.0,1762.0,1500.0,4.0,GDDR6,64,96.0,768,24,6,2.71,2.71,0.04,50,8.6,8,8.7,200.0,Samsung,PCIe 4.0 x8,6,2.0,https://www.techpowerup.com/gpu-specs/geforce-rtx-4010.c4247
NVIDIA,GeForce RTX 4060 AD106,AD106,Ada Lovelace,GeForce 40,2024-04-01,1830.0,2460.0,2125.0,8.0,GDDR6,128,272.0,3072,96,24,15.11,15.11,0.24,115,8.9,5,22.9,188.0,TSMC,PCIe 4.0 x8,24,24.0,https://www.techpowerup.com/gpu-specs/geforce-rtx-4060-ad106.c3891
NVIDIA,GeForce RTX 4060 Ti AD104,AD104,Ada Lovelace,GeForce 40,2024-04-01,2310.0,2535.0,2250.0,8.0,GDDR6,128,288.0,4352,136,34,22.06,22.06,0.34,160,8.9,5,35.8,294.0,TSMC,PCIe 4.0 x8,34,32.0,https://www.techpowerup.com/gpu-specs/geforce-rtx-4060-ti-ad104.c4204
NVIDIA,GeForce RTX 4070 AD103,AD103,Ada Lovelace,GeForce 40,2024-03-01,1920.0,2475.0,1313.0,12.0,GDDR6X,192,504.2,5888,184,46,29.15,29.15,0.46,200,8.9,5,45.9,379.0,TSMC,PCIe 4.0 x16,46,36.0,https://www.techpowerup.com/gpu-specs/geforce-rtx-4070-ad103.c4205
NVIDIA,GeForce RTX 4070 GDDR6,AD104,Ada Lovelace,GeForce 40,2024-08-20,1920.0,2475.0,2500.0,12.0,GDDR6,192,480.0,5888,184,46,29.15,29.15,0.46,200,8.9,5,35.8,294.0,TSMC,PCIe 4.0 x16,46,36.0,https://www.techpowerup.com/gpu-specs/geforce-rtx-4070-gddr6.c4228
NVIDIA,GeForce RTX 4070 SUPER,AD104,Ada Lovelace,GeForce 40,2024-01-08,1980.0,2475.0,1313.0,12.0,GDDR6X,192,504.2,7168,224,56,35.48,35.48,0.55,220,8.9,5,35.8,294.0,TSMC,PCIe 4.0 x16,56,48.0,https://www.techpowerup.com/gpu-specs/geforce-rtx-4070-super.c4186
NVIDIA,GeForce RTX 4070 Ti SUPER,AD103,Ada Lovelace,GeForce 40,2024-01-08,2340.0,2610.0,1313.0,16.0,GDDR6X,256,672.3,8448,264,66,44.1,44.1,0.69,285,8.9,5,45.9,379.0,TSMC,PCIe 4.0 x16,66,48.0,https://www.techpowerup.com/gpu-specs/geforce-rtx-4070-ti-super.c4187
NVIDIA,GeForce RTX 4070 Ti SUPER AD102,AD102,Ada Lovelace,GeForce 40,2024-06-10,2340.0,2610.0,1313.0,16.0,GDDR6X,256,672.3,8448,264,66,44.1,44.1,0.69,285,8.9,5,76.3,609.0,TSMC,PCIe 4.0 x16,66,48.0,https://www.techpowerup.com/gpu-specs/geforce-rtx-4070-ti-super-ad102.c4215
NVIDIA,GeForce RTX 4080 SUPER,AD103,Ada Lovelace,GeForce 40,2024-01-08,2295.0,2550.0,1438.0,16.0,GDDR6X,256,736.3,10240,320,80,52.22,52.22,0.82,320,8.9,5,45.9,379.0,TSMC,PCIe 4.0 x16,80,64.0,https://www.techpowerup.com/gpu-specs/geforce-rtx-4080-super.c4182
NVIDIA,H200 NVL,GH100,Hopper,Server Hopper(Hxx),2024-11-18,1365.0,1785.0,1593.0,141.0,HBM3e,6144,4890.0,16896,528,,60.32,241.3,30.16,600,9.0,5,80.0,814.0,TSMC,PCIe 5.0 x16,132,50.0,https://www.techpowerup.com/gpu-specs/h200-nvl.c4254
NVIDIA,H200 SXM 141 GB,GH100,Hopper,Server Hopper(Hxx),2024-11-18,1500.0,1980.0,1593.0,141.0,HBM3e,6144,4890.0,16896,528,,66.91,267.6,33.45,700,9.0,5,80.0,814.0,TSMC,PCIe 5.0 x16,132,50.0,https://www.techpowerup.com/gpu-specs/h200-sxm-141-gb.c4255
NVIDIA,Jetson Orin Nano Super,GA10B,Ampere,Tegra(Ampere),2024-12-17,1020.0,1020.0,800.0,8.0,LPDDR5,128,102.4,1024,32,,2.09,4.18,,25,8.7,8,,200.0,Samsung,PCIe 4.0 x4,8,2.0,https://www.techpowerup.com/gpu-specs/jetson-orin-nano-super.c4377
NVIDIA,RTX 1000 Mobile Ada Generation,AD107,Ada Lovelace,Ada-MW(x000A),2024-02-26,1485.0,2025.0,2000.0,6.0,GDDR6,96,192.0,2560,80,20,10.37,10.37,0.16,35,8.9,5,18.9,159.0,TSMC,PCIe 4.0 x8,20,12.0,https://www.techpowerup.com/gpu-specs/rtx-1000-mobile-ada-generation.c4208
NVIDIA,RTX 2000 Ada Generation,AD107,Ada Lovelace,Workstation Ada(x000A),2024-02-12,1620.0,2130.0,2000.0,16.0,GDDR6,128,256.0,2816,88,22,12.0,12.0,0.19,70,8.9,5,18.9,159.0,TSMC,PCIe 4.0 x8,22,12.0,https://www.techpowerup.com/gpu-specs/rtx-2000-ada-generation.c4199
NVIDIA,RTX 500 Mobile Ada Generation,AD107,Ada Lovelace,Ada-MW(x000A),2024-02-26,1485.0,2025.0,2000.0,4.0,GDDR6,64,128.0,2048,64,16,8.29,8.29,0.13,35,8.9,5,18.9,159.0,TSMC,PCIe 4.0 x8,16,12.0,https://www.techpowerup.com/gpu-specs/rtx-500-mobile-ada-generation.c4207
NVIDIA,RTX 5880 Ada Generation,AD102,Ada Lovelace,Workstation Ada(x000A),2024-01-05,975.0,2460.0,2250.0,48.0,GDDR6,384,864.0,14080,440,110,69.27,69.27,1.08,285,8.9,5,76.3,609.0,TSMC,PCIe 4.0 x16,110,72.0,https://www.techpowerup.com/gpu-specs/rtx-5880-ada-generation.c4191
NVIDIA,RTX A1000,GA107,Ampere,Workstation Ampere(Ax000),2024-04-16,727.0,1462.0,1500.0,8.0,GDDR6,128,192.0,2304,72,18,6.74,6.74,0.11,50,8.6,8,8.7,200.0,Samsung,PCIe 4.0 x8,18,2.0,https://www.techpowerup.com/gpu-specs/rtx-a1000.c4211
NVIDIA,RTX A400,GA107,Ampere,Workstation Ampere(Ax000),2024-04-16,1417.0,1762.0,1500.0,4.0,GDDR6,64,96.0,768,24,6,2.71,2.71,0.04,50,8.6,8,8.7,200.0,Samsung,PCIe 4.0 x8,6,2.0,https://www.techpowerup.com/gpu-specs/rtx-a400.c4212
AMD,Playstation 5 Pro GPU,Viola,RDNA 2.0,Console GPU(Sony),2024-11-07,2170.0,2350.0,2250.0,16.0,GDDR6,256,576.0,3840,,,18.05,36.1,1.13,232,,4,21.0,279.0,TSMC,,,4.0,https://www.techpowerup.com/gpu-specs/playstation-5-pro-gpu.c4232
AMD,Radeon 880M,Strix Point,RDNA 3.5,Navi III IGP(Strix Point Mobile),2024-07-15,400.0,2900.0,,,System Shared,,,768,,12,4.45,8.91,0.28,15,,4,34.0,233.0,TSMC,PCIe 4.0 x8,,2.0,https://www.techpowerup.com/gpu-specs/radeon-880m.c4225
AMD,Radeon 890M,Strix Point,RDNA 3.5,Navi III IGP(Strix Point Mobile),2024-07-15,400.0,2900.0,,,System Shared,,,1024,,16,5.94,11.88,0.37,15,,4,34.0,233.0,TSMC,PCIe 4.0 x8,,2.0,https://www.techpowerup.com/gpu-specs/radeon-890m.c4224
AMD,Radeon Instinct MI325X,Aqua Vanjaram,CDNA 3.0,Radeon Instinct(MIx),2024-10-01,1000.0,2100.0,2525.0,288.0,HBM3e,8192,10300.0,19456,,,81.72,653.7,81.72,1000,,5,153.0,1017.0,TSMC,PCIe 5.0 x16,,16.0,https://www.techpowerup.com/gpu-specs/radeon-instinct-mi325x.c4231
AMD,Radeon PRO V710,Navi 32,RDNA 3.0,Radeon Pro Navi(Navi III Series),2024-10-03,1900.0,2000.0,2250.0,28.0,GDDR6,224,504.0,3456,,54,27.65,55.3,0.86,158,,5,28.1,346.0,TSMC,PCIe 4.0 x16,,2.0,https://www.techpowerup.com/gpu-specs/radeon-pro-v710.c4234
AMD,Radeon RX 7600 XT,Navi 33,RDNA 3.0,Navi III(RX 7000),2024-01-08,1980.0,2755.0,2250.0,16.0,GDDR6,128,288.0,2048,,32,22.57,45.14,0.71,190,,6,13.3,204.0,TSMC,PCIe 4.0 x8,,2.0,https://www.techpowerup.com/gpu-specs/radeon-rx-7600-xt.c4190
AMD,Radeon RX 7800M,Navi 32,RDNA 3.0,Navi Mobile(RX 7000M),2024-09-11,1295.0,2335.0,2250.0,12.0,GDDR6,192,432.0,3840,,60,35.87,71.73,1.12,180,,5,28.1,346.0,TSMC,PCIe 4.0 x16,,4.0,https://www.techpowerup.com/gpu-specs/radeon-rx-7800m.c4257
AMD,Xbox Series X 6nm GPU,Scarlett 6nm,RDNA 2.0,Console GPU(Microsoft),2024-10-15,1825.0,1825.0,1750.0,10.0,GDDR6,320,560.0,3328,,,12.15,24.29,0.76,200,,6,15.3,,TSMC,,,5.0,https://www.techpowerup.com/gpu-specs/xbox-series-x-6nm-gpu.c4240
Intel,Arc 130V Mobile,Lunar Lake,Xe2-LPG,Arc Graphics-M(Lunar Lake),2024-09-24,300.0,1850.0,,,System Shared,,,896,,7,3.31,6.63,0.83,37,,3,,172.0,TSMC,PCIe 4.0 x8,,4.0,https://www.techpowerup.com/gpu-specs/arc-130v-mobile.c4315
Intel,Arc 140V Mobile,Lunar Lake,Xe2-LPG,Arc Graphics-M(Lunar Lake),2024-09-24,300.0,1950.0,,,System Shared,,,1024,,8,3.99,7.99,1.0,37,,3,,172.0,TSMC,PCIe 4.0 x8,,4.0,https://www.techpowerup.com/gpu-specs/arc-140v-mobile.c4314
Intel,Arc B580,BMG-G21,Xe2-HPG,Battlemage(Arc 5),2024-12-13,2670.0,2670.0,2375.0,12.0,GDDR6,192,456.0,2560,,20,13.67,27.34,1.71,190,,5,19.6,272.0,TSMC,PCIe 4.0 x8,,18.0,https://www.techpowerup.com/gpu-specs/arc-b580.c4244
Intel,Arc Graphics 24EU,Arrow Lake-S,Xe-LPG,HD Graphics(Arrow Lake),2024-10-24,300.0,2000.0,,,System Shared,,,192,,,0.77,1.54,,65,,3,17.8,243.0,TSMC,Ring Bus,,,https://www.techpowerup.com/gpu-specs/arc-graphics-24eu.c4301
Intel,Arc Graphics 32EU,Arrow Lake-S,Xe-LPG,HD Graphics(Arrow Lake),2024-10-24,300.0,1950.0,,,System Shared,,,256,,,1.0,2.0,,65,,3,17.8,243.0,TSMC,Ring Bus,,,https://www.techpowerup.com/gpu-specs/arc-graphics-32eu.c4300
Intel,Arc Graphics 64EU,Arrow Lake-S,Xe-LPG,HD Graphics(Arrow Lake),2024-10-24,300.0,1900.0,,,System Shared,,,512,,,1.95,3.89,,65,,3,17.8,243.0,TSMC,Ring Bus,,,https://www.techpowerup.com/gpu-specs/arc-graphics-64eu.c4299
NVIDIA,B300,GB110,Blackwell Ultra,Server Blackwell(Bxx),2025-09-11,1665.0,2032.0,2000.0,144.0,HBM3e,4096,4099.999999999999,18944,592,,76.99,1231.8,1.2,1400,10.3,5,104.0,,TSMC,PCIe 5.0 x16,148,50.0,https://www.techpowerup.com/gpu-specs/b300.c4375
NVIDIA,GB10,GB20B,Blackwell 2.0,Server Blackwell(Bxx),2025-10-15,1665.0,2418.0,1067.0,128.0,LPDDR5X,256,273.2,6144,384,48,29.71,29.71,0.46,140,12.1,5,,,TSMC,PCIe 5.0 x16,48,50.0,https://www.techpowerup.com/gpu-specs/gb10.c4342
NVIDIA,GeForce RTX 5050,GB207,Blackwell 2.0,GeForce 50,2025-07-01,2317.0,2572.0,2500.0,8.0,GDDR6,128,320.0,2560,80,20,13.17,13.17,0.21,130,12.0,5,16.9,149.0,TSMC,PCIe 5.0 x8,20,24.0,https://www.techpowerup.com/gpu-specs/geforce-rtx-5050.c4220
NVIDIA,GeForce RTX 5050 Mobile,GB207,Blackwell 2.0,GeForce 50 Mobile,2025-06-24,1020.0,1500.0,1500.0,8.0,GDDR7,128,384.0,2560,80,20,7.68,7.68,0.12,50,12.0,5,16.9,149.0,TSMC,PCIe 5.0 x16,20,32.0,https://www.techpowerup.com/gpu-specs/geforce-rtx-5050-mobile.c4239
NVIDIA,GeForce RTX 5060,GB206,Blackwell 2.0,GeForce 50,2025-05-19,2280.0,2497.0,1750.0,8.0,GDDR7,128,448.0,3840,120,30,19.18,19.18,0.3,145,12.0,5,21.9,181.0,TSMC,PCIe 5.0 x8,30,32.0,https://www.techpowerup.com/gpu-specs/geforce-rtx-5060.c4219
NVIDIA,GeForce RTX 5060 Mobile,GB206,Blackwell 2.0,GeForce 50 Mobile,2025-05-20,952.0,1455.0,1500.0,8.0,GDDR7,128,384.0,3328,104,26,9.68,9.68,0.15,45,12.0,5,21.9,181.0,TSMC,PCIe 5.0 x16,26,32.0,https://www.techpowerup.com/gpu-specs/geforce-rtx-5060-mobile.c4230
NVIDIA,GeForce RTX 5060 Ti 16 GB,GB206,Blackwell 2.0,GeForce 50,2025-04-16,2407.0,2572.0,1750.0,16.0,GDDR7,128,448.0,4608,144,36,23.7,23.7,0.37,180,12.0,5,21.9,181.0,TSMC,PCIe 5.0 x8,36,32.0,https://www.techpowerup.com/gpu-specs/geforce-rtx-5060-ti-16-gb.c4292
NVIDIA,GeForce RTX 5060 Ti 8 GB,GB206,Blackwell 2.0,GeForce 50,2025-04-16,2407.0,2572.0,1750.0,8.0,GDDR7,128,448.0,4608,144,36,23.7,23.7,0.37,180,12.0,5,21.9,181.0,TSMC,PCIe 5.0 x8,36,32.0,https://www.techpowerup.com/gpu-specs/geforce-rtx-5060-ti-8-gb.c4246
NVIDIA,GeForce RTX 5070,GB205,Blackwell 2.0,GeForce 50,2025-03-04,2325.0,2512.0,1750.0,12.0,GDDR7,192,672.0,6144,192,48,30.87,30.87,0.48,250,12.0,5,31.1,263.0,TSMC,PCIe 5.0 x16,48,48.0,https://www.techpowerup.com/gpu-specs/geforce-rtx-5070.c4218
NVIDIA,GeForce RTX 5070 Mobile,GB206,Blackwell 2.0,GeForce 50 Mobile,2025-04-01,907.0,1425.0,1500.0,8.0,GDDR7,128,384.0,4608,144,36,13.13,13.13,0.21,50,12.0,5,21.9,181.0,TSMC,PCIe 5.0 x16,36,32.0,https://www.techpowerup.com/gpu-specs/geforce-rtx-5070-mobile.c4237
NVIDIA,GeForce RTX 5070 Ti,GB203,Blackwell 2.0,GeForce 50,2025-02-20,2295.0,2452.0,1750.0,16.0,GDDR7,256,896.0,8960,280,70,43.94,43.94,0.69,300,12.0,5,45.6,378.0,TSMC,PCIe 5.0 x16,70,48.0,https://www.techpowerup.com/gpu-specs/geforce-rtx-5070-ti.c4243
NVIDIA,GeForce RTX 5070 Ti Mobile,GB205,Blackwell 2.0,GeForce 50 Mobile,2025-03-01,847.0,1447.0,1750.0,12.0,GDDR7,192,672.0,5888,184,46,17.04,17.04,0.27,60,12.0,5,31.1,263.0,TSMC,PCIe 5.0 x16,46,48.0,https://www.techpowerup.com/gpu-specs/geforce-rtx-5070-ti-mobile.c4238
NVIDIA,GeForce RTX 5080,GB203,Blackwell 2.0,GeForce 50,2025-01-30,2295.0,2617.0,1875.0,16.0,GDDR7,256,960.0,10752,336,84,56.28,56.28,0.88,360,12.0,5,45.6,378.0,TSMC,PCIe 5.0 x16,84,64.0,https://www.techpowerup.com/gpu-specs/geforce-rtx-5080.c4217
NVIDIA,GeForce RTX 5080 Mobile,GB203,Blackwell 2.0,GeForce 50 Mobile,2025-04-02,975.0,1500.0,1750.0,16.0,GDDR7,256,896.0,7680,240,60,23.04,23.04,0.36,80,12.0,5,45.6,378.0,TSMC,PCIe 5.0 x16,60,64.0,https://www.techpowerup.com/gpu-specs/geforce-rtx-5080-mobile.c4236
NVIDIA,GeForce RTX 5090,GB202,Blackwell 2.0,GeForce 50,2025-01-30,2017.0,2407.0,1750.0,32.0,GDDR7,512,1790.0,21760,680,170,104.8,104.8,1.64,575,12.0,5,92.2,750.0,TSMC,PCIe 5.0 x16,170,96.0,https://www.techpowerup.com/gpu-specs/geforce-rtx-5090.c4216
NVIDIA,GeForce RTX 5090 D,GB202,Blackwell 2.0,GeForce 50,2025-01-30,2017.0,2407.0,1750.0,32.0,GDDR7,512,1790.0,21760,680,170,104.8,104.8,1.64,575,12.0,5,92.2,750.0,TSMC,PCIe 5.0 x16,170,96.0,https://www.techpowerup.com/gpu-specs/geforce-rtx-5090-d.c4253
NVIDIA,GeForce RTX 5090 D V2,GB202,Blackwell 2.0,GeForce 50,2025-08-15,2017.0,2407.0,1750.0,24.0,GDDR7,384,1340.0,21760,680,170,104.8,104.8,1.64,575,12.0,5,92.2,750.0,TSMC,PCIe 5.0 x16,170,96.0,https://www.techpowerup.com/gpu-specs/geforce-rtx-5090-d-v2.c4310
NVIDIA,GeForce RTX 5090 Mobile,GB203,Blackwell 2.0,GeForce 50 Mobile,2025-03-27,990.0,1515.0,1750.0,24.0,GDDR7,256,896.0,10496,328,82,31.8,31.8,0.5,95,12.0,5,45.6,378.0,TSMC,PCIe 5.0 x16,82,64.0,https://www.techpowerup.com/gpu-specs/geforce-rtx-5090-mobile.c4235
NVIDIA,Jetson T4000,GB10B,Blackwell,Server Blackwell(Bxx),2025-08-27,1665.0,2525.0,1067.0,64.0,LPDDR5X,256,273.2,1536,64,12,7.76,31.03,3.88,40,11.0,3,,,TSMC,PCIe 5.0 x16,12,50.0,https://www.techpowerup.com/gpu-specs/jetson-t4000.c4369
NVIDIA,Jetson T5000,GB10B,Blackwell,Server Blackwell(Bxx),2025-08-27,1665.0,2525.0,1067.0,128.0,LPDDR5X,256,273.2,2560,96,20,12.93,51.71,6.46,40,11.0,3,,,TSMC,PCIe 5.0 x16,20,50.0,https://www.techpowerup.com/gpu-specs/jetson-t5000.c4370
NVIDIA,RTX 6000D,GB202,Blackwell 2.0,Blackwell PRO W(x000),2025-03-18,1590.0,2430.0,1750.0,84.0,GDDR7,448,1570.0,19968,624,156,97.04,97.04,1.52,600,12.0,5,92.2,750.0,TSMC,PCIe 5.0 x16,156,128.0,https://www.techpowerup.com/gpu-specs/rtx-6000d.c4363
NVIDIA,RTX PRO 2000 Blackwell,GB206,Blackwell 2.0,Blackwell PRO W(x000),2025-08-11,982.0,1957.0,1125.0,16.0,GDDR7,128,288.0,4352,136,34,17.03,17.03,0.27,70,12.0,5,21.9,181.0,TSMC,PCIe 5.0 x8,34,32.0,https://www.techpowerup.com/gpu-specs/rtx-pro-2000-blackwell.c4330
NVIDIA,RTX PRO 4000 Blackwell,GB203,Blackwell 2.0,Blackwell PRO W(x000),2025-03-18,1230.0,2055.0,1750.0,24.0,GDDR7,192,672.0,8960,280,70,36.83,36.83,0.58,140,12.0,5,45.6,378.0,TSMC,PCIe 5.0 x16,70,48.0,https://www.techpowerup.com/gpu-specs/rtx-pro-4000-blackwell.c4279
NVIDIA,RTX PRO 4000 Blackwell SFF,GB203,Blackwell 2.0,Blackwell PRO W(x000),2025-08-11,577.0,1432.0,1125.0,24.0,GDDR7,192,432.0,8960,280,70,25.66,25.66,0.4,70,12.0,5,45.6,378.0,TSMC,PCIe 5.0 x8,70,48.0,https://www.techpowerup.com/gpu-specs/rtx-pro-4000-blackwell-sff.c4329
NVIDIA,RTX PRO 4500 Blackwell,GB203,Blackwell 2.0,Blackwell PRO W(x000),2025-03-18,1635.0,2407.0,1750.0,32.0,GDDR7,256,896.0,10496,328,82,50.53,50.53,0.79,200,12.0,5,45.6,378.0,TSMC,PCIe 5.0 x16,82,64.0,https://www.techpowerup.com/gpu-specs/rtx-pro-4500-blackwell.c4278
NVIDIA,RTX PRO 5000 72 GB Blackwell,GB202,Blackwell 2.0,Blackwell PRO W(x000),2025-10-21,1740.0,2377.0,1750.0,72.0,GDDR7,384,1340.0,14080,440,110,66.94,66.94,1.05,300,12.0,5,92.2,750.0,TSMC,PCIe 5.0 x16,110,96.0,https://www.techpowerup.com/gpu-specs/rtx-pro-5000-72-gb-blackwell.c4357
NVIDIA,RTX PRO 5000 Blackwell,GB202,Blackwell 2.0,Blackwell PRO W(x000),2025-03-18,1740.0,2377.0,1750.0,48.0,GDDR7,384,1340.0,14080,440,110,66.94,66.94,1.05,300,12.0,5,92.2,750.0,TSMC,PCIe 5.0 x16,110,96.0,https://www.techpowerup.com/gpu-specs/rtx-pro-5000-blackwell.c4276
NVIDIA,RTX PRO 6000 Blackwell,GB202,Blackwell 2.0,Blackwell PRO W(x000),2025-03-18,1590.0,2617.0,1750.0,96.0,GDDR7,512,1790.0,24064,752,188,126.0,126.0,1.97,600,12.0,5,92.2,750.0,TSMC,PCIe 5.0 x16,188,128.0,https://www.techpowerup.com/gpu-specs/rtx-pro-6000-blackwell.c4272
NVIDIA,RTX PRO 6000 Blackwell Max-Q,GB202,Blackwell 2.0,Blackwell PRO W(x000),2025-03-18,1035.0,2280.0,1750.0,96.0,GDDR7,512,1790.0,24064,752,188,109.7,109.7,1.72,300,12.0,5,92.2,750.0,TSMC,PCIe 5.0 x16,188,128.0,https://www.techpowerup.com/gpu-specs/rtx-pro-6000-blackwell-max-q.c4273
NVIDIA,RTX PRO 6000 Blackwell Server,GB202,Blackwell 2.0,Server Blackwell(Bxx),2025-03-18,1590.0,2617.0,1750.0,96.0,GDDR7,512,1790.0,24064,752,188,126.0,126.0,1.97,600,12.0,5,92.2,750.0,TSMC,PCIe 5.0 x16,188,128.0,https://www.techpowerup.com/gpu-specs/rtx-pro-6000-blackwell-server.c4274
NVIDIA,RTX PRO 6000D Blackwell Max-Q,GB202,Blackwell 2.0,Blackwell PRO W(x000),2025-03-18,1590.0,2288.0,1750.0,96.0,GDDR7,512,1790.0,24064,752,188,110.1,110.1,1.72,300,12.0,5,92.2,750.0,TSMC,PCIe 5.0 x16,188,128.0,https://www.techpowerup.com/gpu-specs/rtx-pro-6000d-blackwell-max-q.c4364
NVIDIA,Switch 2 GPU,GA10B,Ampere,Console GPU(Nintendo),2025-06-05,561.0,1400.0,800.0,12.0,LPDDR5X,128,102.4,1536,48,12,4.3,8.6,2.15,40,8.7,8,,200.0,Samsung,,12,4.0,https://www.techpowerup.com/gpu-specs/switch-2-gpu.c4313
AMD,Radeon 8040S,Strix Halo,RDNA 3.5,Navi Mobile(RX 8000M),2025-01-06,1295.0,2800.0,,,System Shared,,,1024,,16,5.73,11.47,0.18,55,,4,,308.0,TSMC,PCIe 5.0 x16,,8.0,https://www.techpowerup.com/gpu-specs/radeon-8040s.c4346
AMD,Radeon 8050S,Strix Halo,RDNA 3.5,Navi Mobile(RX 8000M),2025-01-06,1295.0,2800.0,,,System Shared,,,2048,,32,11.47,22.94,0.36,55,,4,,308.0,TSMC,PCIe 5.0 x16,,8.0,https://www.techpowerup.com/gpu-specs/radeon-8050s.c4271
AMD,Radeon 8060S,Strix Halo,RDNA 3.5,Navi Mobile(RX 8000M),2025-01-06,1295.0,2900.0,,,System Shared,,,2560,,40,14.85,29.7,0.46,55,,4,,308.0,TSMC,PCIe 5.0 x16,,8.0,https://www.techpowerup.com/gpu-specs/radeon-8060s.c4270
AMD,Radeon 860M,Krackan Point,RDNA 3.5,Navi III IGP(Strix Point Mobile),2025-03-01,600.0,3000.0,,,System Shared,,,512,,8,3.07,6.14,0.19,15,,4,,,TSMC,PCIe 4.0 x8,,1.0,https://www.techpowerup.com/gpu-specs/radeon-860m.c4289
AMD,Radeon AI PRO 9600D,Navi 48,RDNA 4.0,Radeon Pro Navi(Navi IV Series),2025-12-11,1080.0,2020.0,2250.0,32.0,GDDR6,256,576.0,3072,,48,24.82,49.64,0.78,150,,4,53.9,357.0,TSMC,PCIe 5.0 x16,,8.0,https://www.techpowerup.com/gpu-specs/radeon-ai-pro-9600d.c4379
AMD,Radeon AI PRO R9700,Navi 48,RDNA 4.0,Radeon Pro Navi(Navi IV Series),2025-07-23,1660.0,2920.0,2518.0,32.0,GDDR6,256,644.6,4096,,64,47.84,95.68,1.5,300,,4,53.9,357.0,TSMC,PCIe 5.0 x16,,8.0,https://www.techpowerup.com/gpu-specs/radeon-ai-pro-r9700.c4290
AMD,Radeon AI PRO R9700S,Navi 48,RDNA 4.0,Radeon Pro Navi(Navi IV Series),2025-12-11,1660.0,2920.0,2518.0,32.0,GDDR6,256,644.6,4096,,64,47.84,95.68,1.5,300,,4,53.9,357.0,TSMC,PCIe 5.0 x16,,8.0,https://www.techpowerup.com/gpu-specs/radeon-ai-pro-r9700s.c4378
AMD,Radeon Instinct MI350X,Galaxy,CDNA 4.0,Radeon Instinct(MIx),2025-01-01,1000.0,2200.0,2000.0,288.0,HBM3e,8192,8189.999999999999,16384,,,72.09,576.7,72.09,1000,,3,,,TSMC,PCIe 5.0 x16,,16.0,https://www.techpowerup.com/gpu-specs/radeon-instinct-mi350x.c4308
AMD,Radeon Instinct MI355X,Galaxy,CDNA 4.0,Radeon Instinct(MIx),2025-01-01,1000.0,2400.0,2000.0,288.0,HBM3e,8192,8189.999999999999,16384,,,78.64,629.1,78.64,1400,,3,,,TSMC,PCIe 5.0 x16,,32.0,https://www.techpowerup.com/gpu-specs/radeon-instinct-mi355x.c4309
AMD,Radeon PRO W7900D,Navi 31,RDNA 3.0,Radeon Pro Navi(Navi III Series),2025-09-25,1327.0,2156.0,2250.0,48.0,GDDR6,384,864.0,6144,,96,52.99,106.0,1.66,295,,5,57.7,529.0,TSMC,PCIe 4.0 x16,,6.0,https://www.techpowerup.com/gpu-specs/radeon-pro-w7900d.c4361
AMD,Radeon RX 7400,Navi 33,RDNA 3.0,Navi III(RX 7000),2025-08-08,1452.0,2300.0,2250.0,8.0,GDDR6,128,288.0,1792,,28,16.49,32.97,0.52,43,,6,13.3,204.0,TSMC,PCIe 4.0 x8,,2.0,https://www.techpowerup.com/gpu-specs/radeon-rx-7400.c4328
AMD,Radeon RX 7650 GRE,Navi 33,RDNA 3.0,Navi III(RX 7000),2025-02-01,1720.0,2695.0,2250.0,8.0,GDDR6,128,288.0,2048,,32,22.08,44.15,0.69,165,,6,13.3,204.0,TSMC,PCIe 4.0 x8,,2.0,https://www.techpowerup.com/gpu-specs/radeon-rx-7650-gre.c4258
AMD,Radeon RX 7700,Navi 32,RDNA 3.0,Navi III(RX 7000),2025-09-18,1900.0,2600.0,2430.0,16.0,GDDR6,256,622.1,2560,,40,26.62,53.25,0.83,200,,5,28.1,346.0,TSMC,PCIe 4.0 x16,,2.0,https://www.techpowerup.com/gpu-specs/radeon-rx-7700.c4159
AMD,Radeon RX 9060,Navi 44,RDNA 4.0,Navi IV(RX 9000),2025-08-05,1700.0,2990.0,2518.0,8.0,GDDR6,128,322.3,1792,,28,21.43,42.86,0.67,132,,4,29.7,199.0,TSMC,PCIe 5.0 x16,,4.0,https://www.techpowerup.com/gpu-specs/radeon-rx-9060.c4326
AMD,Radeon RX 9060 XT 16 GB,Navi 44,RDNA 4.0,Navi IV(RX 9000),2025-06-04,1700.0,3130.0,2518.0,16.0,GDDR6,128,322.3,2048,,32,25.64,51.28,0.8,160,,4,29.7,199.0,TSMC,PCIe 5.0 x16,,4.0,https://www.techpowerup.com/gpu-specs/radeon-rx-9060-xt-16-gb.c4293
AMD,Radeon RX 9060 XT 8 GB,Navi 44,RDNA 4.0,Navi IV(RX 9000),2025-06-04,1700.0,3130.0,2518.0,8.0,GDDR6,128,322.3,2048,,32,25.64,51.28,0.8,150,,4,29.7,199.0,TSMC,PCIe 5.0 x16,,4.0,https://www.techpowerup.com/gpu-specs/radeon-rx-9060-xt-8-gb.c4251
AMD,Radeon RX 9070,Navi 48,RDNA 4.0,Navi IV(RX 9000),2025-03-06,1330.0,2520.0,2518.0,16.0,GDDR6,256,644.6,3584,,56,36.13,72.25,1.13,220,,4,53.9,357.0,TSMC,PCIe 5.0 x16,,8.0,https://www.techpowerup.com/gpu-specs/radeon-rx-9070.c4250
AMD,Radeon RX 9070 GRE,Navi 48,RDNA 4.0,Navi IV(RX 9000),2025-05-08,1420.0,2790.0,2250.0,12.0,GDDR6,192,432.0,3072,,48,34.28,68.57,1.07,220,,4,53.9,357.0,TSMC,PCIe 5.0 x16,,8.0,https://www.techpowerup.com/gpu-specs/radeon-rx-9070-gre.c4291
AMD,Radeon RX 9070 GRE 16 GB,Navi 48,RDNA 4.0,Navi IV(RX 9000),2025-01-01,1420.0,2790.0,2250.0,16.0,GDDR6,256,576.0,3072,,48,34.28,68.57,1.07,220,,4,53.9,357.0,TSMC,PCIe 5.0 x16,,8.0,https://www.techpowerup.com/gpu-specs/radeon-rx-9070-gre-16-gb.c4343
AMD,Radeon RX 9070 XT,Navi 48,RDNA 4.0,Navi IV(RX 9000),2025-03-06,1660.0,2970.0,2518.0,16.0,GDDR6,256,644.6,4096,,64,48.66,97.32,1.52,304,,4,53.9,357.0,TSMC,PCIe 5.0 x16,,8.0,https://www.techpowerup.com/gpu-specs/radeon-rx-9070-xt.c4229
AMD,Ryzen AI Z2 Extreme GPU,Strix Point,RDNA 3.5,Console GPU(AMD),2025-10-16,800.0,2700.0,1000.0,16.0,LPDDR5X,256,256.0,1024,,16,5.53,11.06,0.35,28,,4,34.0,233.0,TSMC,,,8.0,https://www.techpowerup.com/gpu-specs/ryzen-ai-z2-extreme-gpu.c4305
AMD,Ryzen Z2 A GPU,Van Gogh,RDNA 2.0,Console GPU(AMD),2025-01-01,1000.0,1600.0,800.0,16.0,LPDDR5,128,102.4,512,,8,1.64,3.28,0.1,15,,7,2.4,163.0,TSMC,,,1.0,https://www.techpowerup.com/gpu-specs/ryzen-z2-a-gpu.c4306
AMD,Ryzen Z2 Extreme GPU,Strix Point,RDNA 3.5,Console GPU(AMD),2025-07-09,800.0,2700.0,1000.0,16.0,LPDDR5X,128,128.0,1024,,16,5.53,11.06,0.35,28,,4,34.0,233.0,TSMC,,,8.0,https://www.techpowerup.com/gpu-specs/ryzen-z2-extreme-gpu.c4304
AMD,Ryzen Z2 Go GPU,Rembrandt+,RDNA 2.0,Console GPU(AMD),2025-01-01,800.0,2700.0,800.0,16.0,LPDDR5,128,102.4,768,,12,4.15,8.29,0.26,28,,6,13.1,208.0,TSMC,,,8.0,https://www.techpowerup.com/gpu-specs/ryzen-z2-go-gpu.c4307
AMD,Ryzen Z2 GPU,Hawk Point,RDNA 3.0,Console GPU(AMD),2025-01-01,800.0,2700.0,937.0,16.0,LPDDR5X,128,119.9,768,,12,8.29,16.59,0.52,28,,4,25.39,178.0,TSMC,,,8.0,https://www.techpowerup.com/gpu-specs/ryzen-z2-gpu.c4303
Intel,Arc 130T Mobile,Arrow Lake-H,Xe-LPG+,Arc Graphics-M(Arrow Lake),2025-01-13,300.0,2200.0,,,System Shared,,,896,,7,3.94,7.88,0.99,35,,5,,,TSMC,PCIe 4.0 x8,,4.0,https://www.techpowerup.com/gpu-specs/arc-130t-mobile.c4269
Intel,Arc 140T Mobile,Arrow Lake-H,Xe-LPG+,Arc Graphics-M(Arrow Lake),2025-01-13,300.0,2350.0,,,System Shared,,,1024,,8,4.81,9.63,1.2,35,,5,,,TSMC,PCIe 4.0 x8,,4.0,https://www.techpowerup.com/gpu-specs/arc-140t-mobile.c4268
Intel,Arc B570,BMG-G21,Xe2-HPG,Battlemage(Arc 5),2025-01-16,2500.0,2500.0,2375.0,10.0,GDDR6,160,380.0,2304,,18,11.52,23.04,1.44,150,,5,19.6,272.0,TSMC,PCIe 4.0 x8,,18.0,https://www.techpowerup.com/gpu-specs/arc-b570.c4245
Intel,Arc Pro B50,BMG-G21,Xe2-HPG,Battlemage(Pro Series),2025-09-05,1700.0,2600.0,1750.0,16.0,GDDR6,128,224.0,2048,,16,10.65,21.3,2.66,70,,5,19.6,272.0,TSMC,PCIe 5.0 x8,,4.0,https://www.techpowerup.com/gpu-specs/arc-pro-b50.c4345
Intel,Arc Pro B60,BMG-G21,Xe2-HPG,Battlemage(Pro Series),2025-09-05,2000.0,2400.0,2375.0,24.0,GDDR6,192,456.0,2560,,20,12.29,24.58,3.07,200,,5,19.6,272.0,TSMC,PCIe 5.0 x8,,4.0,https://www.techpowerup.com/gpu-specs/arc-pro-b60.c4350
Intel,Graphics 24EU Mobile,Twin Lake,Xe-LP,HD Graphics-T(Twin Lake),2025-01-01,300.0,1000.0,,,System Shared,,,192,,,0.38,0.77,,6,,10,,,Intel,Ring Bus,,,https://www.techpowerup.com/gpu-specs/graphics-24eu-mobile.c4344
